"loja_id","periodo","vendas","tratamento","pos","renda_per_capita","penetracao_internet","n_concorrentes","potencial_crescimento","efeito_verdadeiro"
1,1,84092.2735849524,0,0,2963.98710318043,0.667443169618491,3,-0.418292761410961,0
1,2,91885.9074768214,0,0,2963.98710318043,0.667443169618491,3,-0.418292761410961,0
1,3,87215.9085472947,0,0,2963.98710318043,0.667443169618491,3,-0.418292761410961,0
1,4,87925.4426147962,0,0,2963.98710318043,0.667443169618491,3,-0.418292761410961,0
1,5,88033.5186554242,0,0,2963.98710318043,0.667443169618491,3,-0.418292761410961,0
1,6,86577.29055736,0,0,2963.98710318043,0.667443169618491,3,-0.418292761410961,0
1,7,85923.5514709681,0,0,2963.98710318043,0.667443169618491,3,-0.418292761410961,0
1,8,83093.0602970994,0,0,2963.98710318043,0.667443169618491,3,-0.418292761410961,0
1,9,80474.9055740777,0,0,2963.98710318043,0.667443169618491,3,-0.418292761410961,0
1,10,82991.7967410203,0,0,2963.98710318043,0.667443169618491,3,-0.418292761410961,0
1,11,83960.003911942,0,0,2963.98710318043,0.667443169618491,3,-0.418292761410961,0
1,12,85450.8523799311,0,0,2963.98710318043,0.667443169618491,3,-0.418292761410961,0
1,13,89413.887086747,0,1,2963.98710318043,0.667443169618491,3,-0.418292761410961,0
1,14,93016.6352131456,0,1,2963.98710318043,0.667443169618491,3,-0.418292761410961,0
1,15,92176.7903559278,0,1,2963.98710318043,0.667443169618491,3,-0.418292761410961,0
1,16,92054.0268734889,0,1,2963.98710318043,0.667443169618491,3,-0.418292761410961,0
1,17,91596.3793694911,0,1,2963.98710318043,0.667443169618491,3,-0.418292761410961,0
1,18,91118.8508754872,0,1,2963.98710318043,0.667443169618491,3,-0.418292761410961,0
1,19,88271.2713267551,0,1,2963.98710318043,0.667443169618491,3,-0.418292761410961,0
1,20,88421.987690663,0,1,2963.98710318043,0.667443169618491,3,-0.418292761410961,0
1,21,87259.4452136566,0,1,2963.98710318043,0.667443169618491,3,-0.418292761410961,0
1,22,87271.4551486111,0,1,2963.98710318043,0.667443169618491,3,-0.418292761410961,0
1,23,93655.631980746,0,1,2963.98710318043,0.667443169618491,3,-0.418292761410961,0
1,24,92934.2763159157,0,1,2963.98710318043,0.667443169618491,3,-0.418292761410961,0
2,1,75592.225947217,1,0,1896.75544053348,0.831333385431208,3,0.0824197630455738,0
2,2,83123.2175213386,1,0,1896.75544053348,0.831333385431208,3,0.0824197630455738,0
2,3,81927.2923850019,1,0,1896.75544053348,0.831333385431208,3,0.0824197630455738,0
2,4,79191.0447781239,1,0,1896.75544053348,0.831333385431208,3,0.0824197630455738,0
2,5,78876.7554767531,1,0,1896.75544053348,0.831333385431208,3,0.0824197630455738,0
2,6,77093.5459517141,1,0,1896.75544053348,0.831333385431208,3,0.0824197630455738,0
2,7,76653.3063622546,1,0,1896.75544053348,0.831333385431208,3,0.0824197630455738,0
2,8,76882.3764917443,1,0,1896.75544053348,0.831333385431208,3,0.0824197630455738,0
2,9,80396.7655572627,1,0,1896.75544053348,0.831333385431208,3,0.0824197630455738,0
2,10,78877.5518412277,1,0,1896.75544053348,0.831333385431208,3,0.0824197630455738,0
2,11,78414.1124065052,1,0,1896.75544053348,0.831333385431208,3,0.0824197630455738,0
2,12,83061.0314803364,1,0,1896.75544053348,0.831333385431208,3,0.0824197630455738,0
2,13,85829.7726140303,1,1,1896.75544053348,0.831333385431208,3,0.0824197630455738,5611.04449112916
2,14,89383.6283549692,1,1,1896.75544053348,0.831333385431208,3,0.0824197630455738,5611.04449112916
2,15,88906.5006893842,1,1,1896.75544053348,0.831333385431208,3,0.0824197630455738,5611.04449112916
2,16,95568.8865731299,1,1,1896.75544053348,0.831333385431208,3,0.0824197630455738,5611.04449112916
2,17,94343.5445627518,1,1,1896.75544053348,0.831333385431208,3,0.0824197630455738,5611.04449112916
2,18,90006.5761875581,1,1,1896.75544053348,0.831333385431208,3,0.0824197630455738,5611.04449112916
2,19,88965.7771630149,1,1,1896.75544053348,0.831333385431208,3,0.0824197630455738,5611.04449112916
2,20,87780.9716449663,1,1,1896.75544053348,0.831333385431208,3,0.0824197630455738,5611.04449112916
2,21,88045.4463121076,1,1,1896.75544053348,0.831333385431208,3,0.0824197630455738,5611.04449112916
2,22,89241.0204814434,1,1,1896.75544053348,0.831333385431208,3,0.0824197630455738,5611.04449112916
2,23,89046.1965371765,1,1,1896.75544053348,0.831333385431208,3,0.0824197630455738,5611.04449112916
2,24,94008.109427929,1,1,1896.75544053348,0.831333385431208,3,0.0824197630455738,5611.04449112916
3,1,83737.7429945956,1,0,2954.39570429941,0.898726739711128,5,0.480851868325985,0
3,2,88356.8150937869,1,0,2954.39570429941,0.898726739711128,5,0.480851868325985,0
3,3,89751.1096007376,1,0,2954.39570429941,0.898726739711128,5,0.480851868325985,0
3,4,88961.0880124041,1,0,2954.39570429941,0.898726739711128,5,0.480851868325985,0
3,5,89914.0926893814,1,0,2954.39570429941,0.898726739711128,5,0.480851868325985,0
3,6,86704.0979666581,1,0,2954.39570429941,0.898726739711128,5,0.480851868325985,0
3,7,82474.5103611271,1,0,2954.39570429941,0.898726739711128,5,0.480851868325985,0
3,8,84249.2657388115,1,0,2954.39570429941,0.898726739711128,5,0.480851868325985,0
3,9,84648.8913153886,1,0,2954.39570429941,0.898726739711128,5,0.480851868325985,0
3,10,84749.4684168073,1,0,2954.39570429941,0.898726739711128,5,0.480851868325985,0
3,11,87428.5849761695,1,0,2954.39570429941,0.898726739711128,5,0.480851868325985,0
3,12,91424.8965100326,1,0,2954.39570429941,0.898726739711128,5,0.480851868325985,0
3,13,99511.0213911038,1,1,2954.39570429941,0.898726739711128,5,0.480851868325985,6274.65133157196
3,14,105888.96727384,1,1,2954.39570429941,0.898726739711128,5,0.480851868325985,6274.65133157196
3,15,100884.747057479,1,1,2954.39570429941,0.898726739711128,5,0.480851868325985,6274.65133157196
3,16,104007.531564213,1,1,2954.39570429941,0.898726739711128,5,0.480851868325985,6274.65133157196
3,17,102789.944177855,1,1,2954.39570429941,0.898726739711128,5,0.480851868325985,6274.65133157196
3,18,100966.811199421,1,1,2954.39570429941,0.898726739711128,5,0.480851868325985,6274.65133157196
3,19,100759.167532264,1,1,2954.39570429941,0.898726739711128,5,0.480851868325985,6274.65133157196
3,20,97459.3391168221,1,1,2954.39570429941,0.898726739711128,5,0.480851868325985,6274.65133157196
3,21,99343.3795922035,1,1,2954.39570429941,0.898726739711128,5,0.480851868325985,6274.65133157196
3,22,99358.8078334653,1,1,2954.39570429941,0.898726739711128,5,0.480851868325985,6274.65133157196
3,23,101339.873127935,1,1,2954.39570429941,0.898726739711128,5,0.480851868325985,6274.65133157196
3,24,104861.991106129,1,1,2954.39570429941,0.898726739711128,5,0.480851868325985,6274.65133157196
4,1,82557.7394539162,1,0,1614.29835135006,0.866340699908324,2,-0.203139671005912,0
4,2,81152.4081349757,1,0,1614.29835135006,0.866340699908324,2,-0.203139671005912,0
4,3,81876.8352558803,1,0,1614.29835135006,0.866340699908324,2,-0.203139671005912,0
4,4,81938.9194923263,1,0,1614.29835135006,0.866340699908324,2,-0.203139671005912,0
4,5,79764.4902229448,1,0,1614.29835135006,0.866340699908324,2,-0.203139671005912,0
4,6,80072.6215572014,1,0,1614.29835135006,0.866340699908324,2,-0.203139671005912,0
4,7,75422.7901552906,1,0,1614.29835135006,0.866340699908324,2,-0.203139671005912,0
4,8,76469.1207244289,1,0,1614.29835135006,0.866340699908324,2,-0.203139671005912,0
4,9,69825.8483290659,1,0,1614.29835135006,0.866340699908324,2,-0.203139671005912,0
4,10,75743.5749369188,1,0,1614.29835135006,0.866340699908324,2,-0.203139671005912,0
4,11,75090.2853722635,1,0,1614.29835135006,0.866340699908324,2,-0.203139671005912,0
4,12,79802.0274701663,1,0,1614.29835135006,0.866340699908324,2,-0.203139671005912,0
4,13,92766.6935700317,1,1,1614.29835135006,0.866340699908324,2,-0.203139671005912,5539.83057549168
4,14,93321.7282040983,1,1,1614.29835135006,0.866340699908324,2,-0.203139671005912,5539.83057549168
4,15,93853.136515061,1,1,1614.29835135006,0.866340699908324,2,-0.203139671005912,5539.83057549168
4,16,93897.4708364502,1,1,1614.29835135006,0.866340699908324,2,-0.203139671005912,5539.83057549168
4,17,89535.009431507,1,1,1614.29835135006,0.866340699908324,2,-0.203139671005912,5539.83057549168
4,18,88370.2153304742,1,1,1614.29835135006,0.866340699908324,2,-0.203139671005912,5539.83057549168
4,19,83083.8009279289,1,1,1614.29835135006,0.866340699908324,2,-0.203139671005912,5539.83057549168
4,20,87224.4360464975,1,1,1614.29835135006,0.866340699908324,2,-0.203139671005912,5539.83057549168
4,21,85847.2668444447,1,1,1614.29835135006,0.866340699908324,2,-0.203139671005912,5539.83057549168
4,22,88716.6248814298,1,1,1614.29835135006,0.866340699908324,2,-0.203139671005912,5539.83057549168
4,23,88217.2699353847,1,1,1614.29835135006,0.866340699908324,2,-0.203139671005912,5539.83057549168
4,24,89101.402322822,1,1,1614.29835135006,0.866340699908324,2,-0.203139671005912,5539.83057549168
5,1,86329.9747192629,1,0,2894.01329181974,0.821126049698796,3,0.313998481750749,0
5,2,92170.400134792,1,0,2894.01329181974,0.821126049698796,3,0.313998481750749,0
5,3,90039.5594163477,1,0,2894.01329181974,0.821126049698796,3,0.313998481750749,0
5,4,92808.3458772846,1,0,2894.01329181974,0.821126049698796,3,0.313998481750749,0
5,5,90567.7899968617,1,0,2894.01329181974,0.821126049698796,3,0.313998481750749,0
5,6,89987.0150337118,1,0,2894.01329181974,0.821126049698796,3,0.313998481750749,0
5,7,83866.6934679622,1,0,2894.01329181974,0.821126049698796,3,0.313998481750749,0
5,8,83760.160466236,1,0,2894.01329181974,0.821126049698796,3,0.313998481750749,0
5,9,86569.7093964826,1,0,2894.01329181974,0.821126049698796,3,0.313998481750749,0
5,10,91345.7555724645,1,0,2894.01329181974,0.821126049698796,3,0.313998481750749,0
5,11,94879.3819776946,1,0,2894.01329181974,0.821126049698796,3,0.313998481750749,0
5,12,91727.9369921988,1,0,2894.01329181974,0.821126049698796,3,0.313998481750749,0
5,13,102768.798233671,1,1,2894.01329181974,0.821126049698796,3,0.313998481750749,6089.25874530746
5,14,101755.38580378,1,1,2894.01329181974,0.821126049698796,3,0.313998481750749,6089.25874530746
5,15,105479.733361691,1,1,2894.01329181974,0.821126049698796,3,0.313998481750749,6089.25874530746
5,16,105401.343852234,1,1,2894.01329181974,0.821126049698796,3,0.313998481750749,6089.25874530746
5,17,102120.071173043,1,1,2894.01329181974,0.821126049698796,3,0.313998481750749,6089.25874530746
5,18,102679.870599195,1,1,2894.01329181974,0.821126049698796,3,0.313998481750749,6089.25874530746
5,19,101009.285021201,1,1,2894.01329181974,0.821126049698796,3,0.313998481750749,6089.25874530746
5,20,99588.121150097,1,1,2894.01329181974,0.821126049698796,3,0.313998481750749,6089.25874530746
5,21,100701.975301963,1,1,2894.01329181974,0.821126049698796,3,0.313998481750749,6089.25874530746
5,22,102760.51189647,1,1,2894.01329181974,0.821126049698796,3,0.313998481750749,6089.25874530746
5,23,101516.690101153,1,1,2894.01329181974,0.821126049698796,3,0.313998481750749,6089.25874530746
5,24,102146.919756513,1,1,2894.01329181974,0.821126049698796,3,0.313998481750749,6089.25874530746
6,1,92146.2692777372,0,0,3609.01928294355,0.563224334153347,2,-0.243814267414699,0
6,2,96707.0012602711,0,0,3609.01928294355,0.563224334153347,2,-0.243814267414699,0
6,3,96958.6282052563,0,0,3609.01928294355,0.563224334153347,2,-0.243814267414699,0
6,4,100414.545245363,0,0,3609.01928294355,0.563224334153347,2,-0.243814267414699,0
6,5,93160.1425143883,0,0,3609.01928294355,0.563224334153347,2,-0.243814267414699,0
6,6,94407.6457609818,0,0,3609.01928294355,0.563224334153347,2,-0.243814267414699,0
6,7,88201.6070974269,0,0,3609.01928294355,0.563224334153347,2,-0.243814267414699,0
6,8,88752.0354237482,0,0,3609.01928294355,0.563224334153347,2,-0.243814267414699,0
6,9,87102.7751984239,0,0,3609.01928294355,0.563224334153347,2,-0.243814267414699,0
6,10,92386.9678407327,0,0,3609.01928294355,0.563224334153347,2,-0.243814267414699,0
6,11,94063.4921653547,0,0,3609.01928294355,0.563224334153347,2,-0.243814267414699,0
6,12,95911.3145051454,0,0,3609.01928294355,0.563224334153347,2,-0.243814267414699,0
6,13,96357.9033645488,0,1,3609.01928294355,0.563224334153347,2,-0.243814267414699,0
6,14,100171.274126766,0,1,3609.01928294355,0.563224334153347,2,-0.243814267414699,0
6,15,101280.170014321,0,1,3609.01928294355,0.563224334153347,2,-0.243814267414699,0
6,16,103264.722838353,0,1,3609.01928294355,0.563224334153347,2,-0.243814267414699,0
6,17,96614.635602371,0,1,3609.01928294355,0.563224334153347,2,-0.243814267414699,0
6,18,98637.7956637728,0,1,3609.01928294355,0.563224334153347,2,-0.243814267414699,0
6,19,96904.0736932171,0,1,3609.01928294355,0.563224334153347,2,-0.243814267414699,0
6,20,91704.1388740239,0,1,3609.01928294355,0.563224334153347,2,-0.243814267414699,0
6,21,94820.0596369577,0,1,3609.01928294355,0.563224334153347,2,-0.243814267414699,0
6,22,97325.2112650275,0,1,3609.01928294355,0.563224334153347,2,-0.243814267414699,0
6,23,96906.1434750676,0,1,3609.01928294355,0.563224334153347,2,-0.243814267414699,0
6,24,100866.430909963,0,1,3609.01928294355,0.563224334153347,2,-0.243814267414699,0
7,1,88414.7252775028,1,0,2957.35974282146,0.702571708522737,3,0.0481380819328178,0
7,2,86646.0640354042,1,0,2957.35974282146,0.702571708522737,3,0.0481380819328178,0
7,3,90476.7109540893,1,0,2957.35974282146,0.702571708522737,3,0.0481380819328178,0
7,4,88194.6813370376,1,0,2957.35974282146,0.702571708522737,3,0.0481380819328178,0
7,5,86385.1693030765,1,0,2957.35974282146,0.702571708522737,3,0.0481380819328178,0
7,6,90744.2495866877,1,0,2957.35974282146,0.702571708522737,3,0.0481380819328178,0
7,7,84850.9892246014,1,0,2957.35974282146,0.702571708522737,3,0.0481380819328178,0
7,8,84567.4410593676,1,0,2957.35974282146,0.702571708522737,3,0.0481380819328178,0
7,9,83031.0463309831,1,0,2957.35974282146,0.702571708522737,3,0.0481380819328178,0
7,10,88176.232963474,1,0,2957.35974282146,0.702571708522737,3,0.0481380819328178,0
7,11,89925.8466440327,1,0,2957.35974282146,0.702571708522737,3,0.0481380819328178,0
7,12,87387.7783574269,1,0,2957.35974282146,0.702571708522737,3,0.0481380819328178,0
7,13,98240.4623484651,1,1,2957.35974282146,0.702571708522737,3,0.0481380819328178,5883.8232884562
7,14,103617.306910608,1,1,2957.35974282146,0.702571708522737,3,0.0481380819328178,5883.8232884562
7,15,105316.492148028,1,1,2957.35974282146,0.702571708522737,3,0.0481380819328178,5883.8232884562
7,16,99883.3236818521,1,1,2957.35974282146,0.702571708522737,3,0.0481380819328178,5883.8232884562
7,17,103402.050537159,1,1,2957.35974282146,0.702571708522737,3,0.0481380819328178,5883.8232884562
7,18,95263.5826976272,1,1,2957.35974282146,0.702571708522737,3,0.0481380819328178,5883.8232884562
7,19,99044.3578823945,1,1,2957.35974282146,0.702571708522737,3,0.0481380819328178,5883.8232884562
7,20,93544.7651932742,1,1,2957.35974282146,0.702571708522737,3,0.0481380819328178,5883.8232884562
7,21,94924.4887908965,1,1,2957.35974282146,0.702571708522737,3,0.0481380819328178,5883.8232884562
7,22,95238.4313164907,1,1,2957.35974282146,0.702571708522737,3,0.0481380819328178,5883.8232884562
7,23,97394.0045766391,1,1,2957.35974282146,0.702571708522737,3,0.0481380819328178,5883.8232884562
7,24,101531.280605864,1,1,2957.35974282146,0.702571708522737,3,0.0481380819328178,5883.8232884562
8,1,75022.8692382256,1,0,2426.19811556557,0.511164095089771,5,-0.975644319056023,0
8,2,77731.7893733488,1,0,2426.19811556557,0.511164095089771,5,-0.975644319056023,0
8,3,79686.7631258592,1,0,2426.19811556557,0.511164095089771,5,-0.975644319056023,0
8,4,74351.5872062907,1,0,2426.19811556557,0.511164095089771,5,-0.975644319056023,0
8,5,74021.0593296896,1,0,2426.19811556557,0.511164095089771,5,-0.975644319056023,0
8,6,74056.910676228,1,0,2426.19811556557,0.511164095089771,5,-0.975644319056023,0
8,7,70542.2892330087,1,0,2426.19811556557,0.511164095089771,5,-0.975644319056023,0
8,8,65910.365919231,1,0,2426.19811556557,0.511164095089771,5,-0.975644319056023,0
8,9,66667.1749668602,1,0,2426.19811556557,0.511164095089771,5,-0.975644319056023,0
8,10,70916.944588996,1,0,2426.19811556557,0.511164095089771,5,-0.975644319056023,0
8,11,72056.2462607086,1,0,2426.19811556557,0.511164095089771,5,-0.975644319056023,0
8,12,73196.0776910136,1,0,2426.19811556557,0.511164095089771,5,-0.975644319056023,0
8,13,83687.0291499631,1,1,2426.19811556557,0.511164095089771,5,-0.975644319056023,5235.42724796233
8,14,81619.2687770072,1,1,2426.19811556557,0.511164095089771,5,-0.975644319056023,5235.42724796233
8,15,87720.8439888701,1,1,2426.19811556557,0.511164095089771,5,-0.975644319056023,5235.42724796233
8,16,89793.1453826595,1,1,2426.19811556557,0.511164095089771,5,-0.975644319056023,5235.42724796233
8,17,80029.790937815,1,1,2426.19811556557,0.511164095089771,5,-0.975644319056023,5235.42724796233
8,18,79131.8767422989,1,1,2426.19811556557,0.511164095089771,5,-0.975644319056023,5235.42724796233
8,19,79175.4076593477,1,1,2426.19811556557,0.511164095089771,5,-0.975644319056023,5235.42724796233
8,20,75157.3728611656,1,1,2426.19811556557,0.511164095089771,5,-0.975644319056023,5235.42724796233
8,21,79994.9144763175,1,1,2426.19811556557,0.511164095089771,5,-0.975644319056023,5235.42724796233
8,22,79960.8499850225,1,1,2426.19811556557,0.511164095089771,5,-0.975644319056023,5235.42724796233
8,23,76146.0696625966,1,1,2426.19811556557,0.511164095089771,5,-0.975644319056023,5235.42724796233
8,24,80725.6054420374,1,1,2426.19811556557,0.511164095089771,5,-0.975644319056023,5235.42724796233
9,1,80394.9935306274,0,0,1919.81415703076,0.671124600293115,1,-0.834356122428723,0
9,2,82569.8034399783,0,0,1919.81415703076,0.671124600293115,1,-0.834356122428723,0
9,3,88197.3507597212,0,0,1919.81415703076,0.671124600293115,1,-0.834356122428723,0
9,4,79923.4538760716,0,0,1919.81415703076,0.671124600293115,1,-0.834356122428723,0
9,5,83145.3466554253,0,0,1919.81415703076,0.671124600293115,1,-0.834356122428723,0
9,6,75883.3998179307,0,0,1919.81415703076,0.671124600293115,1,-0.834356122428723,0
9,7,77957.39463862,0,0,1919.81415703076,0.671124600293115,1,-0.834356122428723,0
9,8,74557.0303556407,0,0,1919.81415703076,0.671124600293115,1,-0.834356122428723,0
9,9,75402.6683118852,0,0,1919.81415703076,0.671124600293115,1,-0.834356122428723,0
9,10,71978.9325939729,0,0,1919.81415703076,0.671124600293115,1,-0.834356122428723,0
9,11,80431.5366984544,0,0,1919.81415703076,0.671124600293115,1,-0.834356122428723,0
9,12,77961.0849561952,0,0,1919.81415703076,0.671124600293115,1,-0.834356122428723,0
9,13,81584.6264996551,0,1,1919.81415703076,0.671124600293115,1,-0.834356122428723,0
9,14,84986.9769566956,0,1,1919.81415703076,0.671124600293115,1,-0.834356122428723,0
9,15,86237.6617239865,0,1,1919.81415703076,0.671124600293115,1,-0.834356122428723,0
9,16,85419.7607921417,0,1,1919.81415703076,0.671124600293115,1,-0.834356122428723,0
9,17,81730.2553570079,0,1,1919.81415703076,0.671124600293115,1,-0.834356122428723,0
9,18,82173.9501363065,0,1,1919.81415703076,0.671124600293115,1,-0.834356122428723,0
9,19,78961.8258283777,0,1,1919.81415703076,0.671124600293115,1,-0.834356122428723,0
9,20,78215.8596702508,0,1,1919.81415703076,0.671124600293115,1,-0.834356122428723,0
9,21,76124.7408692037,0,1,1919.81415703076,0.671124600293115,1,-0.834356122428723,0
9,22,80385.3809733526,0,1,1919.81415703076,0.671124600293115,1,-0.834356122428723,0
9,23,81769.8149481616,0,1,1919.81415703076,0.671124600293115,1,-0.834356122428723,0
9,24,83923.3258594428,0,1,1919.81415703076,0.671124600293115,1,-0.834356122428723,0
10,1,85346.0302174311,0,0,2187.36017374456,0.72877209604485,0,-0.44065135846026,0
10,2,90765.6529357155,0,0,2187.36017374456,0.72877209604485,0,-0.44065135846026,0
10,3,88345.6226658102,0,0,2187.36017374456,0.72877209604485,0,-0.44065135846026,0
10,4,87889.1359057901,0,0,2187.36017374456,0.72877209604485,0,-0.44065135846026,0
10,5,89428.877374157,0,0,2187.36017374456,0.72877209604485,0,-0.44065135846026,0
10,6,82116.2351600817,0,0,2187.36017374456,0.72877209604485,0,-0.44065135846026,0
10,7,82255.0123515258,0,0,2187.36017374456,0.72877209604485,0,-0.44065135846026,0
10,8,78379.910616951,0,0,2187.36017374456,0.72877209604485,0,-0.44065135846026,0
10,9,81829.9541441724,0,0,2187.36017374456,0.72877209604485,0,-0.44065135846026,0
10,10,83898.0865738571,0,0,2187.36017374456,0.72877209604485,0,-0.44065135846026,0
10,11,86963.8880655912,0,0,2187.36017374456,0.72877209604485,0,-0.44065135846026,0
10,12,88010.8526025372,0,0,2187.36017374456,0.72877209604485,0,-0.44065135846026,0
10,13,87877.0440885838,0,1,2187.36017374456,0.72877209604485,0,-0.44065135846026,0
10,14,90638.3850450273,0,1,2187.36017374456,0.72877209604485,0,-0.44065135846026,0
10,15,93331.4099618091,0,1,2187.36017374456,0.72877209604485,0,-0.44065135846026,0
10,16,94689.7150031607,0,1,2187.36017374456,0.72877209604485,0,-0.44065135846026,0
10,17,95113.9862140273,0,1,2187.36017374456,0.72877209604485,0,-0.44065135846026,0
10,18,91694.2359868995,0,1,2187.36017374456,0.72877209604485,0,-0.44065135846026,0
10,19,87188.4425493969,0,1,2187.36017374456,0.72877209604485,0,-0.44065135846026,0
10,20,82402.3611750268,0,1,2187.36017374456,0.72877209604485,0,-0.44065135846026,0
10,21,81752.3747794202,0,1,2187.36017374456,0.72877209604485,0,-0.44065135846026,0
10,22,84679.9712134867,0,1,2187.36017374456,0.72877209604485,0,-0.44065135846026,0
10,23,88365.4839647397,0,1,2187.36017374456,0.72877209604485,0,-0.44065135846026,0
10,24,90485.4569766238,0,1,2187.36017374456,0.72877209604485,0,-0.44065135846026,0
11,1,97470.7306747729,1,0,4249.75810934484,0.519394770707004,2,-0.402310224793185,0
11,2,99885.1824997164,1,0,4249.75810934484,0.519394770707004,2,-0.402310224793185,0
11,3,102053.919016908,1,0,4249.75810934484,0.519394770707004,2,-0.402310224793185,0
11,4,101752.259437257,1,0,4249.75810934484,0.519394770707004,2,-0.402310224793185,0
11,5,97843.2876786673,1,0,4249.75810934484,0.519394770707004,2,-0.402310224793185,0
11,6,100163.961729595,1,0,4249.75810934484,0.519394770707004,2,-0.402310224793185,0
11,7,93923.323955057,1,0,4249.75810934484,0.519394770707004,2,-0.402310224793185,0
11,8,92550.1722521618,1,0,4249.75810934484,0.519394770707004,2,-0.402310224793185,0
11,9,96310.9265768472,1,0,4249.75810934484,0.519394770707004,2,-0.402310224793185,0
11,10,98930.3043538172,1,0,4249.75810934484,0.519394770707004,2,-0.402310224793185,0
11,11,102047.608287952,1,0,4249.75810934484,0.519394770707004,2,-0.402310224793185,0
11,12,101223.083145082,1,0,4249.75810934484,0.519394770707004,2,-0.402310224793185,0
11,13,109435.011810987,1,1,4249.75810934484,0.519394770707004,2,-0.402310224793185,6163.66859608643
11,14,109076.355209692,1,1,4249.75810934484,0.519394770707004,2,-0.402310224793185,6163.66859608643
11,15,113574.700548041,1,1,4249.75810934484,0.519394770707004,2,-0.402310224793185,6163.66859608643
11,16,110650.135572109,1,1,4249.75810934484,0.519394770707004,2,-0.402310224793185,6163.66859608643
11,17,110815.306906403,1,1,4249.75810934484,0.519394770707004,2,-0.402310224793185,6163.66859608643
11,18,108986.772261827,1,1,4249.75810934484,0.519394770707004,2,-0.402310224793185,6163.66859608643
11,19,107605.899215596,1,1,4249.75810934484,0.519394770707004,2,-0.402310224793185,6163.66859608643
11,20,103075.403305602,1,1,4249.75810934484,0.519394770707004,2,-0.402310224793185,6163.66859608643
11,21,107019.026558378,1,1,4249.75810934484,0.519394770707004,2,-0.402310224793185,6163.66859608643
11,22,106215.697769882,1,1,4249.75810934484,0.519394770707004,2,-0.402310224793185,6163.66859608643
11,23,112398.887939446,1,1,4249.75810934484,0.519394770707004,2,-0.402310224793185,6163.66859608643
11,24,113870.966625109,1,1,4249.75810934484,0.519394770707004,2,-0.402310224793185,6163.66859608643
12,1,85690.1029891622,0,0,2191.89539940121,0.699925008707214,1,-0.56183409323303,0
12,2,88608.5555637012,0,0,2191.89539940121,0.699925008707214,1,-0.56183409323303,0
12,3,88009.2686906025,0,0,2191.89539940121,0.699925008707214,1,-0.56183409323303,0
12,4,87544.2905444402,0,0,2191.89539940121,0.699925008707214,1,-0.56183409323303,0
12,5,84357.4317469021,0,0,2191.89539940121,0.699925008707214,1,-0.56183409323303,0
12,6,80946.9427305579,0,0,2191.89539940121,0.699925008707214,1,-0.56183409323303,0
12,7,78578.1077567382,0,0,2191.89539940121,0.699925008707214,1,-0.56183409323303,0
12,8,77076.6782102225,0,0,2191.89539940121,0.699925008707214,1,-0.56183409323303,0
12,9,76624.2271410941,0,0,2191.89539940121,0.699925008707214,1,-0.56183409323303,0
12,10,78014.0060178741,0,0,2191.89539940121,0.699925008707214,1,-0.56183409323303,0
12,11,77851.4891338748,0,0,2191.89539940121,0.699925008707214,1,-0.56183409323303,0
12,12,86068.0874345643,0,0,2191.89539940121,0.699925008707214,1,-0.56183409323303,0
12,13,89374.7458268049,0,1,2191.89539940121,0.699925008707214,1,-0.56183409323303,0
12,14,90367.7855717205,0,1,2191.89539940121,0.699925008707214,1,-0.56183409323303,0
12,15,92087.4713555824,0,1,2191.89539940121,0.699925008707214,1,-0.56183409323303,0
12,16,89822.9773429024,0,1,2191.89539940121,0.699925008707214,1,-0.56183409323303,0
12,17,86370.0687521715,0,1,2191.89539940121,0.699925008707214,1,-0.56183409323303,0
12,18,88767.2801476934,0,1,2191.89539940121,0.699925008707214,1,-0.56183409323303,0
12,19,84203.2636872212,0,1,2191.89539940121,0.699925008707214,1,-0.56183409323303,0
12,20,84710.1426743132,0,1,2191.89539940121,0.699925008707214,1,-0.56183409323303,0
12,21,83824.5403338451,0,1,2191.89539940121,0.699925008707214,1,-0.56183409323303,0
12,22,85022.6347202398,0,1,2191.89539940121,0.699925008707214,1,-0.56183409323303,0
12,23,83928.2089856367,0,1,2191.89539940121,0.699925008707214,1,-0.56183409323303,0
12,24,86810.4876897293,0,1,2191.89539940121,0.699925008707214,1,-0.56183409323303,0
13,1,85586.9926626824,1,0,2921.12597784705,0.740834296343382,3,0.200385037045553,0
13,2,92945.5990314535,1,0,2921.12597784705,0.740834296343382,3,0.200385037045553,0
13,3,89460.6365955398,1,0,2921.12597784705,0.740834296343382,3,0.200385037045553,0
13,4,92861.1451616906,1,0,2921.12597784705,0.740834296343382,3,0.200385037045553,0
13,5,92783.3740314768,1,0,2921.12597784705,0.740834296343382,3,0.200385037045553,0
13,6,82988.2870544187,1,0,2921.12597784705,0.740834296343382,3,0.200385037045553,0
13,7,84450.1174865308,1,0,2921.12597784705,0.740834296343382,3,0.200385037045553,0
13,8,84219.6042120331,1,0,2921.12597784705,0.740834296343382,3,0.200385037045553,0
13,9,84463.6799291873,1,0,2921.12597784705,0.740834296343382,3,0.200385037045553,0
13,10,82641.605648673,1,0,2921.12597784705,0.740834296343382,3,0.200385037045553,0
13,11,87957.3237413449,1,0,2921.12597784705,0.740834296343382,3,0.200385037045553,0
13,12,92219.5033702232,1,0,2921.12597784705,0.740834296343382,3,0.200385037045553,0
13,13,102084.409706323,1,1,2921.12597784705,0.740834296343382,3,0.200385037045553,5942.23158161029
13,14,105172.485223813,1,1,2921.12597784705,0.740834296343382,3,0.200385037045553,5942.23158161029
13,15,101202.44621021,1,1,2921.12597784705,0.740834296343382,3,0.200385037045553,5942.23158161029
13,16,102881.659838859,1,1,2921.12597784705,0.740834296343382,3,0.200385037045553,5942.23158161029
13,17,100897.788684876,1,1,2921.12597784705,0.740834296343382,3,0.200385037045553,5942.23158161029
13,18,94156.4729631605,1,1,2921.12597784705,0.740834296343382,3,0.200385037045553,5942.23158161029
13,19,97616.8624507818,1,1,2921.12597784705,0.740834296343382,3,0.200385037045553,5942.23158161029
13,20,97801.693448188,1,1,2921.12597784705,0.740834296343382,3,0.200385037045553,5942.23158161029
13,21,99787.1701198396,1,1,2921.12597784705,0.740834296343382,3,0.200385037045553,5942.23158161029
13,22,99452.5124264669,1,1,2921.12597784705,0.740834296343382,3,0.200385037045553,5942.23158161029
13,23,98944.8078518025,1,1,2921.12597784705,0.740834296343382,3,0.200385037045553,5942.23158161029
13,24,105296.40042547,1,1,2921.12597784705,0.740834296343382,3,0.200385037045553,5942.23158161029
14,1,82374.7043776527,0,0,2168.60087761596,0.632142631860916,1,-0.738436055015574,0
14,2,83305.5917922915,0,0,2168.60087761596,0.632142631860916,1,-0.738436055015574,0
14,3,80919.4540932191,0,0,2168.60087761596,0.632142631860916,1,-0.738436055015574,0
14,4,86770.248668898,0,0,2168.60087761596,0.632142631860916,1,-0.738436055015574,0
14,5,84447.4218160913,0,0,2168.60087761596,0.632142631860916,1,-0.738436055015574,0
14,6,78661.7819383793,0,0,2168.60087761596,0.632142631860916,1,-0.738436055015574,0
14,7,79874.8179365361,0,0,2168.60087761596,0.632142631860916,1,-0.738436055015574,0
14,8,75865.2244935937,0,0,2168.60087761596,0.632142631860916,1,-0.738436055015574,0
14,9,76991.1115405261,0,0,2168.60087761596,0.632142631860916,1,-0.738436055015574,0
14,10,77096.6598803173,0,0,2168.60087761596,0.632142631860916,1,-0.738436055015574,0
14,11,80443.3535784296,0,0,2168.60087761596,0.632142631860916,1,-0.738436055015574,0
14,12,80153.1569967558,0,0,2168.60087761596,0.632142631860916,1,-0.738436055015574,0
14,13,85632.9753348009,0,1,2168.60087761596,0.632142631860916,1,-0.738436055015574,0
14,14,85550.4278381438,0,1,2168.60087761596,0.632142631860916,1,-0.738436055015574,0
14,15,88302.2657467055,0,1,2168.60087761596,0.632142631860916,1,-0.738436055015574,0
14,16,87948.3062779748,0,1,2168.60087761596,0.632142631860916,1,-0.738436055015574,0
14,17,84495.1489188139,0,1,2168.60087761596,0.632142631860916,1,-0.738436055015574,0
14,18,82712.525353759,0,1,2168.60087761596,0.632142631860916,1,-0.738436055015574,0
14,19,84355.7156083451,0,1,2168.60087761596,0.632142631860916,1,-0.738436055015574,0
14,20,83081.9810001581,0,1,2168.60087761596,0.632142631860916,1,-0.738436055015574,0
14,21,81486.0361563971,0,1,2168.60087761596,0.632142631860916,1,-0.738436055015574,0
14,22,81144.7737267194,0,1,2168.60087761596,0.632142631860916,1,-0.738436055015574,0
14,23,86366.4342045904,0,1,2168.60087761596,0.632142631860916,1,-0.738436055015574,0
14,24,85862.3070472883,0,1,2168.60087761596,0.632142631860916,1,-0.738436055015574,0
15,1,92546.1139646781,1,0,3750.43888239192,0.692832953343168,5,0.0696162716383958,0
15,2,91003.3062272857,1,0,3750.43888239192,0.692832953343168,5,0.0696162716383958,0
15,3,96858.828707482,1,0,3750.43888239192,0.692832953343168,5,0.0696162716383958,0
15,4,94537.2321405093,1,0,3750.43888239192,0.692832953343168,5,0.0696162716383958,0
15,5,93057.1428770625,1,0,3750.43888239192,0.692832953343168,5,0.0696162716383958,0
15,6,94735.199530904,1,0,3750.43888239192,0.692832953343168,5,0.0696162716383958,0
15,7,88170.0780623915,1,0,3750.43888239192,0.692832953343168,5,0.0696162716383958,0
15,8,87086.2137665476,1,0,3750.43888239192,0.692832953343168,5,0.0696162716383958,0
15,9,91424.1251300663,1,0,3750.43888239192,0.692832953343168,5,0.0696162716383958,0
15,10,87028.9781028749,1,0,3750.43888239192,0.692832953343168,5,0.0696162716383958,0
15,11,98864.2668501285,1,0,3750.43888239192,0.692832953343168,5,0.0696162716383958,0
15,12,93581.8995868535,1,0,3750.43888239192,0.692832953343168,5,0.0696162716383958,0
15,13,100064.714455679,1,1,3750.43888239192,0.692832953343168,5,0.0696162716383958,6260.88534788229
15,14,105549.564302807,1,1,3750.43888239192,0.692832953343168,5,0.0696162716383958,6260.88534788229
15,15,108849.010380352,1,1,3750.43888239192,0.692832953343168,5,0.0696162716383958,6260.88534788229
15,16,105449.23966297,1,1,3750.43888239192,0.692832953343168,5,0.0696162716383958,6260.88534788229
15,17,102410.820609589,1,1,3750.43888239192,0.692832953343168,5,0.0696162716383958,6260.88534788229
15,18,107891.466175125,1,1,3750.43888239192,0.692832953343168,5,0.0696162716383958,6260.88534788229
15,19,101919.573996761,1,1,3750.43888239192,0.692832953343168,5,0.0696162716383958,6260.88534788229
15,20,98345.4436092271,1,1,3750.43888239192,0.692832953343168,5,0.0696162716383958,6260.88534788229
15,21,100072.708433012,1,1,3750.43888239192,0.692832953343168,5,0.0696162716383958,6260.88534788229
15,22,103248.840791698,1,1,3750.43888239192,0.692832953343168,5,0.0696162716383958,6260.88534788229
15,23,97851.329914512,1,1,3750.43888239192,0.692832953343168,5,0.0696162716383958,6260.88534788229
15,24,105012.178039844,1,1,3750.43888239192,0.692832953343168,5,0.0696162716383958,6260.88534788229
16,1,83733.4107596959,0,0,2452.48360656847,0.802710154943634,2,-0.211253307166196,0
16,2,86500.5639863371,0,0,2452.48360656847,0.802710154943634,2,-0.211253307166196,0
16,3,87617.4863003492,0,0,2452.48360656847,0.802710154943634,2,-0.211253307166196,0
16,4,91573.3949721749,0,0,2452.48360656847,0.802710154943634,2,-0.211253307166196,0
16,5,86581.7887095033,0,0,2452.48360656847,0.802710154943634,2,-0.211253307166196,0
16,6,86429.5677076087,0,0,2452.48360656847,0.802710154943634,2,-0.211253307166196,0
16,7,85518.2044884543,0,0,2452.48360656847,0.802710154943634,2,-0.211253307166196,0
16,8,79066.8298452282,0,0,2452.48360656847,0.802710154943634,2,-0.211253307166196,0
16,9,80904.3597006576,0,0,2452.48360656847,0.802710154943634,2,-0.211253307166196,0
16,10,81466.4947927444,0,0,2452.48360656847,0.802710154943634,2,-0.211253307166196,0
16,11,87976.2810944734,0,0,2452.48360656847,0.802710154943634,2,-0.211253307166196,0
16,12,87668.6820039753,0,0,2452.48360656847,0.802710154943634,2,-0.211253307166196,0
16,13,92593.1365818311,0,1,2452.48360656847,0.802710154943634,2,-0.211253307166196,0
16,14,93704.1299964201,0,1,2452.48360656847,0.802710154943634,2,-0.211253307166196,0
16,15,93386.9540057289,0,1,2452.48360656847,0.802710154943634,2,-0.211253307166196,0
16,16,92741.409179587,0,1,2452.48360656847,0.802710154943634,2,-0.211253307166196,0
16,17,93208.4628320886,0,1,2452.48360656847,0.802710154943634,2,-0.211253307166196,0
16,18,91229.5780749197,0,1,2452.48360656847,0.802710154943634,2,-0.211253307166196,0
16,19,85201.0463576822,0,1,2452.48360656847,0.802710154943634,2,-0.211253307166196,0
16,20,87235.2367243511,0,1,2452.48360656847,0.802710154943634,2,-0.211253307166196,0
16,21,87780.0089485781,0,1,2452.48360656847,0.802710154943634,2,-0.211253307166196,0
16,22,86273.9202511236,0,1,2452.48360656847,0.802710154943634,2,-0.211253307166196,0
16,23,89237.9492581317,0,1,2452.48360656847,0.802710154943634,2,-0.211253307166196,0
16,24,93810.6609216312,0,1,2452.48360656847,0.802710154943634,2,-0.211253307166196,0
17,1,78198.9014116041,1,0,1467.29970891151,0.770546392211691,1,-0.314767461632149,0
17,2,81196.9728312207,1,0,1467.29970891151,0.770546392211691,1,-0.314767461632149,0
17,3,82224.2984771871,1,0,1467.29970891151,0.770546392211691,1,-0.314767461632149,0
17,4,80082.5627307826,1,0,1467.29970891151,0.770546392211691,1,-0.314767461632149,0
17,5,81836.5966519668,1,0,1467.29970891151,0.770546392211691,1,-0.314767461632149,0
17,6,74712.3376716433,1,0,1467.29970891151,0.770546392211691,1,-0.314767461632149,0
17,7,75601.1929295514,1,0,1467.29970891151,0.770546392211691,1,-0.314767461632149,0
17,8,71775.7306634036,1,0,1467.29970891151,0.770546392211691,1,-0.314767461632149,0
17,9,72186.5692929202,1,0,1467.29970891151,0.770546392211691,1,-0.314767461632149,0
17,10,69911.2467167615,1,0,1467.29970891151,0.770546392211691,1,-0.314767461632149,0
17,11,76518.7859756677,1,0,1467.29970891151,0.770546392211691,1,-0.314767461632149,0
17,12,73660.0454436349,1,0,1467.29970891151,0.770546392211691,1,-0.314767461632149,0
17,13,86310.501361396,1,1,1467.29970891151,0.770546392211691,1,-0.314767461632149,5274.74263887914
17,14,86605.9640058494,1,1,1467.29970891151,0.770546392211691,1,-0.314767461632149,5274.74263887914
17,15,90557.2725534184,1,1,1467.29970891151,0.770546392211691,1,-0.314767461632149,5274.74263887914
17,16,93379.467731387,1,1,1467.29970891151,0.770546392211691,1,-0.314767461632149,5274.74263887914
17,17,89940.3880858621,1,1,1467.29970891151,0.770546392211691,1,-0.314767461632149,5274.74263887914
17,18,86135.1694491047,1,1,1467.29970891151,0.770546392211691,1,-0.314767461632149,5274.74263887914
17,19,85927.7775272142,1,1,1467.29970891151,0.770546392211691,1,-0.314767461632149,5274.74263887914
17,20,82186.2463023674,1,1,1467.29970891151,0.770546392211691,1,-0.314767461632149,5274.74263887914
17,21,81104.0058479513,1,1,1467.29970891151,0.770546392211691,1,-0.314767461632149,5274.74263887914
17,22,82981.7048564262,1,1,1467.29970891151,0.770546392211691,1,-0.314767461632149,5274.74263887914
17,23,86316.858823999,1,1,1467.29970891151,0.770546392211691,1,-0.314767461632149,5274.74263887914
17,24,90279.8025056487,1,1,1467.29970891151,0.770546392211691,1,-0.314767461632149,5274.74263887914
18,1,96671.8287127324,1,0,3748.21415956249,0.93242495493032,3,1.31020466570181,0
18,2,101352.152912181,1,0,3748.21415956249,0.93242495493032,3,1.31020466570181,0
18,3,105379.651726627,1,0,3748.21415956249,0.93242495493032,3,1.31020466570181,0
18,4,103112.855311441,1,0,3748.21415956249,0.93242495493032,3,1.31020466570181,0
18,5,103339.785406368,1,0,3748.21415956249,0.93242495493032,3,1.31020466570181,0
18,6,104475.505136012,1,0,3748.21415956249,0.93242495493032,3,1.31020466570181,0
18,7,97797.308466609,1,0,3748.21415956249,0.93242495493032,3,1.31020466570181,0
18,8,96622.3994064107,1,0,3748.21415956249,0.93242495493032,3,1.31020466570181,0
18,9,100873.932329092,1,0,3748.21415956249,0.93242495493032,3,1.31020466570181,0
18,10,100503.123396931,1,0,3748.21415956249,0.93242495493032,3,1.31020466570181,0
18,11,104954.300683142,1,0,3748.21415956249,0.93242495493032,3,1.31020466570181,0
18,12,107137.25611109,1,0,3748.21415956249,0.93242495493032,3,1.31020466570181,0
18,13,114049.043669003,1,1,3748.21415956249,0.93242495493032,3,1.31020466570181,6738.95698964188
18,14,118547.639628408,1,1,3748.21415956249,0.93242495493032,3,1.31020466570181,6738.95698964188
18,15,124173.113699544,1,1,3748.21415956249,0.93242495493032,3,1.31020466570181,6738.95698964188
18,16,118073.244785012,1,1,3748.21415956249,0.93242495493032,3,1.31020466570181,6738.95698964188
18,17,120494.670321733,1,1,3748.21415956249,0.93242495493032,3,1.31020466570181,6738.95698964188
18,18,116438.352215194,1,1,3748.21415956249,0.93242495493032,3,1.31020466570181,6738.95698964188
18,19,116545.357860018,1,1,3748.21415956249,0.93242495493032,3,1.31020466570181,6738.95698964188
18,20,115294.338118451,1,1,3748.21415956249,0.93242495493032,3,1.31020466570181,6738.95698964188
18,21,112623.622009164,1,1,3748.21415956249,0.93242495493032,3,1.31020466570181,6738.95698964188
18,22,116639.698833976,1,1,3748.21415956249,0.93242495493032,3,1.31020466570181,6738.95698964188
18,23,119608.233079834,1,1,3748.21415956249,0.93242495493032,3,1.31020466570181,6738.95698964188
18,24,122726.963638977,1,1,3748.21415956249,0.93242495493032,3,1.31020466570181,6738.95698964188
19,1,95751.3165857452,1,0,3507.78827811661,0.897619409521576,5,0.797990787360777,0
19,2,97228.1687972652,1,0,3507.78827811661,0.897619409521576,5,0.797990787360777,0
19,3,96507.0870652933,1,0,3507.78827811661,0.897619409521576,5,0.797990787360777,0
19,4,94667.1919056469,1,0,3507.78827811661,0.897619409521576,5,0.797990787360777,0
19,5,96243.9283483172,1,0,3507.78827811661,0.897619409521576,5,0.797990787360777,0
19,6,95286.1558808887,1,0,3507.78827811661,0.897619409521576,5,0.797990787360777,0
19,7,89270.6006055974,1,0,3507.78827811661,0.897619409521576,5,0.797990787360777,0
19,8,91604.9890433393,1,0,3507.78827811661,0.897619409521576,5,0.797990787360777,0
19,9,92428.6757690903,1,0,3507.78827811661,0.897619409521576,5,0.797990787360777,0
19,10,89922.6534903984,1,0,3507.78827811661,0.897619409521576,5,0.797990787360777,0
19,11,96340.1422180535,1,0,3507.78827811661,0.897619409521576,5,0.797990787360777,0
19,12,94998.8881308008,1,0,3507.78827811661,0.897619409521576,5,0.797990787360777,0
19,13,104194.569029042,1,1,3507.78827811661,0.897619409521576,5,0.797990787360777,6549.13295810146
19,14,109097.403318797,1,1,3507.78827811661,0.897619409521576,5,0.797990787360777,6549.13295810146
19,15,112078.781747433,1,1,3507.78827811661,0.897619409521576,5,0.797990787360777,6549.13295810146
19,16,107961.145678553,1,1,3507.78827811661,0.897619409521576,5,0.797990787360777,6549.13295810146
19,17,114715.854239739,1,1,3507.78827811661,0.897619409521576,5,0.797990787360777,6549.13295810146
19,18,106357.150299041,1,1,3507.78827811661,0.897619409521576,5,0.797990787360777,6549.13295810146
19,19,106451.705503441,1,1,3507.78827811661,0.897619409521576,5,0.797990787360777,6549.13295810146
19,20,102031.022414369,1,1,3507.78827811661,0.897619409521576,5,0.797990787360777,6549.13295810146
19,21,104654.267253899,1,1,3507.78827811661,0.897619409521576,5,0.797990787360777,6549.13295810146
19,22,107779.151449524,1,1,3507.78827811661,0.897619409521576,5,0.797990787360777,6549.13295810146
19,23,109709.765302911,1,1,3507.78827811661,0.897619409521576,5,0.797990787360777,6549.13295810146
19,24,112542.323480941,1,1,3507.78827811661,0.897619409521576,5,0.797990787360777,6549.13295810146
20,1,81638.9194444154,0,0,2743.72907256993,0.652049343753606,3,-0.348625223151957,0
20,2,84897.1177912193,0,0,2743.72907256993,0.652049343753606,3,-0.348625223151957,0
20,3,89633.6074690606,0,0,2743.72907256993,0.652049343753606,3,-0.348625223151957,0
20,4,85514.985414099,0,0,2743.72907256993,0.652049343753606,3,-0.348625223151957,0
20,5,81901.9765865963,0,0,2743.72907256993,0.652049343753606,3,-0.348625223151957,0
20,6,81164.9552062757,0,0,2743.72907256993,0.652049343753606,3,-0.348625223151957,0
20,7,79751.8764934651,0,0,2743.72907256993,0.652049343753606,3,-0.348625223151957,0
20,8,81151.8405670517,0,0,2743.72907256993,0.652049343753606,3,-0.348625223151957,0
20,9,82076.6559634963,0,0,2743.72907256993,0.652049343753606,3,-0.348625223151957,0
20,10,82558.7706862071,0,0,2743.72907256993,0.652049343753606,3,-0.348625223151957,0
20,11,81125.5638451712,0,0,2743.72907256993,0.652049343753606,3,-0.348625223151957,0
20,12,83181.4515692897,0,0,2743.72907256993,0.652049343753606,3,-0.348625223151957,0
20,13,89903.8812390728,0,1,2743.72907256993,0.652049343753606,3,-0.348625223151957,0
20,14,94130.632864132,0,1,2743.72907256993,0.652049343753606,3,-0.348625223151957,0
20,15,90105.4823525275,0,1,2743.72907256993,0.652049343753606,3,-0.348625223151957,0
20,16,90361.0492389913,0,1,2743.72907256993,0.652049343753606,3,-0.348625223151957,0
20,17,92119.4283190996,0,1,2743.72907256993,0.652049343753606,3,-0.348625223151957,0
20,18,88430.7522637663,0,1,2743.72907256993,0.652049343753606,3,-0.348625223151957,0
20,19,86217.5261778294,0,1,2743.72907256993,0.652049343753606,3,-0.348625223151957,0
20,20,86262.9784708822,0,1,2743.72907256993,0.652049343753606,3,-0.348625223151957,0
20,21,84715.8972877265,0,1,2743.72907256993,0.652049343753606,3,-0.348625223151957,0
20,22,86202.3134729,0,1,2743.72907256993,0.652049343753606,3,-0.348625223151957,0
20,23,85635.6418793253,0,1,2743.72907256993,0.652049343753606,3,-0.348625223151957,0
20,24,90684.764846697,0,1,2743.72907256993,0.652049343753606,3,-0.348625223151957,0
21,1,71429.1687096975,1,0,2515.50811791115,0.54991719837999,6,-0.574017296291137,0
21,2,75235.3638387957,1,0,2515.50811791115,0.54991719837999,6,-0.574017296291137,0
21,3,78326.918818993,1,0,2515.50811791115,0.54991719837999,6,-0.574017296291137,0
21,4,80159.1063407653,1,0,2515.50811791115,0.54991719837999,6,-0.574017296291137,0
21,5,78235.6139018754,1,0,2515.50811791115,0.54991719837999,6,-0.574017296291137,0
21,6,73197.7649993713,1,0,2515.50811791115,0.54991719837999,6,-0.574017296291137,0
21,7,69804.1392407211,1,0,2515.50811791115,0.54991719837999,6,-0.574017296291137,0
21,8,67528.4711540641,1,0,2515.50811791115,0.54991719837999,6,-0.574017296291137,0
21,9,68042.330353753,1,0,2515.50811791115,0.54991719837999,6,-0.574017296291137,0
21,10,72563.0782377821,1,0,2515.50811791115,0.54991719837999,6,-0.574017296291137,0
21,11,72590.7090165684,1,0,2515.50811791115,0.54991719837999,6,-0.574017296291137,0
21,12,76405.4259660965,1,0,2515.50811791115,0.54991719837999,6,-0.574017296291137,0
21,13,85989.5458493929,1,1,2515.50811791115,0.54991719837999,6,-0.574017296291137,5357.58845571555
21,14,89479.6949102602,1,1,2515.50811791115,0.54991719837999,6,-0.574017296291137,5357.58845571555
21,15,85002.9664376711,1,1,2515.50811791115,0.54991719837999,6,-0.574017296291137,5357.58845571555
21,16,87707.1316953403,1,1,2515.50811791115,0.54991719837999,6,-0.574017296291137,5357.58845571555
21,17,84714.091489282,1,1,2515.50811791115,0.54991719837999,6,-0.574017296291137,5357.58845571555
21,18,85750.0023186843,1,1,2515.50811791115,0.54991719837999,6,-0.574017296291137,5357.58845571555
21,19,76966.3432706684,1,1,2515.50811791115,0.54991719837999,6,-0.574017296291137,5357.58845571555
21,20,77356.2076942722,1,1,2515.50811791115,0.54991719837999,6,-0.574017296291137,5357.58845571555
21,21,82065.6955389069,1,1,2515.50811791115,0.54991719837999,6,-0.574017296291137,5357.58845571555
21,22,81042.2669302922,1,1,2515.50811791115,0.54991719837999,6,-0.574017296291137,5357.58845571555
21,23,84008.6008320094,1,1,2515.50811791115,0.54991719837999,6,-0.574017296291137,5357.58845571555
21,24,83692.1663496964,1,1,2515.50811791115,0.54991719837999,6,-0.574017296291137,5357.58845571555
22,1,84531.412311607,1,0,1988.65991485594,0.885024891945068,1,0.0651812132799671,0
22,2,86155.6570325641,1,0,1988.65991485594,0.885024891945068,1,0.0651812132799671,0
22,3,88166.0191350103,1,0,1988.65991485594,0.885024891945068,1,0.0651812132799671,0
22,4,86670.4760338379,1,0,1988.65991485594,0.885024891945068,1,0.0651812132799671,0
22,5,86129.4910822399,1,0,1988.65991485594,0.885024891945068,1,0.0651812132799671,0
22,6,85294.5019632498,1,0,1988.65991485594,0.885024891945068,1,0.0651812132799671,0
22,7,81880.0338487986,1,0,1988.65991485594,0.885024891945068,1,0.0651812132799671,0
22,8,81977.9381208732,1,0,1988.65991485594,0.885024891945068,1,0.0651812132799671,0
22,9,79407.5316064257,1,0,1988.65991485594,0.885024891945068,1,0.0651812132799671,0
22,10,79913.7740548713,1,0,1988.65991485594,0.885024891945068,1,0.0651812132799671,0
22,11,81947.4240552604,1,0,1988.65991485594,0.885024891945068,1,0.0651812132799671,0
22,12,87314.8207961572,1,0,1988.65991485594,0.885024891945068,1,0.0651812132799671,0
22,13,97931.2221617108,1,1,1988.65991485594,0.885024891945068,1,0.0651812132799671,5764.3797413181
22,14,97459.2774416424,1,1,1988.65991485594,0.885024891945068,1,0.0651812132799671,5764.3797413181
22,15,98275.3447074329,1,1,1988.65991485594,0.885024891945068,1,0.0651812132799671,5764.3797413181
22,16,96368.9342871847,1,1,1988.65991485594,0.885024891945068,1,0.0651812132799671,5764.3797413181
22,17,95293.8891783227,1,1,1988.65991485594,0.885024891945068,1,0.0651812132799671,5764.3797413181
22,18,97305.2388789794,1,1,1988.65991485594,0.885024891945068,1,0.0651812132799671,5764.3797413181
22,19,93435.41696513,1,1,1988.65991485594,0.885024891945068,1,0.0651812132799671,5764.3797413181
22,20,93970.4249248459,1,1,1988.65991485594,0.885024891945068,1,0.0651812132799671,5764.3797413181
22,21,92868.6763215318,1,1,1988.65991485594,0.885024891945068,1,0.0651812132799671,5764.3797413181
22,22,94130.1999318656,1,1,1988.65991485594,0.885024891945068,1,0.0651812132799671,5764.3797413181
22,23,97240.4834013013,1,1,1988.65991485594,0.885024891945068,1,0.0651812132799671,5764.3797413181
22,24,99382.045709856,1,1,1988.65991485594,0.885024891945068,1,0.0651812132799671,5764.3797413181
23,1,92102.7770263919,1,0,3816.60188696789,0.929160758003127,4,0.865915701810088,0
23,2,99192.3381096325,1,0,3816.60188696789,0.929160758003127,4,0.865915701810088,0
23,3,99853.8563309363,1,0,3816.60188696789,0.929160758003127,4,0.865915701810088,0
23,4,97953.9920186199,1,0,3816.60188696789,0.929160758003127,4,0.865915701810088,0
23,5,101934.449319824,1,0,3816.60188696789,0.929160758003127,4,0.865915701810088,0
23,6,98545.603862003,1,0,3816.60188696789,0.929160758003127,4,0.865915701810088,0
23,7,98120.8227321314,1,0,3816.60188696789,0.929160758003127,4,0.865915701810088,0
23,8,97847.1468386547,1,0,3816.60188696789,0.929160758003127,4,0.865915701810088,0
23,9,95107.2261416353,1,0,3816.60188696789,0.929160758003127,4,0.865915701810088,0
23,10,96142.6206284746,1,0,3816.60188696789,0.929160758003127,4,0.865915701810088,0
23,11,99653.88823054,1,0,3816.60188696789,0.929160758003127,4,0.865915701810088,0
23,12,108737.752613648,1,0,3816.60188696789,0.929160758003127,4,0.865915701810088,0
23,13,111250.385804073,1,1,3816.60188696789,0.929160758003127,4,0.865915701810088,6766.6224594902
23,14,119434.494087041,1,1,3816.60188696789,0.929160758003127,4,0.865915701810088,6766.6224594902
23,15,118628.810529063,1,1,3816.60188696789,0.929160758003127,4,0.865915701810088,6766.6224594902
23,16,116284.000372574,1,1,3816.60188696789,0.929160758003127,4,0.865915701810088,6766.6224594902
23,17,115978.226113065,1,1,3816.60188696789,0.929160758003127,4,0.865915701810088,6766.6224594902
23,18,113337.777457352,1,1,3816.60188696789,0.929160758003127,4,0.865915701810088,6766.6224594902
23,19,116032.856723934,1,1,3816.60188696789,0.929160758003127,4,0.865915701810088,6766.6224594902
23,20,107388.30454542,1,1,3816.60188696789,0.929160758003127,4,0.865915701810088,6766.6224594902
23,21,108979.384813615,1,1,3816.60188696789,0.929160758003127,4,0.865915701810088,6766.6224594902
23,22,114863.11906458,1,1,3816.60188696789,0.929160758003127,4,0.865915701810088,6766.6224594902
23,23,112192.955144063,1,1,3816.60188696789,0.929160758003127,4,0.865915701810088,6766.6224594902
23,24,116679.206429584,1,1,3816.60188696789,0.929160758003127,4,0.865915701810088,6766.6224594902
24,1,85908.0694048751,0,0,3377.09232304702,0.610390746768098,3,-0.476925172348887,0
24,2,90792.9673776308,0,0,3377.09232304702,0.610390746768098,3,-0.476925172348887,0
24,3,93490.0196255695,0,0,3377.09232304702,0.610390746768098,3,-0.476925172348887,0
24,4,89218.2491174859,0,0,3377.09232304702,0.610390746768098,3,-0.476925172348887,0
24,5,92303.1124433126,0,0,3377.09232304702,0.610390746768098,3,-0.476925172348887,0
24,6,88369.7629571658,0,0,3377.09232304702,0.610390746768098,3,-0.476925172348887,0
24,7,86181.7740381577,0,0,3377.09232304702,0.610390746768098,3,-0.476925172348887,0
24,8,86893.3656058691,0,0,3377.09232304702,0.610390746768098,3,-0.476925172348887,0
24,9,86054.9132426958,0,0,3377.09232304702,0.610390746768098,3,-0.476925172348887,0
24,10,85606.3062684052,0,0,3377.09232304702,0.610390746768098,3,-0.476925172348887,0
24,11,90638.6594151145,0,0,3377.09232304702,0.610390746768098,3,-0.476925172348887,0
24,12,91337.0404874963,0,0,3377.09232304702,0.610390746768098,3,-0.476925172348887,0
24,13,93279.0128137962,0,1,3377.09232304702,0.610390746768098,3,-0.476925172348887,0
24,14,94833.4340041392,0,1,3377.09232304702,0.610390746768098,3,-0.476925172348887,0
24,15,96624.9147552676,0,1,3377.09232304702,0.610390746768098,3,-0.476925172348887,0
24,16,97043.0572781514,0,1,3377.09232304702,0.610390746768098,3,-0.476925172348887,0
24,17,97438.2337794944,0,1,3377.09232304702,0.610390746768098,3,-0.476925172348887,0
24,18,92637.2903794164,0,1,3377.09232304702,0.610390746768098,3,-0.476925172348887,0
24,19,92726.9744782376,0,1,3377.09232304702,0.610390746768098,3,-0.476925172348887,0
24,20,89342.9714071088,0,1,3377.09232304702,0.610390746768098,3,-0.476925172348887,0
24,21,86067.0880216342,0,1,3377.09232304702,0.610390746768098,3,-0.476925172348887,0
24,22,87127.7060350627,0,1,3377.09232304702,0.610390746768098,3,-0.476925172348887,0
24,23,91326.2598649638,0,1,3377.09232304702,0.610390746768098,3,-0.476925172348887,0
24,24,97493.5300902118,0,1,3377.09232304702,0.610390746768098,3,-0.476925172348887,0
25,1,89977.0935359965,1,0,3063.94173043656,0.514904539391864,1,-0.454654254383446,0
25,2,89869.6398195223,1,0,3063.94173043656,0.514904539391864,1,-0.454654254383446,0
25,3,92677.9364510924,1,0,3063.94173043656,0.514904539391864,1,-0.454654254383446,0
25,4,93971.4198068973,1,0,3063.94173043656,0.514904539391864,1,-0.454654254383446,0
25,5,91238.8505916072,1,0,3063.94173043656,0.514904539391864,1,-0.454654254383446,0
25,6,89487.9566842954,1,0,3063.94173043656,0.514904539391864,1,-0.454654254383446,0
25,7,86931.1339926963,1,0,3063.94173043656,0.514904539391864,1,-0.454654254383446,0
25,8,86979.1177617799,1,0,3063.94173043656,0.514904539391864,1,-0.454654254383446,0
25,9,86693.7618877177,1,0,3063.94173043656,0.514904539391864,1,-0.454654254383446,0
25,10,86556.5057824169,1,0,3063.94173043656,0.514904539391864,1,-0.454654254383446,0
25,11,87763.5987914588,1,0,3063.94173043656,0.514904539391864,1,-0.454654254383446,0
25,12,90253.7803784498,1,0,3063.94173043656,0.514904539391864,1,-0.454654254383446,0
25,13,99275.2434385167,1,1,3063.94173043656,0.514904539391864,1,-0.454654254383446,5561.77994400201
25,14,99937.7659732705,1,1,3063.94173043656,0.514904539391864,1,-0.454654254383446,5561.77994400201
25,15,105610.56401894,1,1,3063.94173043656,0.514904539391864,1,-0.454654254383446,5561.77994400201
25,16,101264.393351941,1,1,3063.94173043656,0.514904539391864,1,-0.454654254383446,5561.77994400201
25,17,98363.0152504826,1,1,3063.94173043656,0.514904539391864,1,-0.454654254383446,5561.77994400201
25,18,99342.1519639533,1,1,3063.94173043656,0.514904539391864,1,-0.454654254383446,5561.77994400201
25,19,94807.3624903693,1,1,3063.94173043656,0.514904539391864,1,-0.454654254383446,5561.77994400201
25,20,97483.8771996622,1,1,3063.94173043656,0.514904539391864,1,-0.454654254383446,5561.77994400201
25,21,94031.7139237034,1,1,3063.94173043656,0.514904539391864,1,-0.454654254383446,5561.77994400201
25,22,94254.2440169757,1,1,3063.94173043656,0.514904539391864,1,-0.454654254383446,5561.77994400201
25,23,96606.7241237481,1,1,3063.94173043656,0.514904539391864,1,-0.454654254383446,5561.77994400201
25,24,98012.4147290829,1,1,3063.94173043656,0.514904539391864,1,-0.454654254383446,5561.77994400201
26,1,77814.6644479651,0,0,2612.35272100399,0.731642386165913,5,-0.0833516092052766,0
26,2,81487.7616293493,0,0,2612.35272100399,0.731642386165913,5,-0.0833516092052766,0
26,3,79893.5698773497,0,0,2612.35272100399,0.731642386165913,5,-0.0833516092052766,0
26,4,83946.443680187,0,0,2612.35272100399,0.731642386165913,5,-0.0833516092052766,0
26,5,83909.7797774945,0,0,2612.35272100399,0.731642386165913,5,-0.0833516092052766,0
26,6,77310.3812877721,0,0,2612.35272100399,0.731642386165913,5,-0.0833516092052766,0
26,7,78904.1484545459,0,0,2612.35272100399,0.731642386165913,5,-0.0833516092052766,0
26,8,75806.6891670737,0,0,2612.35272100399,0.731642386165913,5,-0.0833516092052766,0
26,9,74637.6134464101,0,0,2612.35272100399,0.731642386165913,5,-0.0833516092052766,0
26,10,84165.7743228991,0,0,2612.35272100399,0.731642386165913,5,-0.0833516092052766,0
26,11,82093.017234783,0,0,2612.35272100399,0.731642386165913,5,-0.0833516092052766,0
26,12,82057.5520203769,0,0,2612.35272100399,0.731642386165913,5,-0.0833516092052766,0
26,13,85262.08308116,0,1,2612.35272100399,0.731642386165913,5,-0.0833516092052766,0
26,14,87650.2966670443,0,1,2612.35272100399,0.731642386165913,5,-0.0833516092052766,0
26,15,89335.1192329277,0,1,2612.35272100399,0.731642386165913,5,-0.0833516092052766,0
26,16,87169.7944037728,0,1,2612.35272100399,0.731642386165913,5,-0.0833516092052766,0
26,17,85657.2563915465,0,1,2612.35272100399,0.731642386165913,5,-0.0833516092052766,0
26,18,86372.6287859573,0,1,2612.35272100399,0.731642386165913,5,-0.0833516092052766,0
26,19,85413.1300227605,0,1,2612.35272100399,0.731642386165913,5,-0.0833516092052766,0
26,20,82333.7133177258,0,1,2612.35272100399,0.731642386165913,5,-0.0833516092052766,0
26,21,82414.7691088043,0,1,2612.35272100399,0.731642386165913,5,-0.0833516092052766,0
26,22,81256.8288242636,0,1,2612.35272100399,0.731642386165913,5,-0.0833516092052766,0
26,23,84007.6206613575,0,1,2612.35272100399,0.731642386165913,5,-0.0833516092052766,0
26,24,89173.821712566,0,1,2612.35272100399,0.731642386165913,5,-0.0833516092052766,0
27,1,86255.7963066928,1,0,2880.29729546328,0.643257557763718,2,-0.289792700342391,0
27,2,90435.2256970809,1,0,2880.29729546328,0.643257557763718,2,-0.289792700342391,0
27,3,88823.356017634,1,0,2880.29729546328,0.643257557763718,2,-0.289792700342391,0
27,4,86954.717864258,1,0,2880.29729546328,0.643257557763718,2,-0.289792700342391,0
27,5,91253.9200451813,1,0,2880.29729546328,0.643257557763718,2,-0.289792700342391,0
27,6,89354.1449164033,1,0,2880.29729546328,0.643257557763718,2,-0.289792700342391,0
27,7,83640.590624899,1,0,2880.29729546328,0.643257557763718,2,-0.289792700342391,0
27,8,83094.1219047578,1,0,2880.29729546328,0.643257557763718,2,-0.289792700342391,0
27,9,87899.9316946412,1,0,2880.29729546328,0.643257557763718,2,-0.289792700342391,0
27,10,84899.9401715987,1,0,2880.29729546328,0.643257557763718,2,-0.289792700342391,0
27,11,83827.2684539282,1,0,2880.29729546328,0.643257557763718,2,-0.289792700342391,0
27,12,90956.8439437204,1,0,2880.29729546328,0.643257557763718,2,-0.289792700342391,0
27,13,97839.6516309737,1,1,2880.29729546328,0.643257557763718,2,-0.289792700342391,5726.66376325908
27,14,98449.2257754381,1,1,2880.29729546328,0.643257557763718,2,-0.289792700342391,5726.66376325908
27,15,102493.418917467,1,1,2880.29729546328,0.643257557763718,2,-0.289792700342391,5726.66376325908
27,16,102683.615662229,1,1,2880.29729546328,0.643257557763718,2,-0.289792700342391,5726.66376325908
27,17,99564.5263896345,1,1,2880.29729546328,0.643257557763718,2,-0.289792700342391,5726.66376325908
27,18,96736.0783568277,1,1,2880.29729546328,0.643257557763718,2,-0.289792700342391,5726.66376325908
27,19,95007.0843488557,1,1,2880.29729546328,0.643257557763718,2,-0.289792700342391,5726.66376325908
27,20,93993.5833616073,1,1,2880.29729546328,0.643257557763718,2,-0.289792700342391,5726.66376325908
27,21,92998.1045079404,1,1,2880.29729546328,0.643257557763718,2,-0.289792700342391,5726.66376325908
27,22,95139.877080276,1,1,2880.29729546328,0.643257557763718,2,-0.289792700342391,5726.66376325908
27,23,96327.2735494315,1,1,2880.29729546328,0.643257557763718,2,-0.289792700342391,5726.66376325908
27,24,99377.382419821,1,1,2880.29729546328,0.643257557763718,2,-0.289792700342391,5726.66376325908
28,1,81299.1515026745,1,0,2726.56172886278,0.616920246195514,3,0.109107645782298,0
28,2,83978.8563730521,1,0,2726.56172886278,0.616920246195514,3,0.109107645782298,0
28,3,84766.1411264469,1,0,2726.56172886278,0.616920246195514,3,0.109107645782298,0
28,4,87910.5912511218,1,0,2726.56172886278,0.616920246195514,3,0.109107645782298,0
28,5,83085.5223428996,1,0,2726.56172886278,0.616920246195514,3,0.109107645782298,0
28,6,87777.7328259634,1,0,2726.56172886278,0.616920246195514,3,0.109107645782298,0
28,7,85942.5789387989,1,0,2726.56172886278,0.616920246195514,3,0.109107645782298,0
28,8,80443.408077925,1,0,2726.56172886278,0.616920246195514,3,0.109107645782298,0
28,9,79031.9740532241,1,0,2726.56172886278,0.616920246195514,3,0.109107645782298,0
28,10,82337.0249714295,1,0,2726.56172886278,0.616920246195514,3,0.109107645782298,0
28,11,84167.7928246459,1,0,2726.56172886278,0.616920246195514,3,0.109107645782298,0
28,12,90325.939599517,1,0,2726.56172886278,0.616920246195514,3,0.109107645782298,0
28,13,94604.3280036107,1,1,2726.56172886278,0.616920246195514,3,0.109107645782298,5597.12135682242
28,14,96326.9279836505,1,1,2726.56172886278,0.616920246195514,3,0.109107645782298,5597.12135682242
28,15,99674.9651665675,1,1,2726.56172886278,0.616920246195514,3,0.109107645782298,5597.12135682242
28,16,99770.7158399498,1,1,2726.56172886278,0.616920246195514,3,0.109107645782298,5597.12135682242
28,17,96921.8432816213,1,1,2726.56172886278,0.616920246195514,3,0.109107645782298,5597.12135682242
28,18,90584.2346574971,1,1,2726.56172886278,0.616920246195514,3,0.109107645782298,5597.12135682242
28,19,93980.0730183119,1,1,2726.56172886278,0.616920246195514,3,0.109107645782298,5597.12135682242
28,20,95032.1437619587,1,1,2726.56172886278,0.616920246195514,3,0.109107645782298,5597.12135682242
28,21,91968.4430222997,1,1,2726.56172886278,0.616920246195514,3,0.109107645782298,5597.12135682242
28,22,93550.8412594589,1,1,2726.56172886278,0.616920246195514,3,0.109107645782298,5597.12135682242
28,23,96458.0316955714,1,1,2726.56172886278,0.616920246195514,3,0.109107645782298,5597.12135682242
28,24,98960.3888267622,1,1,2726.56172886278,0.616920246195514,3,0.109107645782298,5597.12135682242
29,1,82033.2177507276,0,0,2044.42105112314,0.595066975802183,2,-0.911977528151159,0
29,2,79918.1118244148,0,0,2044.42105112314,0.595066975802183,2,-0.911977528151159,0
29,3,81412.8741067221,0,0,2044.42105112314,0.595066975802183,2,-0.911977528151159,0
29,4,79768.7437284985,0,0,2044.42105112314,0.595066975802183,2,-0.911977528151159,0
29,5,80646.1111917126,0,0,2044.42105112314,0.595066975802183,2,-0.911977528151159,0
29,6,80617.8030501093,0,0,2044.42105112314,0.595066975802183,2,-0.911977528151159,0
29,7,76089.9078775162,0,0,2044.42105112314,0.595066975802183,2,-0.911977528151159,0
29,8,74102.9269222738,0,0,2044.42105112314,0.595066975802183,2,-0.911977528151159,0
29,9,72087.0722169499,0,0,2044.42105112314,0.595066975802183,2,-0.911977528151159,0
29,10,75631.1379326213,0,0,2044.42105112314,0.595066975802183,2,-0.911977528151159,0
29,11,74089.6055185635,0,0,2044.42105112314,0.595066975802183,2,-0.911977528151159,0
29,12,76765.0110579409,0,0,2044.42105112314,0.595066975802183,2,-0.911977528151159,0
29,13,82363.9536828168,0,1,2044.42105112314,0.595066975802183,2,-0.911977528151159,0
29,14,84130.3821747971,0,1,2044.42105112314,0.595066975802183,2,-0.911977528151159,0
29,15,81106.9723479351,0,1,2044.42105112314,0.595066975802183,2,-0.911977528151159,0
29,16,82223.7133582337,0,1,2044.42105112314,0.595066975802183,2,-0.911977528151159,0
29,17,82578.75634477,0,1,2044.42105112314,0.595066975802183,2,-0.911977528151159,0
29,18,79418.4568884028,0,1,2044.42105112314,0.595066975802183,2,-0.911977528151159,0
29,19,78468.8531103593,0,1,2044.42105112314,0.595066975802183,2,-0.911977528151159,0
29,20,75387.8139525557,0,1,2044.42105112314,0.595066975802183,2,-0.911977528151159,0
29,21,76317.8306507621,0,1,2044.42105112314,0.595066975802183,2,-0.911977528151159,0
29,22,77746.3300567977,0,1,2044.42105112314,0.595066975802183,2,-0.911977528151159,0
29,23,76475.708910103,0,1,2044.42105112314,0.595066975802183,2,-0.911977528151159,0
29,24,80925.2764818921,0,1,2044.42105112314,0.595066975802183,2,-0.911977528151159,0
30,1,84728.7979887913,0,0,2820.68727328975,0.587983729923144,2,-0.352530667335314,0
30,2,89456.6748465287,0,0,2820.68727328975,0.587983729923144,2,-0.352530667335314,0
30,3,88827.7588076564,0,0,2820.68727328975,0.587983729923144,2,-0.352530667335314,0
30,4,90188.7122504013,0,0,2820.68727328975,0.587983729923144,2,-0.352530667335314,0
30,5,84433.9211569909,0,0,2820.68727328975,0.587983729923144,2,-0.352530667335314,0
30,6,88557.0468317653,0,0,2820.68727328975,0.587983729923144,2,-0.352530667335314,0
30,7,80482.0582864697,0,0,2820.68727328975,0.587983729923144,2,-0.352530667335314,0
30,8,80462.1763882089,0,0,2820.68727328975,0.587983729923144,2,-0.352530667335314,0
30,9,82368.5530366197,0,0,2820.68727328975,0.587983729923144,2,-0.352530667335314,0
30,10,81583.2149862035,0,0,2820.68727328975,0.587983729923144,2,-0.352530667335314,0
30,11,85468.2130363788,0,0,2820.68727328975,0.587983729923144,2,-0.352530667335314,0
30,12,84984.293904923,0,0,2820.68727328975,0.587983729923144,2,-0.352530667335314,0
30,13,89199.572597533,0,1,2820.68727328975,0.587983729923144,2,-0.352530667335314,0
30,14,88166.7332585124,0,1,2820.68727328975,0.587983729923144,2,-0.352530667335314,0
30,15,94156.7011831339,0,1,2820.68727328975,0.587983729923144,2,-0.352530667335314,0
30,16,91106.0623620763,0,1,2820.68727328975,0.587983729923144,2,-0.352530667335314,0
30,17,92552.7844940765,0,1,2820.68727328975,0.587983729923144,2,-0.352530667335314,0
30,18,89389.7701618915,0,1,2820.68727328975,0.587983729923144,2,-0.352530667335314,0
30,19,89847.3952282152,0,1,2820.68727328975,0.587983729923144,2,-0.352530667335314,0
30,20,85201.770513682,0,1,2820.68727328975,0.587983729923144,2,-0.352530667335314,0
30,21,86227.4984672933,0,1,2820.68727328975,0.587983729923144,2,-0.352530667335314,0
30,22,88461.7530058254,0,1,2820.68727328975,0.587983729923144,2,-0.352530667335314,0
30,23,87455.6200238405,0,1,2820.68727328975,0.587983729923144,2,-0.352530667335314,0
30,24,92161.9427099194,0,1,2820.68727328975,0.587983729923144,2,-0.352530667335314,0
31,1,92561.1021450409,1,0,3861.37199434928,0.534922916255891,3,-0.474939231082904,0
31,2,94868.4899079615,1,0,3861.37199434928,0.534922916255891,3,-0.474939231082904,0
31,3,99488.1030119958,1,0,3861.37199434928,0.534922916255891,3,-0.474939231082904,0
31,4,97924.2879873463,1,0,3861.37199434928,0.534922916255891,3,-0.474939231082904,0
31,5,98827.9720415261,1,0,3861.37199434928,0.534922916255891,3,-0.474939231082904,0
31,6,93363.7051454042,1,0,3861.37199434928,0.534922916255891,3,-0.474939231082904,0
31,7,90697.6112218738,1,0,3861.37199434928,0.534922916255891,3,-0.474939231082904,0
31,8,85279.5207306677,1,0,3861.37199434928,0.534922916255891,3,-0.474939231082904,0
31,9,93305.2276967451,1,0,3861.37199434928,0.534922916255891,3,-0.474939231082904,0
31,10,89984.3302967372,1,0,3861.37199434928,0.534922916255891,3,-0.474939231082904,0
31,11,88631.6765819806,1,0,3861.37199434928,0.534922916255891,3,-0.474939231082904,0
31,12,96606.6641845453,1,0,3861.37199434928,0.534922916255891,3,-0.474939231082904,0
31,13,102784.804514527,1,1,3861.37199434928,0.534922916255891,3,-0.474939231082904,6000.53182968642
31,14,106617.062303628,1,1,3861.37199434928,0.534922916255891,3,-0.474939231082904,6000.53182968642
31,15,107532.650755889,1,1,3861.37199434928,0.534922916255891,3,-0.474939231082904,6000.53182968642
31,16,107673.447774813,1,1,3861.37199434928,0.534922916255891,3,-0.474939231082904,6000.53182968642
31,17,103075.195188464,1,1,3861.37199434928,0.534922916255891,3,-0.474939231082904,6000.53182968642
31,18,103742.610663504,1,1,3861.37199434928,0.534922916255891,3,-0.474939231082904,6000.53182968642
31,19,98863.5193337593,1,1,3861.37199434928,0.534922916255891,3,-0.474939231082904,6000.53182968642
31,20,101020.088210399,1,1,3861.37199434928,0.534922916255891,3,-0.474939231082904,6000.53182968642
31,21,99616.1778611648,1,1,3861.37199434928,0.534922916255891,3,-0.474939231082904,6000.53182968642
31,22,100727.903767366,1,1,3861.37199434928,0.534922916255891,3,-0.474939231082904,6000.53182968642
31,23,102059.84341635,1,1,3861.37199434928,0.534922916255891,3,-0.474939231082904,6000.53182968642
31,24,100418.604175239,1,1,3861.37199434928,0.534922916255891,3,-0.474939231082904,6000.53182968642
32,1,93251.1084495959,1,0,3534.11612790716,0.924647099897265,3,0.891124699786688,0
32,2,99529.5976445207,1,0,3534.11612790716,0.924647099897265,3,0.891124699786688,0
32,3,97341.9709232992,1,0,3534.11612790716,0.924647099897265,3,0.891124699786688,0
32,4,98939.7498480605,1,0,3534.11612790716,0.924647099897265,3,0.891124699786688,0
32,5,101253.230544925,1,0,3534.11612790716,0.924647099897265,3,0.891124699786688,0
32,6,95066.3172678269,1,0,3534.11612790716,0.924647099897265,3,0.891124699786688,0
32,7,97815.625966195,1,0,3534.11612790716,0.924647099897265,3,0.891124699786688,0
32,8,94577.4481714127,1,0,3534.11612790716,0.924647099897265,3,0.891124699786688,0
32,9,97867.6522154635,1,0,3534.11612790716,0.924647099897265,3,0.891124699786688,0
32,10,96482.6985282279,1,0,3534.11612790716,0.924647099897265,3,0.891124699786688,0
32,11,97209.0366938112,1,0,3534.11612790716,0.924647099897265,3,0.891124699786688,0
32,12,102681.436004959,1,0,3534.11612790716,0.924647099897265,3,0.891124699786688,0
32,13,113459.28973822,1,1,3534.11612790716,0.924647099897265,3,0.891124699786688,6616.35226374811
32,14,115170.913126448,1,1,3534.11612790716,0.924647099897265,3,0.891124699786688,6616.35226374811
32,15,114296.025321546,1,1,3534.11612790716,0.924647099897265,3,0.891124699786688,6616.35226374811
32,16,117382.826170871,1,1,3534.11612790716,0.924647099897265,3,0.891124699786688,6616.35226374811
32,17,111215.639946839,1,1,3534.11612790716,0.924647099897265,3,0.891124699786688,6616.35226374811
32,18,114346.390375064,1,1,3534.11612790716,0.924647099897265,3,0.891124699786688,6616.35226374811
32,19,113244.85202756,1,1,3534.11612790716,0.924647099897265,3,0.891124699786688,6616.35226374811
32,20,111856.268460587,1,1,3534.11612790716,0.924647099897265,3,0.891124699786688,6616.35226374811
32,21,113048.813250275,1,1,3534.11612790716,0.924647099897265,3,0.891124699786688,6616.35226374811
32,22,109708.643217734,1,1,3534.11612790716,0.924647099897265,3,0.891124699786688,6616.35226374811
32,23,110206.869637525,1,1,3534.11612790716,0.924647099897265,3,0.891124699786688,6616.35226374811
32,24,115987.318266284,1,1,3534.11612790716,0.924647099897265,3,0.891124699786688,6616.35226374811
33,1,102652.806790091,0,0,3900.33901727719,0.835984026361257,2,0.616381934279531,0
33,2,102603.713510195,0,0,3900.33901727719,0.835984026361257,2,0.616381934279531,0
33,3,103493.760801015,0,0,3900.33901727719,0.835984026361257,2,0.616381934279531,0
33,4,105319.313935094,0,0,3900.33901727719,0.835984026361257,2,0.616381934279531,0
33,5,103152.072443035,0,0,3900.33901727719,0.835984026361257,2,0.616381934279531,0
33,6,102895.10074413,0,0,3900.33901727719,0.835984026361257,2,0.616381934279531,0
33,7,102145.40726021,0,0,3900.33901727719,0.835984026361257,2,0.616381934279531,0
33,8,97236.3815509771,0,0,3900.33901727719,0.835984026361257,2,0.616381934279531,0
33,9,98436.7696142858,0,0,3900.33901727719,0.835984026361257,2,0.616381934279531,0
33,10,98771.6194835012,0,0,3900.33901727719,0.835984026361257,2,0.616381934279531,0
33,11,100947.38899719,0,0,3900.33901727719,0.835984026361257,2,0.616381934279531,0
33,12,104943.282668485,0,0,3900.33901727719,0.835984026361257,2,0.616381934279531,0
33,13,109241.732481177,0,1,3900.33901727719,0.835984026361257,2,0.616381934279531,0
33,14,112849.182033007,0,1,3900.33901727719,0.835984026361257,2,0.616381934279531,0
33,15,113653.923258079,0,1,3900.33901727719,0.835984026361257,2,0.616381934279531,0
33,16,113277.435101105,0,1,3900.33901727719,0.835984026361257,2,0.616381934279531,0
33,17,112939.16863855,0,1,3900.33901727719,0.835984026361257,2,0.616381934279531,0
33,18,110808.433171659,0,1,3900.33901727719,0.835984026361257,2,0.616381934279531,0
33,19,107487.780320509,0,1,3900.33901727719,0.835984026361257,2,0.616381934279531,0
33,20,107162.16753811,0,1,3900.33901727719,0.835984026361257,2,0.616381934279531,0
33,21,105743.820839804,0,1,3900.33901727719,0.835984026361257,2,0.616381934279531,0
33,22,104169.036452022,0,1,3900.33901727719,0.835984026361257,2,0.616381934279531,0
33,23,113849.663244438,0,1,3900.33901727719,0.835984026361257,2,0.616381934279531,0
33,24,115944.337968565,0,1,3900.33901727719,0.835984026361257,2,0.616381934279531,0
34,1,89840.8548476468,0,0,3486.25473970129,0.636439012701157,2,0.0492556545562715,0
34,2,93623.7541481671,0,0,3486.25473970129,0.636439012701157,2,0.0492556545562715,0
34,3,96252.2059718099,0,0,3486.25473970129,0.636439012701157,2,0.0492556545562715,0
34,4,98535.0445646062,0,0,3486.25473970129,0.636439012701157,2,0.0492556545562715,0
34,5,96879.4504975084,0,0,3486.25473970129,0.636439012701157,2,0.0492556545562715,0
34,6,91590.9616385115,0,0,3486.25473970129,0.636439012701157,2,0.0492556545562715,0
34,7,91125.7886887261,0,0,3486.25473970129,0.636439012701157,2,0.0492556545562715,0
34,8,89134.4541701579,0,0,3486.25473970129,0.636439012701157,2,0.0492556545562715,0
34,9,88636.1656585538,0,0,3486.25473970129,0.636439012701157,2,0.0492556545562715,0
34,10,92543.5597134735,0,0,3486.25473970129,0.636439012701157,2,0.0492556545562715,0
34,11,92163.5493762751,0,0,3486.25473970129,0.636439012701157,2,0.0492556545562715,0
34,12,96110.7868443198,0,0,3486.25473970129,0.636439012701157,2,0.0492556545562715,0
34,13,98355.5594009095,0,1,3486.25473970129,0.636439012701157,2,0.0492556545562715,0
34,14,106607.995526648,0,1,3486.25473970129,0.636439012701157,2,0.0492556545562715,0
34,15,101075.302569895,0,1,3486.25473970129,0.636439012701157,2,0.0492556545562715,0
34,16,104631.980647275,0,1,3486.25473970129,0.636439012701157,2,0.0492556545562715,0
34,17,102016.039672577,0,1,3486.25473970129,0.636439012701157,2,0.0492556545562715,0
34,18,102091.932795029,0,1,3486.25473970129,0.636439012701157,2,0.0492556545562715,0
34,19,96465.2411785587,0,1,3486.25473970129,0.636439012701157,2,0.0492556545562715,0
34,20,97963.6877129467,0,1,3486.25473970129,0.636439012701157,2,0.0492556545562715,0
34,21,96128.3463943272,0,1,3486.25473970129,0.636439012701157,2,0.0492556545562715,0
34,22,95748.2485209235,0,1,3486.25473970129,0.636439012701157,2,0.0492556545562715,0
34,23,99075.9024291207,0,1,3486.25473970129,0.636439012701157,2,0.0492556545562715,0
34,24,102631.241006193,0,1,3486.25473970129,0.636439012701157,2,0.0492556545562715,0
35,1,105688.110852034,0,0,4236.21289199247,0.739242835703771,1,0.242000235380849,0
35,2,105763.786414876,0,0,4236.21289199247,0.739242835703771,1,0.242000235380849,0
35,3,108586.531013659,0,0,4236.21289199247,0.739242835703771,1,0.242000235380849,0
35,4,102994.560695581,0,0,4236.21289199247,0.739242835703771,1,0.242000235380849,0
35,5,106995.907448411,0,0,4236.21289199247,0.739242835703771,1,0.242000235380849,0
35,6,102014.367037373,0,0,4236.21289199247,0.739242835703771,1,0.242000235380849,0
35,7,103130.396846714,0,0,4236.21289199247,0.739242835703771,1,0.242000235380849,0
35,8,103272.404272187,0,0,4236.21289199247,0.739242835703771,1,0.242000235380849,0
35,9,104587.552168214,0,0,4236.21289199247,0.739242835703771,1,0.242000235380849,0
35,10,103292.868406347,0,0,4236.21289199247,0.739242835703771,1,0.242000235380849,0
35,11,107400.031810083,0,0,4236.21289199247,0.739242835703771,1,0.242000235380849,0
35,12,108031.555433285,0,0,4236.21289199247,0.739242835703771,1,0.242000235380849,0
35,13,108561.716695918,0,1,4236.21289199247,0.739242835703771,1,0.242000235380849,0
35,14,115181.916117896,0,1,4236.21289199247,0.739242835703771,1,0.242000235380849,0
35,15,119256.105321116,0,1,4236.21289199247,0.739242835703771,1,0.242000235380849,0
35,16,114969.36128265,0,1,4236.21289199247,0.739242835703771,1,0.242000235380849,0
35,17,112778.252928283,0,1,4236.21289199247,0.739242835703771,1,0.242000235380849,0
35,18,112070.113983931,0,1,4236.21289199247,0.739242835703771,1,0.242000235380849,0
35,19,107258.306576792,0,1,4236.21289199247,0.739242835703771,1,0.242000235380849,0
35,20,104972.292836321,0,1,4236.21289199247,0.739242835703771,1,0.242000235380849,0
35,21,110214.06218229,0,1,4236.21289199247,0.739242835703771,1,0.242000235380849,0
35,22,109819.317720653,0,1,4236.21289199247,0.739242835703771,1,0.242000235380849,0
35,23,108671.209157778,0,1,4236.21289199247,0.739242835703771,1,0.242000235380849,0
35,24,115840.342728827,0,1,4236.21289199247,0.739242835703771,1,0.242000235380849,0
36,1,94128.9255240833,1,0,3223.83621571683,0.880423574638553,3,0.508571026926045,0
36,2,92318.0600817333,1,0,3223.83621571683,0.880423574638553,3,0.508571026926045,0
36,3,100247.416928039,1,0,3223.83621571683,0.880423574638553,3,0.508571026926045,0
36,4,99065.2929973803,1,0,3223.83621571683,0.880423574638553,3,0.508571026926045,0
36,5,97395.631505958,1,0,3223.83621571683,0.880423574638553,3,0.508571026926045,0
36,6,93400.6644890283,1,0,3223.83621571683,0.880423574638553,3,0.508571026926045,0
36,7,89987.6632976353,1,0,3223.83621571683,0.880423574638553,3,0.508571026926045,0
36,8,88772.6601324195,1,0,3223.83621571683,0.880423574638553,3,0.508571026926045,0
36,9,87898.740217824,1,0,3223.83621571683,0.880423574638553,3,0.508571026926045,0
36,10,93360.5385197064,1,0,3223.83621571683,0.880423574638553,3,0.508571026926045,0
36,11,93904.9906230477,1,0,3223.83621571683,0.880423574638553,3,0.508571026926045,0
36,12,96348.5230694905,1,0,3223.83621571683,0.880423574638553,3,0.508571026926045,0
36,13,105285.801343432,1,1,3223.83621571683,0.880423574638553,3,0.508571026926045,6372.76525713552
36,14,113232.386087413,1,1,3223.83621571683,0.880423574638553,3,0.508571026926045,6372.76525713552
36,15,111272.410735927,1,1,3223.83621571683,0.880423574638553,3,0.508571026926045,6372.76525713552
36,16,110204.280785407,1,1,3223.83621571683,0.880423574638553,3,0.508571026926045,6372.76525713552
36,17,112676.977131589,1,1,3223.83621571683,0.880423574638553,3,0.508571026926045,6372.76525713552
36,18,105833.822204255,1,1,3223.83621571683,0.880423574638553,3,0.508571026926045,6372.76525713552
36,19,101437.671695379,1,1,3223.83621571683,0.880423574638553,3,0.508571026926045,6372.76525713552
36,20,106108.032191871,1,1,3223.83621571683,0.880423574638553,3,0.508571026926045,6372.76525713552
36,21,101504.464792613,1,1,3223.83621571683,0.880423574638553,3,0.508571026926045,6372.76525713552
36,22,102223.833492151,1,1,3223.83621571683,0.880423574638553,3,0.508571026926045,6372.76525713552
36,23,107373.786641877,1,1,3223.83621571683,0.880423574638553,3,0.508571026926045,6372.76525713552
36,24,113534.662400728,1,1,3223.83621571683,0.880423574638553,3,0.508571026926045,6372.76525713552
37,1,101402.483101093,1,0,4525.80358318522,0.757996495906264,3,0.624035714123299,0
37,2,110160.373470117,1,0,4525.80358318522,0.757996495906264,3,0.624035714123299,0
37,3,107685.54843303,1,0,4525.80358318522,0.757996495906264,3,0.624035714123299,0
37,4,107478.125050693,1,0,4525.80358318522,0.757996495906264,3,0.624035714123299,0
37,5,109443.496243814,1,0,4525.80358318522,0.757996495906264,3,0.624035714123299,0
37,6,101355.097390654,1,0,4525.80358318522,0.757996495906264,3,0.624035714123299,0
37,7,103692.93201618,1,0,4525.80358318522,0.757996495906264,3,0.624035714123299,0
37,8,102357.534123093,1,0,4525.80358318522,0.757996495906264,3,0.624035714123299,0
37,9,98772.0225706679,1,0,4525.80358318522,0.757996495906264,3,0.624035714123299,0
37,10,101098.554939278,1,0,4525.80358318522,0.757996495906264,3,0.624035714123299,0
37,11,111667.964994745,1,0,4525.80358318522,0.757996495906264,3,0.624035714123299,0
37,12,111558.845525938,1,0,4525.80358318522,0.757996495906264,3,0.624035714123299,0
37,13,120009.527033917,1,1,4525.80358318522,0.757996495906264,3,0.624035714123299,6778.89478340514
37,14,120032.204384398,1,1,4525.80358318522,0.757996495906264,3,0.624035714123299,6778.89478340514
37,15,125755.076266478,1,1,4525.80358318522,0.757996495906264,3,0.624035714123299,6778.89478340514
37,16,123323.767315521,1,1,4525.80358318522,0.757996495906264,3,0.624035714123299,6778.89478340514
37,17,118564.395618921,1,1,4525.80358318522,0.757996495906264,3,0.624035714123299,6778.89478340514
37,18,120919.381945612,1,1,4525.80358318522,0.757996495906264,3,0.624035714123299,6778.89478340514
37,19,118045.468920306,1,1,4525.80358318522,0.757996495906264,3,0.624035714123299,6778.89478340514
37,20,116705.127991243,1,1,4525.80358318522,0.757996495906264,3,0.624035714123299,6778.89478340514
37,21,117402.17508603,1,1,4525.80358318522,0.757996495906264,3,0.624035714123299,6778.89478340514
37,22,119220.733750269,1,1,4525.80358318522,0.757996495906264,3,0.624035714123299,6778.89478340514
37,23,121205.11556895,1,1,4525.80358318522,0.757996495906264,3,0.624035714123299,6778.89478340514
37,24,123150.45862114,1,1,4525.80358318522,0.757996495906264,3,0.624035714123299,6778.89478340514
38,1,89894.0067544313,1,0,2921.6599598604,0.828874173178338,3,0.762034154796178,0
38,2,93203.3480912707,1,0,2921.6599598604,0.828874173178338,3,0.762034154796178,0
38,3,92790.8712547706,1,0,2921.6599598604,0.828874173178338,3,0.762034154796178,0
38,4,93395.7823218488,1,0,2921.6599598604,0.828874173178338,3,0.762034154796178,0
38,5,92172.4793652436,1,0,2921.6599598604,0.828874173178338,3,0.762034154796178,0
38,6,89015.2486823073,1,0,2921.6599598604,0.828874173178338,3,0.762034154796178,0
38,7,87499.252515561,1,0,2921.6599598604,0.828874173178338,3,0.762034154796178,0
38,8,87472.4144312177,1,0,2921.6599598604,0.828874173178338,3,0.762034154796178,0
38,9,89226.519904993,1,0,2921.6599598604,0.828874173178338,3,0.762034154796178,0
38,10,84183.2191259751,1,0,2921.6599598604,0.828874173178338,3,0.762034154796178,0
38,11,88663.5424154676,1,0,2921.6599598604,0.828874173178338,3,0.762034154796178,0
38,12,91198.5883067393,1,0,2921.6599598604,0.828874173178338,3,0.762034154796178,0
38,13,106795.535916407,1,1,2921.6599598604,0.828874173178338,3,0.762034154796178,6118.57832628687
38,14,105646.602309294,1,1,2921.6599598604,0.828874173178338,3,0.762034154796178,6118.57832628687
38,15,111200.662595731,1,1,2921.6599598604,0.828874173178338,3,0.762034154796178,6118.57832628687
38,16,105759.237315674,1,1,2921.6599598604,0.828874173178338,3,0.762034154796178,6118.57832628687
38,17,107497.597652306,1,1,2921.6599598604,0.828874173178338,3,0.762034154796178,6118.57832628687
38,18,101168.079881984,1,1,2921.6599598604,0.828874173178338,3,0.762034154796178,6118.57832628687
38,19,105056.20379744,1,1,2921.6599598604,0.828874173178338,3,0.762034154796178,6118.57832628687
38,20,103434.628886119,1,1,2921.6599598604,0.828874173178338,3,0.762034154796178,6118.57832628687
38,21,103986.970702902,1,1,2921.6599598604,0.828874173178338,3,0.762034154796178,6118.57832628687
38,22,103301.796177625,1,1,2921.6599598604,0.828874173178338,3,0.762034154796178,6118.57832628687
38,23,108136.57246654,1,1,2921.6599598604,0.828874173178338,3,0.762034154796178,6118.57832628687
38,24,109635.836519217,1,1,2921.6599598604,0.828874173178338,3,0.762034154796178,6118.57832628687
39,1,82248.7135395836,0,0,2923.13840649635,0.540480136917904,3,-0.770543115899298,0
39,2,86549.7234800649,0,0,2923.13840649635,0.540480136917904,3,-0.770543115899298,0
39,3,88900.0243714611,0,0,2923.13840649635,0.540480136917904,3,-0.770543115899298,0
39,4,87649.1374054893,0,0,2923.13840649635,0.540480136917904,3,-0.770543115899298,0
39,5,81970.0604573362,0,0,2923.13840649635,0.540480136917904,3,-0.770543115899298,0
39,6,80970.7703290762,0,0,2923.13840649635,0.540480136917904,3,-0.770543115899298,0
39,7,78737.970248742,0,0,2923.13840649635,0.540480136917904,3,-0.770543115899298,0
39,8,76665.5157380427,0,0,2923.13840649635,0.540480136917904,3,-0.770543115899298,0
39,9,79638.5587799306,0,0,2923.13840649635,0.540480136917904,3,-0.770543115899298,0
39,10,78137.1556480526,0,0,2923.13840649635,0.540480136917904,3,-0.770543115899298,0
39,11,82923.3386634665,0,0,2923.13840649635,0.540480136917904,3,-0.770543115899298,0
39,12,80814.2660946733,0,0,2923.13840649635,0.540480136917904,3,-0.770543115899298,0
39,13,90103.9435635933,0,1,2923.13840649635,0.540480136917904,3,-0.770543115899298,0
39,14,89026.9185731595,0,1,2923.13840649635,0.540480136917904,3,-0.770543115899298,0
39,15,92008.0423893901,0,1,2923.13840649635,0.540480136917904,3,-0.770543115899298,0
39,16,89020.3535685364,0,1,2923.13840649635,0.540480136917904,3,-0.770543115899298,0
39,17,88236.6335636334,0,1,2923.13840649635,0.540480136917904,3,-0.770543115899298,0
39,18,86718.2266307617,0,1,2923.13840649635,0.540480136917904,3,-0.770543115899298,0
39,19,83632.8054487231,0,1,2923.13840649635,0.540480136917904,3,-0.770543115899298,0
39,20,80960.7481835713,0,1,2923.13840649635,0.540480136917904,3,-0.770543115899298,0
39,21,82125.2115040454,0,1,2923.13840649635,0.540480136917904,3,-0.770543115899298,0
39,22,82867.9252602449,0,1,2923.13840649635,0.540480136917904,3,-0.770543115899298,0
39,23,86425.456658258,0,1,2923.13840649635,0.540480136917904,3,-0.770543115899298,0
39,24,90099.405536349,0,1,2923.13840649635,0.540480136917904,3,-0.770543115899298,0
40,1,85711.8475624819,1,0,2302.3636342641,0.89895023163408,3,0.617373619808771,0
40,2,87860.1610081656,1,0,2302.3636342641,0.89895023163408,3,0.617373619808771,0
40,3,90002.7022289617,1,0,2302.3636342641,0.89895023163408,3,0.617373619808771,0
40,4,86798.5673976192,1,0,2302.3636342641,0.89895023163408,3,0.617373619808771,0
40,5,84794.0157667035,1,0,2302.3636342641,0.89895023163408,3,0.617373619808771,0
40,6,85818.2438043287,1,0,2302.3636342641,0.89895023163408,3,0.617373619808771,0
40,7,81943.2137913476,1,0,2302.3636342641,0.89895023163408,3,0.617373619808771,0
40,8,87090.232882661,1,0,2302.3636342641,0.89895023163408,3,0.617373619808771,0
40,9,79462.7248607158,1,0,2302.3636342641,0.89895023163408,3,0.617373619808771,0
40,10,81288.85636801,1,0,2302.3636342641,0.89895023163408,3,0.617373619808771,0
40,11,88643.4523614534,1,0,2302.3636342641,0.89895023163408,3,0.617373619808771,0
40,12,86358.4012379962,1,0,2302.3636342641,0.89895023163408,3,0.617373619808771,0
40,13,97947.6015506014,1,1,2302.3636342641,0.89895023163408,3,0.617373619808771,5949.08228040021
40,14,105212.752603186,1,1,2302.3636342641,0.89895023163408,3,0.617373619808771,5949.08228040021
40,15,104379.121372108,1,1,2302.3636342641,0.89895023163408,3,0.617373619808771,5949.08228040021
40,16,100689.595740958,1,1,2302.3636342641,0.89895023163408,3,0.617373619808771,5949.08228040021
40,17,100116.367962632,1,1,2302.3636342641,0.89895023163408,3,0.617373619808771,5949.08228040021
40,18,98432.6186993016,1,1,2302.3636342641,0.89895023163408,3,0.617373619808771,5949.08228040021
40,19,94836.773095697,1,1,2302.3636342641,0.89895023163408,3,0.617373619808771,5949.08228040021
40,20,93064.3338055855,1,1,2302.3636342641,0.89895023163408,3,0.617373619808771,5949.08228040021
40,21,96165.2779500783,1,1,2302.3636342641,0.89895023163408,3,0.617373619808771,5949.08228040021
40,22,95996.365645069,1,1,2302.3636342641,0.89895023163408,3,0.617373619808771,5949.08228040021
40,23,99786.8063543416,1,1,2302.3636342641,0.89895023163408,3,0.617373619808771,5949.08228040021
40,24,102172.687474121,1,1,2302.3636342641,0.89895023163408,3,0.617373619808771,5949.08228040021
41,1,68362.6385139161,0,0,1634.08192333671,0.707157324638683,3,-0.556744388514243,0
41,2,73801.3961307035,0,0,1634.08192333671,0.707157324638683,3,-0.556744388514243,0
41,3,76357.4814881996,0,0,1634.08192333671,0.707157324638683,3,-0.556744388514243,0
41,4,78246.62435123,0,0,1634.08192333671,0.707157324638683,3,-0.556744388514243,0
41,5,76869.5083734414,0,0,1634.08192333671,0.707157324638683,3,-0.556744388514243,0
41,6,68856.6353341624,0,0,1634.08192333671,0.707157324638683,3,-0.556744388514243,0
41,7,72942.1576499794,0,0,1634.08192333671,0.707157324638683,3,-0.556744388514243,0
41,8,71644.8617223136,0,0,1634.08192333671,0.707157324638683,3,-0.556744388514243,0
41,9,66854.0449388015,0,0,1634.08192333671,0.707157324638683,3,-0.556744388514243,0
41,10,70613.3880906176,0,0,1634.08192333671,0.707157324638683,3,-0.556744388514243,0
41,11,72594.3258574544,0,0,1634.08192333671,0.707157324638683,3,-0.556744388514243,0
41,12,76087.5750465027,0,0,1634.08192333671,0.707157324638683,3,-0.556744388514243,0
41,13,79566.367575663,0,1,1634.08192333671,0.707157324638683,3,-0.556744388514243,0
41,14,82454.7198814686,0,1,1634.08192333671,0.707157324638683,3,-0.556744388514243,0
41,15,81633.7665448795,0,1,1634.08192333671,0.707157324638683,3,-0.556744388514243,0
41,16,82184.2985368242,0,1,1634.08192333671,0.707157324638683,3,-0.556744388514243,0
41,17,82765.5089917891,0,1,1634.08192333671,0.707157324638683,3,-0.556744388514243,0
41,18,78871.1718599707,0,1,1634.08192333671,0.707157324638683,3,-0.556744388514243,0
41,19,76358.5363306534,0,1,1634.08192333671,0.707157324638683,3,-0.556744388514243,0
41,20,77540.0407546784,0,1,1634.08192333671,0.707157324638683,3,-0.556744388514243,0
41,21,71535.8188190389,0,1,1634.08192333671,0.707157324638683,3,-0.556744388514243,0
41,22,75313.8903254467,0,1,1634.08192333671,0.707157324638683,3,-0.556744388514243,0
41,23,82390.9635511924,0,1,1634.08192333671,0.707157324638683,3,-0.556744388514243,0
41,24,77427.1243324699,0,1,1634.08192333671,0.707157324638683,3,-0.556744388514243,0
42,1,90283.8365868732,1,0,3125.88553717091,0.759126929868944,3,-0.298126482891134,0
42,2,88523.8632996371,1,0,3125.88553717091,0.759126929868944,3,-0.298126482891134,0
42,3,94619.0436082993,1,0,3125.88553717091,0.759126929868944,3,-0.298126482891134,0
42,4,91235.3519592278,1,0,3125.88553717091,0.759126929868944,3,-0.298126482891134,0
42,5,91663.6236326896,1,0,3125.88553717091,0.759126929868944,3,-0.298126482891134,0
42,6,91808.1728817825,1,0,3125.88553717091,0.759126929868944,3,-0.298126482891134,0
42,7,84836.9099051274,1,0,3125.88553717091,0.759126929868944,3,-0.298126482891134,0
42,8,83592.957501347,1,0,3125.88553717091,0.759126929868944,3,-0.298126482891134,0
42,9,87278.3989345022,1,0,3125.88553717091,0.759126929868944,3,-0.298126482891134,0
42,10,85423.1867235398,1,0,3125.88553717091,0.759126929868944,3,-0.298126482891134,0
42,11,88202.1634606318,1,0,3125.88553717091,0.759126929868944,3,-0.298126482891134,0
42,12,90588.3498804051,1,0,3125.88553717091,0.759126929868944,3,-0.298126482891134,0
42,13,99075.7039621736,1,1,3125.88553717091,0.759126929868944,3,-0.298126482891134,6081.19662832334
42,14,104101.361125748,1,1,3125.88553717091,0.759126929868944,3,-0.298126482891134,6081.19662832334
42,15,105973.512309239,1,1,3125.88553717091,0.759126929868944,3,-0.298126482891134,6081.19662832334
42,16,103232.024248916,1,1,3125.88553717091,0.759126929868944,3,-0.298126482891134,6081.19662832334
42,17,102874.76290128,1,1,3125.88553717091,0.759126929868944,3,-0.298126482891134,6081.19662832334
42,18,97182.479084959,1,1,3125.88553717091,0.759126929868944,3,-0.298126482891134,6081.19662832334
42,19,100499.258733552,1,1,3125.88553717091,0.759126929868944,3,-0.298126482891134,6081.19662832334
42,20,96778.5721662948,1,1,3125.88553717091,0.759126929868944,3,-0.298126482891134,6081.19662832334
42,21,95102.3407281652,1,1,3125.88553717091,0.759126929868944,3,-0.298126482891134,6081.19662832334
42,22,98721.9529227249,1,1,3125.88553717091,0.759126929868944,3,-0.298126482891134,6081.19662832334
42,23,102616.180528794,1,1,3125.88553717091,0.759126929868944,3,-0.298126482891134,6081.19662832334
42,24,103866.632941347,1,1,3125.88553717091,0.759126929868944,3,-0.298126482891134,6081.19662832334
43,1,79646.2725365149,0,0,2812.52692404632,0.698794206150342,6,-0.124749604448736,0
43,2,83580.6474771616,0,0,2812.52692404632,0.698794206150342,6,-0.124749604448736,0
43,3,82437.4404301509,0,0,2812.52692404632,0.698794206150342,6,-0.124749604448736,0
43,4,80645.9417763513,0,0,2812.52692404632,0.698794206150342,6,-0.124749604448736,0
43,5,79244.3719406541,0,0,2812.52692404632,0.698794206150342,6,-0.124749604448736,0
43,6,78774.4082553232,0,0,2812.52692404632,0.698794206150342,6,-0.124749604448736,0
43,7,75281.026125027,0,0,2812.52692404632,0.698794206150342,6,-0.124749604448736,0
43,8,75613.7697846586,0,0,2812.52692404632,0.698794206150342,6,-0.124749604448736,0
43,9,77353.9731700489,0,0,2812.52692404632,0.698794206150342,6,-0.124749604448736,0
43,10,79541.6991486469,0,0,2812.52692404632,0.698794206150342,6,-0.124749604448736,0
43,11,76866.2872696965,0,0,2812.52692404632,0.698794206150342,6,-0.124749604448736,0
43,12,82783.9211593799,0,0,2812.52692404632,0.698794206150342,6,-0.124749604448736,0
43,13,83460.6872204333,0,1,2812.52692404632,0.698794206150342,6,-0.124749604448736,0
43,14,86329.225826544,0,1,2812.52692404632,0.698794206150342,6,-0.124749604448736,0
43,15,84602.6124538392,0,1,2812.52692404632,0.698794206150342,6,-0.124749604448736,0
43,16,89704.6267672112,0,1,2812.52692404632,0.698794206150342,6,-0.124749604448736,0
43,17,89664.8307374379,0,1,2812.52692404632,0.698794206150342,6,-0.124749604448736,0
43,18,81621.7637549254,0,1,2812.52692404632,0.698794206150342,6,-0.124749604448736,0
43,19,80800.4827119372,0,1,2812.52692404632,0.698794206150342,6,-0.124749604448736,0
43,20,81764.8095585775,0,1,2812.52692404632,0.698794206150342,6,-0.124749604448736,0
43,21,77779.6923491401,0,1,2812.52692404632,0.698794206150342,6,-0.124749604448736,0
43,22,86880.6150236613,0,1,2812.52692404632,0.698794206150342,6,-0.124749604448736,0
43,23,82024.6001614665,0,1,2812.52692404632,0.698794206150342,6,-0.124749604448736,0
43,24,92511.6973699931,0,1,2812.52692404632,0.698794206150342,6,-0.124749604448736,0
44,1,76529.744553683,0,0,1619.34416048415,0.866610596876126,3,-0.247368492698843,0
44,2,76347.5673049508,0,0,1619.34416048415,0.866610596876126,3,-0.247368492698843,0
44,3,76090.3883504413,0,0,1619.34416048415,0.866610596876126,3,-0.247368492698843,0
44,4,79257.9454225297,0,0,1619.34416048415,0.866610596876126,3,-0.247368492698843,0
44,5,78325.9087755257,0,0,1619.34416048415,0.866610596876126,3,-0.247368492698843,0
44,6,76443.1120402332,0,0,1619.34416048415,0.866610596876126,3,-0.247368492698843,0
44,7,76076.06927864,0,0,1619.34416048415,0.866610596876126,3,-0.247368492698843,0
44,8,72891.5771630662,0,0,1619.34416048415,0.866610596876126,3,-0.247368492698843,0
44,9,76378.629150869,0,0,1619.34416048415,0.866610596876126,3,-0.247368492698843,0
44,10,71679.252034157,0,0,1619.34416048415,0.866610596876126,3,-0.247368492698843,0
44,11,72455.7241196525,0,0,1619.34416048415,0.866610596876126,3,-0.247368492698843,0
44,12,76758.4369060163,0,0,1619.34416048415,0.866610596876126,3,-0.247368492698843,0
44,13,83533.5197967626,0,1,1619.34416048415,0.866610596876126,3,-0.247368492698843,0
44,14,83878.3446235303,0,1,1619.34416048415,0.866610596876126,3,-0.247368492698843,0
44,15,86023.2081772371,0,1,1619.34416048415,0.866610596876126,3,-0.247368492698843,0
44,16,85581.8714493838,0,1,1619.34416048415,0.866610596876126,3,-0.247368492698843,0
44,17,80950.4127996336,0,1,1619.34416048415,0.866610596876126,3,-0.247368492698843,0
44,18,78975.9052626023,0,1,1619.34416048415,0.866610596876126,3,-0.247368492698843,0
44,19,76337.3542444736,0,1,1619.34416048415,0.866610596876126,3,-0.247368492698843,0
44,20,78840.1390684236,0,1,1619.34416048415,0.866610596876126,3,-0.247368492698843,0
44,21,73347.2132291692,0,1,1619.34416048415,0.866610596876126,3,-0.247368492698843,0
44,22,82576.9797330558,0,1,1619.34416048415,0.866610596876126,3,-0.247368492698843,0
44,23,81477.1248751032,0,1,1619.34416048415,0.866610596876126,3,-0.247368492698843,0
44,24,84991.7923483718,0,1,1619.34416048415,0.866610596876126,3,-0.247368492698843,0
45,1,93760.729394673,0,0,3684.04830890882,0.795020450081211,5,0.295788960594217,0
45,2,94535.2422040824,0,0,3684.04830890882,0.795020450081211,5,0.295788960594217,0
45,3,93405.8346111531,0,0,3684.04830890882,0.795020450081211,5,0.295788960594217,0
45,4,95779.2934070313,0,0,3684.04830890882,0.795020450081211,5,0.295788960594217,0
45,5,93641.5456092932,0,0,3684.04830890882,0.795020450081211,5,0.295788960594217,0
45,6,92702.8912392798,0,0,3684.04830890882,0.795020450081211,5,0.295788960594217,0
45,7,87191.9020951164,0,0,3684.04830890882,0.795020450081211,5,0.295788960594217,0
45,8,87104.8632076162,0,0,3684.04830890882,0.795020450081211,5,0.295788960594217,0
45,9,86963.8939056806,0,0,3684.04830890882,0.795020450081211,5,0.295788960594217,0
45,10,87483.4595467602,0,0,3684.04830890882,0.795020450081211,5,0.295788960594217,0
45,11,88629.0884628353,0,0,3684.04830890882,0.795020450081211,5,0.295788960594217,0
45,12,96515.7516102176,0,0,3684.04830890882,0.795020450081211,5,0.295788960594217,0
45,13,95109.3879130158,0,1,3684.04830890882,0.795020450081211,5,0.295788960594217,0
45,14,101888.411687436,0,1,3684.04830890882,0.795020450081211,5,0.295788960594217,0
45,15,98504.8540556877,0,1,3684.04830890882,0.795020450081211,5,0.295788960594217,0
45,16,100876.48348496,0,1,3684.04830890882,0.795020450081211,5,0.295788960594217,0
45,17,102055.107482856,0,1,3684.04830890882,0.795020450081211,5,0.295788960594217,0
45,18,96580.2036782739,0,1,3684.04830890882,0.795020450081211,5,0.295788960594217,0
45,19,93675.4709420033,0,1,3684.04830890882,0.795020450081211,5,0.295788960594217,0
45,20,94747.8385645873,0,1,3684.04830890882,0.795020450081211,5,0.295788960594217,0
45,21,97508.9682136698,0,1,3684.04830890882,0.795020450081211,5,0.295788960594217,0
45,22,96075.7656778632,0,1,3684.04830890882,0.795020450081211,5,0.295788960594217,0
45,23,96153.5994420755,0,1,3684.04830890882,0.795020450081211,5,0.295788960594217,0
45,24,101191.757989064,0,1,3684.04830890882,0.795020450081211,5,0.295788960594217,0
46,1,94412.4509054512,1,0,3845.49895778156,0.615068413468543,3,0.291944087246566,0
46,2,97836.4890767031,1,0,3845.49895778156,0.615068413468543,3,0.291944087246566,0
46,3,94250.8278714136,1,0,3845.49895778156,0.615068413468543,3,0.291944087246566,0
46,4,98215.8576463969,1,0,3845.49895778156,0.615068413468543,3,0.291944087246566,0
46,5,100926.554866842,1,0,3845.49895778156,0.615068413468543,3,0.291944087246566,0
46,6,94862.7189766464,1,0,3845.49895778156,0.615068413468543,3,0.291944087246566,0
46,7,93700.4155400246,1,0,3845.49895778156,0.615068413468543,3,0.291944087246566,0
46,8,98800.8685725092,1,0,3845.49895778156,0.615068413468543,3,0.291944087246566,0
46,9,94053.571210125,1,0,3845.49895778156,0.615068413468543,3,0.291944087246566,0
46,10,91496.7570850327,1,0,3845.49895778156,0.615068413468543,3,0.291944087246566,0
46,11,95230.2351839091,1,0,3845.49895778156,0.615068413468543,3,0.291944087246566,0
46,12,99494.8462321516,1,0,3845.49895778156,0.615068413468543,3,0.291944087246566,0
46,13,106841.963922496,1,1,3845.49895778156,0.615068413468543,3,0.291944087246566,6152.88630582787
46,14,109651.021005685,1,1,3845.49895778156,0.615068413468543,3,0.291944087246566,6152.88630582787
46,15,111852.510037138,1,1,3845.49895778156,0.615068413468543,3,0.291944087246566,6152.88630582787
46,16,112693.934141948,1,1,3845.49895778156,0.615068413468543,3,0.291944087246566,6152.88630582787
46,17,112216.643936387,1,1,3845.49895778156,0.615068413468543,3,0.291944087246566,6152.88630582787
46,18,107052.821569507,1,1,3845.49895778156,0.615068413468543,3,0.291944087246566,6152.88630582787
46,19,106364.815483071,1,1,3845.49895778156,0.615068413468543,3,0.291944087246566,6152.88630582787
46,20,103711.574479691,1,1,3845.49895778156,0.615068413468543,3,0.291944087246566,6152.88630582787
46,21,105282.618723499,1,1,3845.49895778156,0.615068413468543,3,0.291944087246566,6152.88630582787
46,22,103766.525865882,1,1,3845.49895778156,0.615068413468543,3,0.291944087246566,6152.88630582787
46,23,110474.710644864,1,1,3845.49895778156,0.615068413468543,3,0.291944087246566,6152.88630582787
46,24,110741.056660794,1,1,3845.49895778156,0.615068413468543,3,0.291944087246566,6152.88630582787
47,1,92184.5026280161,1,0,3805.11991050087,0.759059394570067,4,0.446067690407647,0
47,2,93399.426323301,1,0,3805.11991050087,0.759059394570067,4,0.446067690407647,0
47,3,100992.005117141,1,0,3805.11991050087,0.759059394570067,4,0.446067690407647,0
47,4,99265.3546556764,1,0,3805.11991050087,0.759059394570067,4,0.446067690407647,0
47,5,97539.0659794332,1,0,3805.11991050087,0.759059394570067,4,0.446067690407647,0
47,6,97656.7653983554,1,0,3805.11991050087,0.759059394570067,4,0.446067690407647,0
47,7,92354.8709331293,1,0,3805.11991050087,0.759059394570067,4,0.446067690407647,0
47,8,91639.6163626333,1,0,3805.11991050087,0.759059394570067,4,0.446067690407647,0
47,9,94431.0397017149,1,0,3805.11991050087,0.759059394570067,4,0.446067690407647,0
47,10,94902.2681608015,1,0,3805.11991050087,0.759059394570067,4,0.446067690407647,0
47,11,97282.0915100945,1,0,3805.11991050087,0.759059394570067,4,0.446067690407647,0
47,12,101024.194158651,1,0,3805.11991050087,0.759059394570067,4,0.446067690407647,0
47,13,110785.559941667,1,1,3805.11991050087,0.759059394570067,4,0.446067690407647,6420.67874439057
47,14,111059.167195094,1,1,3805.11991050087,0.759059394570067,4,0.446067690407647,6420.67874439057
47,15,112154.536269092,1,1,3805.11991050087,0.759059394570067,4,0.446067690407647,6420.67874439057
47,16,111370.180742703,1,1,3805.11991050087,0.759059394570067,4,0.446067690407647,6420.67874439057
47,17,112894.154105541,1,1,3805.11991050087,0.759059394570067,4,0.446067690407647,6420.67874439057
47,18,109028.350031257,1,1,3805.11991050087,0.759059394570067,4,0.446067690407647,6420.67874439057
47,19,107837.891122322,1,1,3805.11991050087,0.759059394570067,4,0.446067690407647,6420.67874439057
47,20,105648.841718343,1,1,3805.11991050087,0.759059394570067,4,0.446067690407647,6420.67874439057
47,21,106324.920698641,1,1,3805.11991050087,0.759059394570067,4,0.446067690407647,6420.67874439057
47,22,111810.870940983,1,1,3805.11991050087,0.759059394570067,4,0.446067690407647,6420.67874439057
47,23,108089.551367465,1,1,3805.11991050087,0.759059394570067,4,0.446067690407647,6420.67874439057
47,24,112756.086472851,1,1,3805.11991050087,0.759059394570067,4,0.446067690407647,6420.67874439057
48,1,80948.9219945944,1,0,3151.85861380688,0.735990961955395,6,0.225208988258671,0
48,2,86059.1949636668,1,0,3151.85861380688,0.735990961955395,6,0.225208988258671,0
48,3,84713.6039322693,1,0,3151.85861380688,0.735990961955395,6,0.225208988258671,0
48,4,87868.8137148761,1,0,3151.85861380688,0.735990961955395,6,0.225208988258671,0
48,5,86511.2746633159,1,0,3151.85861380688,0.735990961955395,6,0.225208988258671,0
48,6,83270.1043255575,1,0,3151.85861380688,0.735990961955395,6,0.225208988258671,0
48,7,85230.8934794118,1,0,3151.85861380688,0.735990961955395,6,0.225208988258671,0
48,8,78114.1978957849,1,0,3151.85861380688,0.735990961955395,6,0.225208988258671,0
48,9,80054.353483945,1,0,3151.85861380688,0.735990961955395,6,0.225208988258671,0
48,10,78228.5892433069,1,0,3151.85861380688,0.735990961955395,6,0.225208988258671,0
48,11,81962.24577917,1,0,3151.85861380688,0.735990961955395,6,0.225208988258671,0
48,12,86900.5203494666,1,0,3151.85861380688,0.735990961955395,6,0.225208988258671,0
48,13,97930.2560088925,1,1,3151.85861380688,0.735990961955395,6,0.225208988258671,6047.91123081423
48,14,96359.1816494228,1,1,3151.85861380688,0.735990961955395,6,0.225208988258671,6047.91123081423
48,15,97892.5172485371,1,1,3151.85861380688,0.735990961955395,6,0.225208988258671,6047.91123081423
48,16,98955.482302092,1,1,3151.85861380688,0.735990961955395,6,0.225208988258671,6047.91123081423
48,17,98264.2239570779,1,1,3151.85861380688,0.735990961955395,6,0.225208988258671,6047.91123081423
48,18,97482.3131814511,1,1,3151.85861380688,0.735990961955395,6,0.225208988258671,6047.91123081423
48,19,92979.1452852176,1,1,3151.85861380688,0.735990961955395,6,0.225208988258671,6047.91123081423
48,20,93915.7637455751,1,1,3151.85861380688,0.735990961955395,6,0.225208988258671,6047.91123081423
48,21,97323.4149575151,1,1,3151.85861380688,0.735990961955395,6,0.225208988258671,6047.91123081423
48,22,96403.4779479128,1,1,3151.85861380688,0.735990961955395,6,0.225208988258671,6047.91123081423
48,23,95871.5455881113,1,1,3151.85861380688,0.735990961955395,6,0.225208988258671,6047.91123081423
48,24,97219.2815187668,1,1,3151.85861380688,0.735990961955395,6,0.225208988258671,6047.91123081423
49,1,96658.4912364295,1,0,3789.35836045998,0.652989143063314,3,-0.0968022479022022,0
49,2,102215.044599925,1,0,3789.35836045998,0.652989143063314,3,-0.0968022479022022,0
49,3,96838.0467651751,1,0,3789.35836045998,0.652989143063314,3,-0.0968022479022022,0
49,4,99663.735969992,1,0,3789.35836045998,0.652989143063314,3,-0.0968022479022022,0
49,5,97478.7247413688,1,0,3789.35836045998,0.652989143063314,3,-0.0968022479022022,0
49,6,97113.6703519648,1,0,3789.35836045998,0.652989143063314,3,-0.0968022479022022,0
49,7,92677.8563545683,1,0,3789.35836045998,0.652989143063314,3,-0.0968022479022022,0
49,8,90437.7312010459,1,0,3789.35836045998,0.652989143063314,3,-0.0968022479022022,0
49,9,90664.9593493521,1,0,3789.35836045998,0.652989143063314,3,-0.0968022479022022,0
49,10,89667.9644889025,1,0,3789.35836045998,0.652989143063314,3,-0.0968022479022022,0
49,11,94327.0976527075,1,0,3789.35836045998,0.652989143063314,3,-0.0968022479022022,0
49,12,98860.9593764475,1,0,3789.35836045998,0.652989143063314,3,-0.0968022479022022,0
49,13,104756.954150788,1,1,3789.35836045998,0.652989143063314,3,-0.0968022479022022,6200.65746635662
49,14,112375.937801633,1,1,3789.35836045998,0.652989143063314,3,-0.0968022479022022,6200.65746635662
49,15,107657.384381072,1,1,3789.35836045998,0.652989143063314,3,-0.0968022479022022,6200.65746635662
49,16,105864.244471547,1,1,3789.35836045998,0.652989143063314,3,-0.0968022479022022,6200.65746635662
49,17,109862.498144395,1,1,3789.35836045998,0.652989143063314,3,-0.0968022479022022,6200.65746635662
49,18,108050.613577507,1,1,3789.35836045998,0.652989143063314,3,-0.0968022479022022,6200.65746635662
49,19,104088.623070629,1,1,3789.35836045998,0.652989143063314,3,-0.0968022479022022,6200.65746635662
49,20,102357.269371647,1,1,3789.35836045998,0.652989143063314,3,-0.0968022479022022,6200.65746635662
49,21,103331.08533101,1,1,3789.35836045998,0.652989143063314,3,-0.0968022479022022,6200.65746635662
49,22,104969.499556439,1,1,3789.35836045998,0.652989143063314,3,-0.0968022479022022,6200.65746635662
49,23,103287.641435619,1,1,3789.35836045998,0.652989143063314,3,-0.0968022479022022,6200.65746635662
49,24,109210.946878449,1,1,3789.35836045998,0.652989143063314,3,-0.0968022479022022,6200.65746635662
50,1,108751.140059822,0,0,4800.03745031551,0.639191051351372,1,0.441921319987422,0
50,2,109690.228167882,0,0,4800.03745031551,0.639191051351372,1,0.441921319987422,0
50,3,112169.4942733,0,0,4800.03745031551,0.639191051351372,1,0.441921319987422,0
50,4,112562.733798603,0,0,4800.03745031551,0.639191051351372,1,0.441921319987422,0
50,5,109602.237359946,0,0,4800.03745031551,0.639191051351372,1,0.441921319987422,0
50,6,105351.730961373,0,0,4800.03745031551,0.639191051351372,1,0.441921319987422,0
50,7,105987.840639539,0,0,4800.03745031551,0.639191051351372,1,0.441921319987422,0
50,8,106462.023027359,0,0,4800.03745031551,0.639191051351372,1,0.441921319987422,0
50,9,102295.25809297,0,0,4800.03745031551,0.639191051351372,1,0.441921319987422,0
50,10,107732.855972769,0,0,4800.03745031551,0.639191051351372,1,0.441921319987422,0
50,11,107601.272646811,0,0,4800.03745031551,0.639191051351372,1,0.441921319987422,0
50,12,111582.796044706,0,0,4800.03745031551,0.639191051351372,1,0.441921319987422,0
50,13,118354.617276368,0,1,4800.03745031551,0.639191051351372,1,0.441921319987422,0
50,14,121619.453356251,0,1,4800.03745031551,0.639191051351372,1,0.441921319987422,0
50,15,122061.29289221,0,1,4800.03745031551,0.639191051351372,1,0.441921319987422,0
50,16,119976.565757954,0,1,4800.03745031551,0.639191051351372,1,0.441921319987422,0
50,17,121327.940783839,0,1,4800.03745031551,0.639191051351372,1,0.441921319987422,0
50,18,117334.289048092,0,1,4800.03745031551,0.639191051351372,1,0.441921319987422,0
50,19,118414.04763029,0,1,4800.03745031551,0.639191051351372,1,0.441921319987422,0
50,20,116128.0534885,0,1,4800.03745031551,0.639191051351372,1,0.441921319987422,0
50,21,115368.222382023,0,1,4800.03745031551,0.639191051351372,1,0.441921319987422,0
50,22,114936.942240133,0,1,4800.03745031551,0.639191051351372,1,0.441921319987422,0
50,23,118088.872995156,0,1,4800.03745031551,0.639191051351372,1,0.441921319987422,0
50,24,121335.872011658,0,1,4800.03745031551,0.639191051351372,1,0.441921319987422,0
51,1,100249.061294538,1,0,3955.09523148598,0.732498063857201,1,-0.0631197268398446,0
51,2,101259.553417922,1,0,3955.09523148598,0.732498063857201,1,-0.0631197268398446,0
51,3,106546.975660256,1,0,3955.09523148598,0.732498063857201,1,-0.0631197268398446,0
51,4,103509.64878165,1,0,3955.09523148598,0.732498063857201,1,-0.0631197268398446,0
51,5,104053.187560911,1,0,3955.09523148598,0.732498063857201,1,-0.0631197268398446,0
51,6,100984.194276218,1,0,3955.09523148598,0.732498063857201,1,-0.0631197268398446,0
51,7,100590.888258352,1,0,3955.09523148598,0.732498063857201,1,-0.0631197268398446,0
51,8,97896.2897812407,1,0,3955.09523148598,0.732498063857201,1,-0.0631197268398446,0
51,9,96082.2035896297,1,0,3955.09523148598,0.732498063857201,1,-0.0631197268398446,0
51,10,100089.412010645,1,0,3955.09523148598,0.732498063857201,1,-0.0631197268398446,0
51,11,104342.664657866,1,0,3955.09523148598,0.732498063857201,1,-0.0631197268398446,0
51,12,104603.629006253,1,0,3955.09523148598,0.732498063857201,1,-0.0631197268398446,0
51,13,110317.763649346,1,1,3955.09523148598,0.732498063857201,1,-0.0631197268398446,6442.54374345739
51,14,116937.109311986,1,1,3955.09523148598,0.732498063857201,1,-0.0631197268398446,6442.54374345739
51,15,116607.27567155,1,1,3955.09523148598,0.732498063857201,1,-0.0631197268398446,6442.54374345739
51,16,114267.239858996,1,1,3955.09523148598,0.732498063857201,1,-0.0631197268398446,6442.54374345739
51,17,115484.836047547,1,1,3955.09523148598,0.732498063857201,1,-0.0631197268398446,6442.54374345739
51,18,115429.262845634,1,1,3955.09523148598,0.732498063857201,1,-0.0631197268398446,6442.54374345739
51,19,112908.075151706,1,1,3955.09523148598,0.732498063857201,1,-0.0631197268398446,6442.54374345739
51,20,109947.773964763,1,1,3955.09523148598,0.732498063857201,1,-0.0631197268398446,6442.54374345739
51,21,112332.281154617,1,1,3955.09523148598,0.732498063857201,1,-0.0631197268398446,6442.54374345739
51,22,109649.132584956,1,1,3955.09523148598,0.732498063857201,1,-0.0631197268398446,6442.54374345739
51,23,115201.900182505,1,1,3955.09523148598,0.732498063857201,1,-0.0631197268398446,6442.54374345739
51,24,116709.053214783,1,1,3955.09523148598,0.732498063857201,1,-0.0631197268398446,6442.54374345739
52,1,72855.0292635099,1,0,2470.35718294082,0.694855734775774,7,-0.432440294345269,0
52,2,77379.4580716526,1,0,2470.35718294082,0.694855734775774,7,-0.432440294345269,0
52,3,77164.2872285331,1,0,2470.35718294082,0.694855734775774,7,-0.432440294345269,0
52,4,77045.0779874799,1,0,2470.35718294082,0.694855734775774,7,-0.432440294345269,0
52,5,77185.4666495068,1,0,2470.35718294082,0.694855734775774,7,-0.432440294345269,0
52,6,74437.0903358116,1,0,2470.35718294082,0.694855734775774,7,-0.432440294345269,0
52,7,70108.2735058804,1,0,2470.35718294082,0.694855734775774,7,-0.432440294345269,0
52,8,72262.5891844662,1,0,2470.35718294082,0.694855734775774,7,-0.432440294345269,0
52,9,67827.9645281209,1,0,2470.35718294082,0.694855734775774,7,-0.432440294345269,0
52,10,72114.6774972077,1,0,2470.35718294082,0.694855734775774,7,-0.432440294345269,0
52,11,77333.4200259778,1,0,2470.35718294082,0.694855734775774,7,-0.432440294345269,0
52,12,75340.6766287662,1,0,2470.35718294082,0.694855734775774,7,-0.432440294345269,0
52,13,87763.6195523669,1,1,2470.35718294082,0.694855734775774,7,-0.432440294345269,5624.89006102196
52,14,84063.5451778158,1,1,2470.35718294082,0.694855734775774,7,-0.432440294345269,5624.89006102196
52,15,88705.9585718513,1,1,2470.35718294082,0.694855734775774,7,-0.432440294345269,5624.89006102196
52,16,87686.2796513621,1,1,2470.35718294082,0.694855734775774,7,-0.432440294345269,5624.89006102196
52,17,85331.6276283323,1,1,2470.35718294082,0.694855734775774,7,-0.432440294345269,5624.89006102196
52,18,84325.0788697483,1,1,2470.35718294082,0.694855734775774,7,-0.432440294345269,5624.89006102196
52,19,83022.8723871297,1,1,2470.35718294082,0.694855734775774,7,-0.432440294345269,5624.89006102196
52,20,78153.5018120076,1,1,2470.35718294082,0.694855734775774,7,-0.432440294345269,5624.89006102196
52,21,77132.9000843073,1,1,2470.35718294082,0.694855734775774,7,-0.432440294345269,5624.89006102196
52,22,79020.5479987213,1,1,2470.35718294082,0.694855734775774,7,-0.432440294345269,5624.89006102196
52,23,81676.1106202001,1,1,2470.35718294082,0.694855734775774,7,-0.432440294345269,5624.89006102196
52,24,83811.1141207259,1,1,2470.35718294082,0.694855734775774,7,-0.432440294345269,5624.89006102196
53,1,93752.928467491,0,0,3716.44795894001,0.59356940840371,1,-0.140649428694807,0
53,2,100047.468511616,0,0,3716.44795894001,0.59356940840371,1,-0.140649428694807,0
53,3,100689.597318605,0,0,3716.44795894001,0.59356940840371,1,-0.140649428694807,0
53,4,98929.1639670918,0,0,3716.44795894001,0.59356940840371,1,-0.140649428694807,0
53,5,101744.28790117,0,0,3716.44795894001,0.59356940840371,1,-0.140649428694807,0
53,6,94743.6465036284,0,0,3716.44795894001,0.59356940840371,1,-0.140649428694807,0
53,7,95549.0404588245,0,0,3716.44795894001,0.59356940840371,1,-0.140649428694807,0
53,8,92176.1720774281,0,0,3716.44795894001,0.59356940840371,1,-0.140649428694807,0
53,9,91311.9767551809,0,0,3716.44795894001,0.59356940840371,1,-0.140649428694807,0
53,10,94284.6107950106,0,0,3716.44795894001,0.59356940840371,1,-0.140649428694807,0
53,11,97877.7278245319,0,0,3716.44795894001,0.59356940840371,1,-0.140649428694807,0
53,12,102397.079510887,0,0,3716.44795894001,0.59356940840371,1,-0.140649428694807,0
53,13,104355.549664438,0,1,3716.44795894001,0.59356940840371,1,-0.140649428694807,0
53,14,104091.799226765,0,1,3716.44795894001,0.59356940840371,1,-0.140649428694807,0
53,15,105580.435385431,0,1,3716.44795894001,0.59356940840371,1,-0.140649428694807,0
53,16,106458.050026378,0,1,3716.44795894001,0.59356940840371,1,-0.140649428694807,0
53,17,103730.986240435,0,1,3716.44795894001,0.59356940840371,1,-0.140649428694807,0
53,18,104348.961560611,0,1,3716.44795894001,0.59356940840371,1,-0.140649428694807,0
53,19,102018.052936921,0,1,3716.44795894001,0.59356940840371,1,-0.140649428694807,0
53,20,99410.82242727,0,1,3716.44795894001,0.59356940840371,1,-0.140649428694807,0
53,21,100197.63266569,0,1,3716.44795894001,0.59356940840371,1,-0.140649428694807,0
53,22,99965.9910674045,0,1,3716.44795894001,0.59356940840371,1,-0.140649428694807,0
53,23,104409.358280631,0,1,3716.44795894001,0.59356940840371,1,-0.140649428694807,0
53,24,104218.459686413,0,1,3716.44795894001,0.59356940840371,1,-0.140649428694807,0
54,1,70828.5436825243,1,0,1554.78277143171,0.679680856585037,6,-0.618440581688921,0
54,2,67465.7497583341,1,0,1554.78277143171,0.679680856585037,6,-0.618440581688921,0
54,3,68330.0192791163,1,0,1554.78277143171,0.679680856585037,6,-0.618440581688921,0
54,4,70239.2331762542,1,0,1554.78277143171,0.679680856585037,6,-0.618440581688921,0
54,5,70062.3790125099,1,0,1554.78277143171,0.679680856585037,6,-0.618440581688921,0
54,6,65861.5861324097,1,0,1554.78277143171,0.679680856585037,6,-0.618440581688921,0
54,7,61675.8438318343,1,0,1554.78277143171,0.679680856585037,6,-0.618440581688921,0
54,8,60471.2412625081,1,0,1554.78277143171,0.679680856585037,6,-0.618440581688921,0
54,9,61305.5356858912,1,0,1554.78277143171,0.679680856585037,6,-0.618440581688921,0
54,10,57659.7966775924,1,0,1554.78277143171,0.679680856585037,6,-0.618440581688921,0
54,11,62594.8509247018,1,0,1554.78277143171,0.679680856585037,6,-0.618440581688921,0
54,12,68026.2994066569,1,0,1554.78277143171,0.679680856585037,6,-0.618440581688921,0
54,13,77709.3176391061,1,1,1554.78277143171,0.679680856585037,6,-0.618440581688921,5136.75309888593
54,14,77099.8951548172,1,1,1554.78277143171,0.679680856585037,6,-0.618440581688921,5136.75309888593
54,15,79141.4349331601,1,1,1554.78277143171,0.679680856585037,6,-0.618440581688921,5136.75309888593
54,16,74679.1273997883,1,1,1554.78277143171,0.679680856585037,6,-0.618440581688921,5136.75309888593
54,17,73546.7968878066,1,1,1554.78277143171,0.679680856585037,6,-0.618440581688921,5136.75309888593
54,18,73899.1895534059,1,1,1554.78277143171,0.679680856585037,6,-0.618440581688921,5136.75309888593
54,19,73722.456603012,1,1,1554.78277143171,0.679680856585037,6,-0.618440581688921,5136.75309888593
54,20,69031.7949610553,1,1,1554.78277143171,0.679680856585037,6,-0.618440581688921,5136.75309888593
54,21,71792.2658047948,1,1,1554.78277143171,0.679680856585037,6,-0.618440581688921,5136.75309888593
54,22,70797.2153389023,1,1,1554.78277143171,0.679680856585037,6,-0.618440581688921,5136.75309888593
54,23,72908.44173091,1,1,1554.78277143171,0.679680856585037,6,-0.618440581688921,5136.75309888593
54,24,71975.550674544,1,1,1554.78277143171,0.679680856585037,6,-0.618440581688921,5136.75309888593
55,1,75772.9618883985,1,0,2183.48174794283,0.596367376844864,3,-0.561004392665805,0
55,2,80538.2768874148,1,0,2183.48174794283,0.596367376844864,3,-0.561004392665805,0
55,3,78616.1455594281,1,0,2183.48174794283,0.596367376844864,3,-0.561004392665805,0
55,4,80520.8453721436,1,0,2183.48174794283,0.596367376844864,3,-0.561004392665805,0
55,5,78902.9646487475,1,0,2183.48174794283,0.596367376844864,3,-0.561004392665805,0
55,6,75940.15265362,1,0,2183.48174794283,0.596367376844864,3,-0.561004392665805,0
55,7,74140.4548101282,1,0,2183.48174794283,0.596367376844864,3,-0.561004392665805,0
55,8,72103.5638742999,1,0,2183.48174794283,0.596367376844864,3,-0.561004392665805,0
55,9,75759.1769889103,1,0,2183.48174794283,0.596367376844864,3,-0.561004392665805,0
55,10,72745.4505741306,1,0,2183.48174794283,0.596367376844864,3,-0.561004392665805,0
55,11,76766.744952523,1,0,2183.48174794283,0.596367376844864,3,-0.561004392665805,0
55,12,78337.3260575621,1,0,2183.48174794283,0.596367376844864,3,-0.561004392665805,0
55,13,90608.1005205289,1,1,2183.48174794283,0.596367376844864,3,-0.561004392665805,5284.47562766114
55,14,88627.4115389379,1,1,2183.48174794283,0.596367376844864,3,-0.561004392665805,5284.47562766114
55,15,87614.3555967176,1,1,2183.48174794283,0.596367376844864,3,-0.561004392665805,5284.47562766114
55,16,90253.3155102553,1,1,2183.48174794283,0.596367376844864,3,-0.561004392665805,5284.47562766114
55,17,85271.4229869899,1,1,2183.48174794283,0.596367376844864,3,-0.561004392665805,5284.47562766114
55,18,87727.3606793626,1,1,2183.48174794283,0.596367376844864,3,-0.561004392665805,5284.47562766114
55,19,84231.7769908928,1,1,2183.48174794283,0.596367376844864,3,-0.561004392665805,5284.47562766114
55,20,81488.0316175816,1,1,2183.48174794283,0.596367376844864,3,-0.561004392665805,5284.47562766114
55,21,83019.6959190933,1,1,2183.48174794283,0.596367376844864,3,-0.561004392665805,5284.47562766114
55,22,81793.4876207555,1,1,2183.48174794283,0.596367376844864,3,-0.561004392665805,5284.47562766114
55,23,83857.6183160631,1,1,2183.48174794283,0.596367376844864,3,-0.561004392665805,5284.47562766114
55,24,86479.1301545534,1,1,2183.48174794283,0.596367376844864,3,-0.561004392665805,5284.47562766114
56,1,92261.41977914,1,0,3432.21694511849,0.661237111699302,3,0.324381424064883,0
56,2,89696.6620630295,1,0,3432.21694511849,0.661237111699302,3,0.324381424064883,0
56,3,96935.0115736419,1,0,3432.21694511849,0.661237111699302,3,0.324381424064883,0
56,4,91645.9718762565,1,0,3432.21694511849,0.661237111699302,3,0.324381424064883,0
56,5,92490.9166548771,1,0,3432.21694511849,0.661237111699302,3,0.324381424064883,0
56,6,94866.1287221089,1,0,3432.21694511849,0.661237111699302,3,0.324381424064883,0
56,7,89168.0617635448,1,0,3432.21694511849,0.661237111699302,3,0.324381424064883,0
56,8,89410.3566320868,1,0,3432.21694511849,0.661237111699302,3,0.324381424064883,0
56,9,89758.4611521378,1,0,3432.21694511849,0.661237111699302,3,0.324381424064883,0
56,10,88396.1975172406,1,0,3432.21694511849,0.661237111699302,3,0.324381424064883,0
56,11,94055.6284353773,1,0,3432.21694511849,0.661237111699302,3,0.324381424064883,0
56,12,95013.248779861,1,0,3432.21694511849,0.661237111699302,3,0.324381424064883,0
56,13,104496.700022276,1,1,3432.21694511849,0.661237111699302,3,0.324381424064883,6038.58269595785
56,14,104010.417387051,1,1,3432.21694511849,0.661237111699302,3,0.324381424064883,6038.58269595785
56,15,109123.402956619,1,1,3432.21694511849,0.661237111699302,3,0.324381424064883,6038.58269595785
56,16,109889.45219299,1,1,3432.21694511849,0.661237111699302,3,0.324381424064883,6038.58269595785
56,17,105135.116837147,1,1,3432.21694511849,0.661237111699302,3,0.324381424064883,6038.58269595785
56,18,107280.910712769,1,1,3432.21694511849,0.661237111699302,3,0.324381424064883,6038.58269595785
56,19,103655.548704243,1,1,3432.21694511849,0.661237111699302,3,0.324381424064883,6038.58269595785
56,20,101663.922466284,1,1,3432.21694511849,0.661237111699302,3,0.324381424064883,6038.58269595785
56,21,99383.0347284678,1,1,3432.21694511849,0.661237111699302,3,0.324381424064883,6038.58269595785
56,22,99921.1390713764,1,1,3432.21694511849,0.661237111699302,3,0.324381424064883,6038.58269595785
56,23,103033.108870154,1,1,3432.21694511849,0.661237111699302,3,0.324381424064883,6038.58269595785
56,24,109808.051259882,1,1,3432.21694511849,0.661237111699302,3,0.324381424064883,6038.58269595785
57,1,93050.820917516,1,0,3708.35538552358,0.823505631566513,5,0.79414806474409,0
57,2,97571.2294407329,1,0,3708.35538552358,0.823505631566513,5,0.79414806474409,0
57,3,96114.7855307336,1,0,3708.35538552358,0.823505631566513,5,0.79414806474409,0
57,4,97735.6623680443,1,0,3708.35538552358,0.823505631566513,5,0.79414806474409,0
57,5,95840.9277468998,1,0,3708.35538552358,0.823505631566513,5,0.79414806474409,0
57,6,95140.5082590091,1,0,3708.35538552358,0.823505631566513,5,0.79414806474409,0
57,7,90807.1077898887,1,0,3708.35538552358,0.823505631566513,5,0.79414806474409,0
57,8,89530.5456991149,1,0,3708.35538552358,0.823505631566513,5,0.79414806474409,0
57,9,89845.7338371596,1,0,3708.35538552358,0.823505631566513,5,0.79414806474409,0
57,10,90231.9445333588,1,0,3708.35538552358,0.823505631566513,5,0.79414806474409,0
57,11,94685.6605807063,1,0,3708.35538552358,0.823505631566513,5,0.79414806474409,0
57,12,98128.5411848881,1,0,3708.35538552358,0.823505631566513,5,0.79414806474409,0
57,13,108048.520292355,1,1,3708.35538552358,0.823505631566513,5,0.79414806474409,6501.18895589482
57,14,113177.740144766,1,1,3708.35538552358,0.823505631566513,5,0.79414806474409,6501.18895589482
57,15,106448.201524613,1,1,3708.35538552358,0.823505631566513,5,0.79414806474409,6501.18895589482
57,16,109942.681663611,1,1,3708.35538552358,0.823505631566513,5,0.79414806474409,6501.18895589482
57,17,112515.226864742,1,1,3708.35538552358,0.823505631566513,5,0.79414806474409,6501.18895589482
57,18,109435.969438509,1,1,3708.35538552358,0.823505631566513,5,0.79414806474409,6501.18895589482
57,19,107809.955592569,1,1,3708.35538552358,0.823505631566513,5,0.79414806474409,6501.18895589482
57,20,106125.768587694,1,1,3708.35538552358,0.823505631566513,5,0.79414806474409,6501.18895589482
57,21,107200.443410115,1,1,3708.35538552358,0.823505631566513,5,0.79414806474409,6501.18895589482
57,22,109621.015170435,1,1,3708.35538552358,0.823505631566513,5,0.79414806474409,6501.18895589482
57,23,107560.975621517,1,1,3708.35538552358,0.823505631566513,5,0.79414806474409,6501.18895589482
57,24,111073.447620547,1,1,3708.35538552358,0.823505631566513,5,0.79414806474409,6501.18895589482
58,1,98019.2617271224,1,0,4154.02187322246,0.703709293610882,3,0.315110225768989,0
58,2,99688.0723046935,1,0,4154.02187322246,0.703709293610882,3,0.315110225768989,0
58,3,103751.171523245,1,0,4154.02187322246,0.703709293610882,3,0.315110225768989,0
58,4,98388.7264310716,1,0,4154.02187322246,0.703709293610882,3,0.315110225768989,0
58,5,101794.944261213,1,0,4154.02187322246,0.703709293610882,3,0.315110225768989,0
58,6,97823.2984547052,1,0,4154.02187322246,0.703709293610882,3,0.315110225768989,0
58,7,94803.9872189947,1,0,4154.02187322246,0.703709293610882,3,0.315110225768989,0
58,8,96386.3778299353,1,0,4154.02187322246,0.703709293610882,3,0.315110225768989,0
58,9,98086.6467772859,1,0,4154.02187322246,0.703709293610882,3,0.315110225768989,0
58,10,95706.603579876,1,0,4154.02187322246,0.703709293610882,3,0.315110225768989,0
58,11,101698.841088436,1,0,4154.02187322246,0.703709293610882,3,0.315110225768989,0
58,12,105717.897063101,1,0,4154.02187322246,0.703709293610882,3,0.315110225768989,0
58,13,114032.743426538,1,1,4154.02187322246,0.703709293610882,3,0.315110225768989,6484.429523833
58,14,115682.312471495,1,1,4154.02187322246,0.703709293610882,3,0.315110225768989,6484.429523833
58,15,117556.755121641,1,1,4154.02187322246,0.703709293610882,3,0.315110225768989,6484.429523833
58,16,113758.711170446,1,1,4154.02187322246,0.703709293610882,3,0.315110225768989,6484.429523833
58,17,112151.146131074,1,1,4154.02187322246,0.703709293610882,3,0.315110225768989,6484.429523833
58,18,113325.28442469,1,1,4154.02187322246,0.703709293610882,3,0.315110225768989,6484.429523833
58,19,111663.550806572,1,1,4154.02187322246,0.703709293610882,3,0.315110225768989,6484.429523833
58,20,105766.691661051,1,1,4154.02187322246,0.703709293610882,3,0.315110225768989,6484.429523833
58,21,111714.57948693,1,1,4154.02187322246,0.703709293610882,3,0.315110225768989,6484.429523833
58,22,113892.040569454,1,1,4154.02187322246,0.703709293610882,3,0.315110225768989,6484.429523833
58,23,115493.421383906,1,1,4154.02187322246,0.703709293610882,3,0.315110225768989,6484.429523833
58,24,118454.062616754,1,1,4154.02187322246,0.703709293610882,3,0.315110225768989,6484.429523833
59,1,94161.9024519223,0,0,3494.74719119214,0.933257840864826,4,0.649202729802615,0
59,2,97535.1786300964,0,0,3494.74719119214,0.933257840864826,4,0.649202729802615,0
59,3,99044.7367201966,0,0,3494.74719119214,0.933257840864826,4,0.649202729802615,0
59,4,95562.5665072843,0,0,3494.74719119214,0.933257840864826,4,0.649202729802615,0
59,5,96206.0691667674,0,0,3494.74719119214,0.933257840864826,4,0.649202729802615,0
59,6,95534.353785613,0,0,3494.74719119214,0.933257840864826,4,0.649202729802615,0
59,7,95329.9350571569,0,0,3494.74719119214,0.933257840864826,4,0.649202729802615,0
59,8,91015.3391896116,0,0,3494.74719119214,0.933257840864826,4,0.649202729802615,0
59,9,94232.9227586487,0,0,3494.74719119214,0.933257840864826,4,0.649202729802615,0
59,10,94091.2131019241,0,0,3494.74719119214,0.933257840864826,4,0.649202729802615,0
59,11,94768.849016446,0,0,3494.74719119214,0.933257840864826,4,0.649202729802615,0
59,12,99772.2996694818,0,0,3494.74719119214,0.933257840864826,4,0.649202729802615,0
59,13,103839.018703584,0,1,3494.74719119214,0.933257840864826,4,0.649202729802615,0
59,14,108088.825764821,0,1,3494.74719119214,0.933257840864826,4,0.649202729802615,0
59,15,103550.62396693,0,1,3494.74719119214,0.933257840864826,4,0.649202729802615,0
59,16,103661.850710061,0,1,3494.74719119214,0.933257840864826,4,0.649202729802615,0
59,17,104386.825155452,0,1,3494.74719119214,0.933257840864826,4,0.649202729802615,0
59,18,101710.830601157,0,1,3494.74719119214,0.933257840864826,4,0.649202729802615,0
59,19,101817.515273511,0,1,3494.74719119214,0.933257840864826,4,0.649202729802615,0
59,20,100651.864873659,0,1,3494.74719119214,0.933257840864826,4,0.649202729802615,0
59,21,101504.031450853,0,1,3494.74719119214,0.933257840864826,4,0.649202729802615,0
59,22,102586.239741922,0,1,3494.74719119214,0.933257840864826,4,0.649202729802615,0
59,23,103938.058455757,0,1,3494.74719119214,0.933257840864826,4,0.649202729802615,0
59,24,109242.607631497,0,1,3494.74719119214,0.933257840864826,4,0.649202729802615,0
60,1,74953.7157011898,1,0,1785.89200760489,0.810101609060075,4,-0.313574388487793,0
60,2,77200.1425085332,1,0,1785.89200760489,0.810101609060075,4,-0.313574388487793,0
60,3,76668.1436242334,1,0,1785.89200760489,0.810101609060075,4,-0.313574388487793,0
60,4,79558.5064274102,1,0,1785.89200760489,0.810101609060075,4,-0.313574388487793,0
60,5,78912.3403807806,1,0,1785.89200760489,0.810101609060075,4,-0.313574388487793,0
60,6,73288.5438509607,1,0,1785.89200760489,0.810101609060075,4,-0.313574388487793,0
60,7,72508.9834818363,1,0,1785.89200760489,0.810101609060075,4,-0.313574388487793,0
60,8,70959.6483706482,1,0,1785.89200760489,0.810101609060075,4,-0.313574388487793,0
60,9,70865.4833603339,1,0,1785.89200760489,0.810101609060075,4,-0.313574388487793,0
60,10,72680.2607344118,1,0,1785.89200760489,0.810101609060075,4,-0.313574388487793,0
60,11,75054.0405827182,1,0,1785.89200760489,0.810101609060075,4,-0.313574388487793,0
60,12,77788.2544672833,1,0,1785.89200760489,0.810101609060075,4,-0.313574388487793,0
60,13,86360.0814192392,1,1,1785.89200760489,0.810101609060075,4,-0.313574388487793,5513.14922192259
60,14,87622.3146728487,1,1,1785.89200760489,0.810101609060075,4,-0.313574388487793,5513.14922192259
60,15,89108.0875959267,1,1,1785.89200760489,0.810101609060075,4,-0.313574388487793,5513.14922192259
60,16,89094.2145929935,1,1,1785.89200760489,0.810101609060075,4,-0.313574388487793,5513.14922192259
60,17,89278.683283566,1,1,1785.89200760489,0.810101609060075,4,-0.313574388487793,5513.14922192259
60,18,87373.0748944234,1,1,1785.89200760489,0.810101609060075,4,-0.313574388487793,5513.14922192259
60,19,82077.2643601501,1,1,1785.89200760489,0.810101609060075,4,-0.313574388487793,5513.14922192259
60,20,79647.2890295508,1,1,1785.89200760489,0.810101609060075,4,-0.313574388487793,5513.14922192259
60,21,83345.3696975195,1,1,1785.89200760489,0.810101609060075,4,-0.313574388487793,5513.14922192259
60,22,81849.1825407121,1,1,1785.89200760489,0.810101609060075,4,-0.313574388487793,5513.14922192259
60,23,83840.4238126857,1,1,1785.89200760489,0.810101609060075,4,-0.313574388487793,5513.14922192259
60,24,87970.3081016036,1,1,1785.89200760489,0.810101609060075,4,-0.313574388487793,5513.14922192259
61,1,84213.493296291,0,0,2143.63347479009,0.863468049233779,2,0.148599281020275,0
61,2,84875.6529248208,0,0,2143.63347479009,0.863468049233779,2,0.148599281020275,0
61,3,86575.9812103209,0,0,2143.63347479009,0.863468049233779,2,0.148599281020275,0
61,4,87143.0419630323,0,0,2143.63347479009,0.863468049233779,2,0.148599281020275,0
61,5,83824.474391749,0,0,2143.63347479009,0.863468049233779,2,0.148599281020275,0
61,6,81896.260780996,0,0,2143.63347479009,0.863468049233779,2,0.148599281020275,0
61,7,84361.6679885189,0,0,2143.63347479009,0.863468049233779,2,0.148599281020275,0
61,8,79320.342117047,0,0,2143.63347479009,0.863468049233779,2,0.148599281020275,0
61,9,78992.6322825868,0,0,2143.63347479009,0.863468049233779,2,0.148599281020275,0
61,10,82444.594066334,0,0,2143.63347479009,0.863468049233779,2,0.148599281020275,0
61,11,82691.5618086058,0,0,2143.63347479009,0.863468049233779,2,0.148599281020275,0
61,12,88133.8886294175,0,0,2143.63347479009,0.863468049233779,2,0.148599281020275,0
61,13,87446.9638315577,0,1,2143.63347479009,0.863468049233779,2,0.148599281020275,0
61,14,91000.3193506562,0,1,2143.63347479009,0.863468049233779,2,0.148599281020275,0
61,15,89930.277901194,0,1,2143.63347479009,0.863468049233779,2,0.148599281020275,0
61,16,93752.8581901564,0,1,2143.63347479009,0.863468049233779,2,0.148599281020275,0
61,17,93970.3887081288,0,1,2143.63347479009,0.863468049233779,2,0.148599281020275,0
61,18,90029.7300286909,0,1,2143.63347479009,0.863468049233779,2,0.148599281020275,0
61,19,88376.1786661935,0,1,2143.63347479009,0.863468049233779,2,0.148599281020275,0
61,20,87023.2033143118,0,1,2143.63347479009,0.863468049233779,2,0.148599281020275,0
61,21,86890.9740753231,0,1,2143.63347479009,0.863468049233779,2,0.148599281020275,0
61,22,84650.7762517626,0,1,2143.63347479009,0.863468049233779,2,0.148599281020275,0
61,23,92285.5214228468,0,1,2143.63347479009,0.863468049233779,2,0.148599281020275,0
61,24,90728.0385128222,0,1,2143.63347479009,0.863468049233779,2,0.148599281020275,0
62,1,93245.0675797646,1,0,3508.43562246799,0.589716349879745,2,-0.515529429799027,0
62,2,96509.9165763481,1,0,3508.43562246799,0.589716349879745,2,-0.515529429799027,0
62,3,95973.7955452975,1,0,3508.43562246799,0.589716349879745,2,-0.515529429799027,0
62,4,97342.2068024504,1,0,3508.43562246799,0.589716349879745,2,-0.515529429799027,0
62,5,95528.6457039826,1,0,3508.43562246799,0.589716349879745,2,-0.515529429799027,0
62,6,97289.2633016329,1,0,3508.43562246799,0.589716349879745,2,-0.515529429799027,0
62,7,90800.1444194748,1,0,3508.43562246799,0.589716349879745,2,-0.515529429799027,0
62,8,87321.139412515,1,0,3508.43562246799,0.589716349879745,2,-0.515529429799027,0
62,9,90438.8012515738,1,0,3508.43562246799,0.589716349879745,2,-0.515529429799027,0
62,10,90207.268900401,1,0,3508.43562246799,0.589716349879745,2,-0.515529429799027,0
62,11,88613.4617730985,1,0,3508.43562246799,0.589716349879745,2,-0.515529429799027,0
62,12,90486.852859795,1,0,3508.43562246799,0.589716349879745,2,-0.515529429799027,0
62,13,101537.338180083,1,1,3508.43562246799,0.589716349879745,2,-0.515529429799027,5933.65051099348
62,14,105082.548242347,1,1,3508.43562246799,0.589716349879745,2,-0.515529429799027,5933.65051099348
62,15,105391.573930048,1,1,3508.43562246799,0.589716349879745,2,-0.515529429799027,5933.65051099348
62,16,104242.851063286,1,1,3508.43562246799,0.589716349879745,2,-0.515529429799027,5933.65051099348
62,17,105211.900767634,1,1,3508.43562246799,0.589716349879745,2,-0.515529429799027,5933.65051099348
62,18,102384.583849512,1,1,3508.43562246799,0.589716349879745,2,-0.515529429799027,5933.65051099348
62,19,101782.423916729,1,1,3508.43562246799,0.589716349879745,2,-0.515529429799027,5933.65051099348
62,20,102714.590199229,1,1,3508.43562246799,0.589716349879745,2,-0.515529429799027,5933.65051099348
62,21,97595.7020157292,1,1,3508.43562246799,0.589716349879745,2,-0.515529429799027,5933.65051099348
62,22,104252.215132002,1,1,3508.43562246799,0.589716349879745,2,-0.515529429799027,5933.65051099348
62,23,101395.713710573,1,1,3508.43562246799,0.589716349879745,2,-0.515529429799027,5933.65051099348
62,24,104480.642181734,1,1,3508.43562246799,0.589716349879745,2,-0.515529429799027,5933.65051099348
63,1,89136.4972599742,0,0,3343.34242994747,0.741643009707332,3,0.615492111435528,0
63,2,93049.2867786466,0,0,3343.34242994747,0.741643009707332,3,0.615492111435528,0
63,3,96878.7901423889,0,0,3343.34242994747,0.741643009707332,3,0.615492111435528,0
63,4,94132.810546007,0,0,3343.34242994747,0.741643009707332,3,0.615492111435528,0
63,5,93837.7166080481,0,0,3343.34242994747,0.741643009707332,3,0.615492111435528,0
63,6,96613.4666602023,0,0,3343.34242994747,0.741643009707332,3,0.615492111435528,0
63,7,93463.7934804806,0,0,3343.34242994747,0.741643009707332,3,0.615492111435528,0
63,8,89525.2425702523,0,0,3343.34242994747,0.741643009707332,3,0.615492111435528,0
63,9,90806.8169810708,0,0,3343.34242994747,0.741643009707332,3,0.615492111435528,0
63,10,89480.3039362523,0,0,3343.34242994747,0.741643009707332,3,0.615492111435528,0
63,11,95471.8897545378,0,0,3343.34242994747,0.741643009707332,3,0.615492111435528,0
63,12,93872.5496832333,0,0,3343.34242994747,0.741643009707332,3,0.615492111435528,0
63,13,99718.967521506,0,1,3343.34242994747,0.741643009707332,3,0.615492111435528,0
63,14,101028.518258475,0,1,3343.34242994747,0.741643009707332,3,0.615492111435528,0
63,15,104943.501405081,0,1,3343.34242994747,0.741643009707332,3,0.615492111435528,0
63,16,105992.132970605,0,1,3343.34242994747,0.741643009707332,3,0.615492111435528,0
63,17,101704.909063215,0,1,3343.34242994747,0.741643009707332,3,0.615492111435528,0
63,18,96545.8888490616,0,1,3343.34242994747,0.741643009707332,3,0.615492111435528,0
63,19,99913.1590806107,0,1,3343.34242994747,0.741643009707332,3,0.615492111435528,0
63,20,97480.2605086249,0,1,3343.34242994747,0.741643009707332,3,0.615492111435528,0
63,21,101622.751453325,0,1,3343.34242994747,0.741643009707332,3,0.615492111435528,0
63,22,102303.415402666,0,1,3343.34242994747,0.741643009707332,3,0.615492111435528,0
63,23,102107.026656878,0,1,3343.34242994747,0.741643009707332,3,0.615492111435528,0
63,24,106045.832372288,0,1,3343.34242994747,0.741643009707332,3,0.615492111435528,0
64,1,93596.2452929527,1,0,3674.16629385894,0.696998604782857,3,0.477066637900511,0
64,2,97366.9593090681,1,0,3674.16629385894,0.696998604782857,3,0.477066637900511,0
64,3,99350.9075022732,1,0,3674.16629385894,0.696998604782857,3,0.477066637900511,0
64,4,96683.4520812774,1,0,3674.16629385894,0.696998604782857,3,0.477066637900511,0
64,5,97322.3424488851,1,0,3674.16629385894,0.696998604782857,3,0.477066637900511,0
64,6,96660.9622598466,1,0,3674.16629385894,0.696998604782857,3,0.477066637900511,0
64,7,94223.3407393224,1,0,3674.16629385894,0.696998604782857,3,0.477066637900511,0
64,8,91361.021616337,1,0,3674.16629385894,0.696998604782857,3,0.477066637900511,0
64,9,91002.5134283347,1,0,3674.16629385894,0.696998604782857,3,0.477066637900511,0
64,10,93746.6819267032,1,0,3674.16629385894,0.696998604782857,3,0.477066637900511,0
64,11,95454.5109911421,1,0,3674.16629385894,0.696998604782857,3,0.477066637900511,0
64,12,98668.891899834,1,0,3674.16629385894,0.696998604782857,3,0.477066637900511,0
64,13,110255.631882042,1,1,3674.16629385894,0.696998604782857,3,0.477066637900511,6231.08035649518
64,14,110408.110720512,1,1,3674.16629385894,0.696998604782857,3,0.477066637900511,6231.08035649518
64,15,113574.045993351,1,1,3674.16629385894,0.696998604782857,3,0.477066637900511,6231.08035649518
64,16,112587.115604766,1,1,3674.16629385894,0.696998604782857,3,0.477066637900511,6231.08035649518
64,17,110942.002122122,1,1,3674.16629385894,0.696998604782857,3,0.477066637900511,6231.08035649518
64,18,109570.330836189,1,1,3674.16629385894,0.696998604782857,3,0.477066637900511,6231.08035649518
64,19,109372.628609241,1,1,3674.16629385894,0.696998604782857,3,0.477066637900511,6231.08035649518
64,20,102471.962622106,1,1,3674.16629385894,0.696998604782857,3,0.477066637900511,6231.08035649518
64,21,105151.593745024,1,1,3674.16629385894,0.696998604782857,3,0.477066637900511,6231.08035649518
64,22,106651.609347702,1,1,3674.16629385894,0.696998604782857,3,0.477066637900511,6231.08035649518
64,23,107365.801739633,1,1,3674.16629385894,0.696998604782857,3,0.477066637900511,6231.08035649518
64,24,113463.285936096,1,1,3674.16629385894,0.696998604782857,3,0.477066637900511,6231.08035649518
65,1,92616.8024426077,0,0,2774.70663463981,0.786071657529101,3,0.0708070881140855,0
65,2,89402.7335505863,0,0,2774.70663463981,0.786071657529101,3,0.0708070881140855,0
65,3,86463.1143389565,0,0,2774.70663463981,0.786071657529101,3,0.0708070881140855,0
65,4,91325.2649356207,0,0,2774.70663463981,0.786071657529101,3,0.0708070881140855,0
65,5,83225.0062510734,0,0,2774.70663463981,0.786071657529101,3,0.0708070881140855,0
65,6,88464.1080481021,0,0,2774.70663463981,0.786071657529101,3,0.0708070881140855,0
65,7,87620.6051634673,0,0,2774.70663463981,0.786071657529101,3,0.0708070881140855,0
65,8,81932.2281181963,0,0,2774.70663463981,0.786071657529101,3,0.0708070881140855,0
65,9,81156.384107783,0,0,2774.70663463981,0.786071657529101,3,0.0708070881140855,0
65,10,83927.1381080179,0,0,2774.70663463981,0.786071657529101,3,0.0708070881140855,0
65,11,84683.0739252542,0,0,2774.70663463981,0.786071657529101,3,0.0708070881140855,0
65,12,90728.5279482525,0,0,2774.70663463981,0.786071657529101,3,0.0708070881140855,0
65,13,94226.8731319323,0,1,2774.70663463981,0.786071657529101,3,0.0708070881140855,0
65,14,93743.9599273288,0,1,2774.70663463981,0.786071657529101,3,0.0708070881140855,0
65,15,95993.9180643685,0,1,2774.70663463981,0.786071657529101,3,0.0708070881140855,0
65,16,99281.7053760011,0,1,2774.70663463981,0.786071657529101,3,0.0708070881140855,0
65,17,98449.4667886014,0,1,2774.70663463981,0.786071657529101,3,0.0708070881140855,0
65,18,91523.7954757406,0,1,2774.70663463981,0.786071657529101,3,0.0708070881140855,0
65,19,93328.0799989215,0,1,2774.70663463981,0.786071657529101,3,0.0708070881140855,0
65,20,90956.4913683238,0,1,2774.70663463981,0.786071657529101,3,0.0708070881140855,0
65,21,88956.626650421,0,1,2774.70663463981,0.786071657529101,3,0.0708070881140855,0
65,22,90487.1299618747,0,1,2774.70663463981,0.786071657529101,3,0.0708070881140855,0
65,23,90274.9738801752,0,1,2774.70663463981,0.786071657529101,3,0.0708070881140855,0
65,24,94106.0348650188,0,1,2774.70663463981,0.786071657529101,3,0.0708070881140855,0
66,1,86695.0103175604,0,0,3336.20157411835,0.503892781515606,5,-0.789782252099595,0
66,2,85046.9191198,0,0,3336.20157411835,0.503892781515606,5,-0.789782252099595,0
66,3,87350.5780240295,0,0,3336.20157411835,0.503892781515606,5,-0.789782252099595,0
66,4,89936.232568472,0,0,3336.20157411835,0.503892781515606,5,-0.789782252099595,0
66,5,86163.2390443861,0,0,3336.20157411835,0.503892781515606,5,-0.789782252099595,0
66,6,83846.3396531525,0,0,3336.20157411835,0.503892781515606,5,-0.789782252099595,0
66,7,84323.7222873322,0,0,3336.20157411835,0.503892781515606,5,-0.789782252099595,0
66,8,77803.4060281654,0,0,3336.20157411835,0.503892781515606,5,-0.789782252099595,0
66,9,79573.5765214542,0,0,3336.20157411835,0.503892781515606,5,-0.789782252099595,0
66,10,78803.0543767505,0,0,3336.20157411835,0.503892781515606,5,-0.789782252099595,0
66,11,85272.2242747684,0,0,3336.20157411835,0.503892781515606,5,-0.789782252099595,0
66,12,82490.3050347682,0,0,3336.20157411835,0.503892781515606,5,-0.789782252099595,0
66,13,91752.1171494151,0,1,3336.20157411835,0.503892781515606,5,-0.789782252099595,0
66,14,89435.2496030185,0,1,3336.20157411835,0.503892781515606,5,-0.789782252099595,0
66,15,90452.1348375971,0,1,3336.20157411835,0.503892781515606,5,-0.789782252099595,0
66,16,86363.6367829203,0,1,3336.20157411835,0.503892781515606,5,-0.789782252099595,0
66,17,90264.8730149369,0,1,3336.20157411835,0.503892781515606,5,-0.789782252099595,0
66,18,85428.9112576793,0,1,3336.20157411835,0.503892781515606,5,-0.789782252099595,0
66,19,84793.7210085814,0,1,3336.20157411835,0.503892781515606,5,-0.789782252099595,0
66,20,82852.8360975754,0,1,3336.20157411835,0.503892781515606,5,-0.789782252099595,0
66,21,82090.7664497866,0,1,3336.20157411835,0.503892781515606,5,-0.789782252099595,0
66,22,84207.036589785,0,1,3336.20157411835,0.503892781515606,5,-0.789782252099595,0
66,23,83372.3252477032,0,1,3336.20157411835,0.503892781515606,5,-0.789782252099595,0
66,24,87499.7980932078,0,1,3336.20157411835,0.503892781515606,5,-0.789782252099595,0
67,1,98568.2871079263,1,0,3539.20564795123,0.909388594620395,2,0.698337891774682,0
67,2,101602.044865472,1,0,3539.20564795123,0.909388594620395,2,0.698337891774682,0
67,3,101798.907968681,1,0,3539.20564795123,0.909388594620395,2,0.698337891774682,0
67,4,102658.869578985,1,0,3539.20564795123,0.909388594620395,2,0.698337891774682,0
67,5,100793.319589607,1,0,3539.20564795123,0.909388594620395,2,0.698337891774682,0
67,6,98970.31659193,1,0,3539.20564795123,0.909388594620395,2,0.698337891774682,0
67,7,97629.8076113445,1,0,3539.20564795123,0.909388594620395,2,0.698337891774682,0
67,8,99285.5183250392,1,0,3539.20564795123,0.909388594620395,2,0.698337891774682,0
67,9,97865.3214580205,1,0,3539.20564795123,0.909388594620395,2,0.698337891774682,0
67,10,98844.0127611732,1,0,3539.20564795123,0.909388594620395,2,0.698337891774682,0
67,11,98431.0571418651,1,0,3539.20564795123,0.909388594620395,2,0.698337891774682,0
67,12,101674.241661984,1,0,3539.20564795123,0.909388594620395,2,0.698337891774682,0
67,13,113470.007735838,1,1,3539.20564795123,0.909388594620395,2,0.698337891774682,6588.3800132164
67,14,111982.521396185,1,1,3539.20564795123,0.909388594620395,2,0.698337891774682,6588.3800132164
67,15,113554.704292325,1,1,3539.20564795123,0.909388594620395,2,0.698337891774682,6588.3800132164
67,16,117837.211993057,1,1,3539.20564795123,0.909388594620395,2,0.698337891774682,6588.3800132164
67,17,112234.531998013,1,1,3539.20564795123,0.909388594620395,2,0.698337891774682,6588.3800132164
67,18,117135.183000308,1,1,3539.20564795123,0.909388594620395,2,0.698337891774682,6588.3800132164
67,19,110213.802332481,1,1,3539.20564795123,0.909388594620395,2,0.698337891774682,6588.3800132164
67,20,110917.728869943,1,1,3539.20564795123,0.909388594620395,2,0.698337891774682,6588.3800132164
67,21,110869.856375003,1,1,3539.20564795123,0.909388594620395,2,0.698337891774682,6588.3800132164
67,22,112467.68352657,1,1,3539.20564795123,0.909388594620395,2,0.698337891774682,6588.3800132164
67,23,119944.166877569,1,1,3539.20564795123,0.909388594620395,2,0.698337891774682,6588.3800132164
67,24,120237.401910338,1,1,3539.20564795123,0.909388594620395,2,0.698337891774682,6588.3800132164
68,1,96295.5059670771,0,0,3810.99632638538,0.722066982125398,4,0.570219238705059,0
68,2,99901.7939614456,0,0,3810.99632638538,0.722066982125398,4,0.570219238705059,0
68,3,95744.2166491953,0,0,3810.99632638538,0.722066982125398,4,0.570219238705059,0
68,4,98456.8348888292,0,0,3810.99632638538,0.722066982125398,4,0.570219238705059,0
68,5,97200.6456045732,0,0,3810.99632638538,0.722066982125398,4,0.570219238705059,0
68,6,96524.261441684,0,0,3810.99632638538,0.722066982125398,4,0.570219238705059,0
68,7,91642.5644638231,0,0,3810.99632638538,0.722066982125398,4,0.570219238705059,0
68,8,94859.2681537612,0,0,3810.99632638538,0.722066982125398,4,0.570219238705059,0
68,9,89428.7345691382,0,0,3810.99632638538,0.722066982125398,4,0.570219238705059,0
68,10,95306.8115198611,0,0,3810.99632638538,0.722066982125398,4,0.570219238705059,0
68,11,99455.4742590799,0,0,3810.99632638538,0.722066982125398,4,0.570219238705059,0
68,12,99454.6977602525,0,0,3810.99632638538,0.722066982125398,4,0.570219238705059,0
68,13,100714.388880189,0,1,3810.99632638538,0.722066982125398,4,0.570219238705059,0
68,14,104156.758400482,0,1,3810.99632638538,0.722066982125398,4,0.570219238705059,0
68,15,108765.841541958,0,1,3810.99632638538,0.722066982125398,4,0.570219238705059,0
68,16,104838.714544844,0,1,3810.99632638538,0.722066982125398,4,0.570219238705059,0
68,17,100682.53181368,0,1,3810.99632638538,0.722066982125398,4,0.570219238705059,0
68,18,101582.696161123,0,1,3810.99632638538,0.722066982125398,4,0.570219238705059,0
68,19,107405.965988285,0,1,3810.99632638538,0.722066982125398,4,0.570219238705059,0
68,20,97574.0134634553,0,1,3810.99632638538,0.722066982125398,4,0.570219238705059,0
68,21,101185.178611086,0,1,3810.99632638538,0.722066982125398,4,0.570219238705059,0
68,22,101443.212266757,0,1,3810.99632638538,0.722066982125398,4,0.570219238705059,0
68,23,102468.803372743,0,1,3810.99632638538,0.722066982125398,4,0.570219238705059,0
68,24,110942.499068667,0,1,3810.99632638538,0.722066982125398,4,0.570219238705059,0
69,1,86758.801666535,1,0,3223.44558605111,0.623196416953579,4,-0.374465057088901,0
69,2,82572.682477159,1,0,3223.44558605111,0.623196416953579,4,-0.374465057088901,0
69,3,90312.2005368086,1,0,3223.44558605111,0.623196416953579,4,-0.374465057088901,0
69,4,89420.0016310862,1,0,3223.44558605111,0.623196416953579,4,-0.374465057088901,0
69,5,86779.1525785034,1,0,3223.44558605111,0.623196416953579,4,-0.374465057088901,0
69,6,84264.2415248544,1,0,3223.44558605111,0.623196416953579,4,-0.374465057088901,0
69,7,90088.014126474,1,0,3223.44558605111,0.623196416953579,4,-0.374465057088901,0
69,8,83964.6436704523,1,0,3223.44558605111,0.623196416953579,4,-0.374465057088901,0
69,9,86736.3695404663,1,0,3223.44558605111,0.623196416953579,4,-0.374465057088901,0
69,10,84821.866966131,1,0,3223.44558605111,0.623196416953579,4,-0.374465057088901,0
69,11,86649.4712665883,1,0,3223.44558605111,0.623196416953579,4,-0.374465057088901,0
69,12,86470.8254011417,1,0,3223.44558605111,0.623196416953579,4,-0.374465057088901,0
69,13,95742.8608898553,1,1,3223.44558605111,0.623196416953579,4,-0.374465057088901,5858.11562693271
69,14,102373.571294654,1,1,3223.44558605111,0.623196416953579,4,-0.374465057088901,5858.11562693271
69,15,100456.818425229,1,1,3223.44558605111,0.623196416953579,4,-0.374465057088901,5858.11562693271
69,16,100086.03150837,1,1,3223.44558605111,0.623196416953579,4,-0.374465057088901,5858.11562693271
69,17,97607.1035995966,1,1,3223.44558605111,0.623196416953579,4,-0.374465057088901,5858.11562693271
69,18,97900.4654670545,1,1,3223.44558605111,0.623196416953579,4,-0.374465057088901,5858.11562693271
69,19,94834.9709205039,1,1,3223.44558605111,0.623196416953579,4,-0.374465057088901,5858.11562693271
69,20,91901.4859326692,1,1,3223.44558605111,0.623196416953579,4,-0.374465057088901,5858.11562693271
69,21,99325.0749129995,1,1,3223.44558605111,0.623196416953579,4,-0.374465057088901,5858.11562693271
69,22,92303.2238565523,1,1,3223.44558605111,0.623196416953579,4,-0.374465057088901,5858.11562693271
69,23,95166.9634894628,1,1,3223.44558605111,0.623196416953579,4,-0.374465057088901,5858.11562693271
69,24,97930.2842391969,1,1,3223.44558605111,0.623196416953579,4,-0.374465057088901,5858.11562693271
70,1,98182.9772172782,1,0,3252.43275573709,0.927093347127084,3,0.8559939471628,0
70,2,100206.015790469,1,0,3252.43275573709,0.927093347127084,3,0.8559939471628,0
70,3,98977.4725019309,1,0,3252.43275573709,0.927093347127084,3,0.8559939471628,0
70,4,97237.9571263675,1,0,3252.43275573709,0.927093347127084,3,0.8559939471628,0
70,5,96893.2308086329,1,0,3252.43275573709,0.927093347127084,3,0.8559939471628,0
70,6,96029.5476049169,1,0,3252.43275573709,0.927093347127084,3,0.8559939471628,0
70,7,94604.1804907867,1,0,3252.43275573709,0.927093347127084,3,0.8559939471628,0
70,8,91687.6245013487,1,0,3252.43275573709,0.927093347127084,3,0.8559939471628,0
70,9,90835.3667742026,1,0,3252.43275573709,0.927093347127084,3,0.8559939471628,0
70,10,92945.0695001356,1,0,3252.43275573709,0.927093347127084,3,0.8559939471628,0
70,11,96416.3120091863,1,0,3252.43275573709,0.927093347127084,3,0.8559939471628,0
70,12,99338.5964012005,1,0,3252.43275573709,0.927093347127084,3,0.8559939471628,0
70,13,111282.325564071,1,1,3252.43275573709,0.927093347127084,3,0.8559939471628,6480.40307212271
70,14,112654.644142826,1,1,3252.43275573709,0.927093347127084,3,0.8559939471628,6480.40307212271
70,15,114034.095481324,1,1,3252.43275573709,0.927093347127084,3,0.8559939471628,6480.40307212271
70,16,116641.917248056,1,1,3252.43275573709,0.927093347127084,3,0.8559939471628,6480.40307212271
70,17,114491.445651082,1,1,3252.43275573709,0.927093347127084,3,0.8559939471628,6480.40307212271
70,18,109941.679167086,1,1,3252.43275573709,0.927093347127084,3,0.8559939471628,6480.40307212271
70,19,111109.596438427,1,1,3252.43275573709,0.927093347127084,3,0.8559939471628,6480.40307212271
70,20,105118.501887165,1,1,3252.43275573709,0.927093347127084,3,0.8559939471628,6480.40307212271
70,21,109633.163782357,1,1,3252.43275573709,0.927093347127084,3,0.8559939471628,6480.40307212271
70,22,109802.248488793,1,1,3252.43275573709,0.927093347127084,3,0.8559939471628,6480.40307212271
70,23,111185.725953358,1,1,3252.43275573709,0.927093347127084,3,0.8559939471628,6480.40307212271
70,24,113716.480624009,1,1,3252.43275573709,0.927093347127084,3,0.8559939471628,6480.40307212271
71,1,85724.1288378248,1,0,3360.96259990344,0.785669102380052,5,0.310926210197866,0
71,2,89712.8754565915,1,0,3360.96259990344,0.785669102380052,5,0.310926210197866,0
71,3,90319.0461551541,1,0,3360.96259990344,0.785669102380052,5,0.310926210197866,0
71,4,87929.7371854581,1,0,3360.96259990344,0.785669102380052,5,0.310926210197866,0
71,5,92606.0245143935,1,0,3360.96259990344,0.785669102380052,5,0.310926210197866,0
71,6,86890.8235168187,1,0,3360.96259990344,0.785669102380052,5,0.310926210197866,0
71,7,88852.7017228454,1,0,3360.96259990344,0.785669102380052,5,0.310926210197866,0
71,8,84561.3734216927,1,0,3360.96259990344,0.785669102380052,5,0.310926210197866,0
71,9,84179.7926303843,1,0,3360.96259990344,0.785669102380052,5,0.310926210197866,0
71,10,87432.3207353228,1,0,3360.96259990344,0.785669102380052,5,0.310926210197866,0
71,11,89240.8756845347,1,0,3360.96259990344,0.785669102380052,5,0.310926210197866,0
71,12,93310.7313779232,1,0,3360.96259990344,0.785669102380052,5,0.310926210197866,0
71,13,102835.626063262,1,1,3360.96259990344,0.785669102380052,5,0.310926210197866,6251.81950471182
71,14,103931.97567648,1,1,3360.96259990344,0.785669102380052,5,0.310926210197866,6251.81950471182
71,15,100532.237783816,1,1,3360.96259990344,0.785669102380052,5,0.310926210197866,6251.81950471182
71,16,104757.138823957,1,1,3360.96259990344,0.785669102380052,5,0.310926210197866,6251.81950471182
71,17,105983.731648692,1,1,3360.96259990344,0.785669102380052,5,0.310926210197866,6251.81950471182
71,18,103705.486495982,1,1,3360.96259990344,0.785669102380052,5,0.310926210197866,6251.81950471182
71,19,100659.862735416,1,1,3360.96259990344,0.785669102380052,5,0.310926210197866,6251.81950471182
71,20,97005.6300296599,1,1,3360.96259990344,0.785669102380052,5,0.310926210197866,6251.81950471182
71,21,97002.3470711426,1,1,3360.96259990344,0.785669102380052,5,0.310926210197866,6251.81950471182
71,22,100148.567572146,1,1,3360.96259990344,0.785669102380052,5,0.310926210197866,6251.81950471182
71,23,103707.527408409,1,1,3360.96259990344,0.785669102380052,5,0.310926210197866,6251.81950471182
71,24,106825.819077584,1,1,3360.96259990344,0.785669102380052,5,0.310926210197866,6251.81950471182
72,1,104216.931052497,1,0,3992.12439883649,0.869382703793235,2,1.332005534469,0
72,2,102767.523391932,1,0,3992.12439883649,0.869382703793235,2,1.332005534469,0
72,3,104058.368420013,1,0,3992.12439883649,0.869382703793235,2,1.332005534469,0
72,4,107751.759592745,1,0,3992.12439883649,0.869382703793235,2,1.332005534469,0
72,5,104457.811572237,1,0,3992.12439883649,0.869382703793235,2,1.332005534469,0
72,6,105162.142124392,1,0,3992.12439883649,0.869382703793235,2,1.332005534469,0
72,7,105569.715572499,1,0,3992.12439883649,0.869382703793235,2,1.332005534469,0
72,8,101278.039868753,1,0,3992.12439883649,0.869382703793235,2,1.332005534469,0
72,9,100249.81245334,1,0,3992.12439883649,0.869382703793235,2,1.332005534469,0
72,10,105535.788624697,1,0,3992.12439883649,0.869382703793235,2,1.332005534469,0
72,11,108133.124929961,1,0,3992.12439883649,0.869382703793235,2,1.332005534469,0
72,12,108904.252141024,1,0,3992.12439883649,0.869382703793235,2,1.332005534469,0
72,13,122159.762281375,1,1,3992.12439883649,0.869382703793235,2,1.332005534469,6734.82760700471
72,14,122707.799486488,1,1,3992.12439883649,0.869382703793235,2,1.332005534469,6734.82760700471
72,15,125054.563129222,1,1,3992.12439883649,0.869382703793235,2,1.332005534469,6734.82760700471
72,16,121469.91555082,1,1,3992.12439883649,0.869382703793235,2,1.332005534469,6734.82760700471
72,17,122998.441068157,1,1,3992.12439883649,0.869382703793235,2,1.332005534469,6734.82760700471
72,18,121670.513243785,1,1,3992.12439883649,0.869382703793235,2,1.332005534469,6734.82760700471
72,19,118477.027829088,1,1,3992.12439883649,0.869382703793235,2,1.332005534469,6734.82760700471
72,20,117968.923768921,1,1,3992.12439883649,0.869382703793235,2,1.332005534469,6734.82760700471
72,21,116413.92675053,1,1,3992.12439883649,0.869382703793235,2,1.332005534469,6734.82760700471
72,22,120415.553001795,1,1,3992.12439883649,0.869382703793235,2,1.332005534469,6734.82760700471
72,23,122165.035330696,1,1,3992.12439883649,0.869382703793235,2,1.332005534469,6734.82760700471
72,24,125885.436642809,1,1,3992.12439883649,0.869382703793235,2,1.332005534469,6734.82760700471
73,1,99529.4259100988,1,0,4098.617476968,0.685157341288868,3,0.299922476588621,0
73,2,100785.262313239,1,0,4098.617476968,0.685157341288868,3,0.299922476588621,0
73,3,103136.781256721,1,0,4098.617476968,0.685157341288868,3,0.299922476588621,0
73,4,101182.157734673,1,0,4098.617476968,0.685157341288868,3,0.299922476588621,0
73,5,99777.7518362469,1,0,4098.617476968,0.685157341288868,3,0.299922476588621,0
73,6,96946.8619077888,1,0,4098.617476968,0.685157341288868,3,0.299922476588621,0
73,7,96734.1345268277,1,0,4098.617476968,0.685157341288868,3,0.299922476588621,0
73,8,95786.0285801478,1,0,4098.617476968,0.685157341288868,3,0.299922476588621,0
73,9,94547.6846107669,1,0,4098.617476968,0.685157341288868,3,0.299922476588621,0
73,10,99068.3534175026,1,0,4098.617476968,0.685157341288868,3,0.299922476588621,0
73,11,100977.192280567,1,0,4098.617476968,0.685157341288868,3,0.299922476588621,0
73,12,103804.843783753,1,0,4098.617476968,0.685157341288868,3,0.299922476588621,0
73,13,114110.79649096,1,1,4098.617476968,0.685157341288868,3,0.299922476588621,6419.62342106174
73,14,115969.259976284,1,1,4098.617476968,0.685157341288868,3,0.299922476588621,6419.62342106174
73,15,114723.934311468,1,1,4098.617476968,0.685157341288868,3,0.299922476588621,6419.62342106174
73,16,113228.592575962,1,1,4098.617476968,0.685157341288868,3,0.299922476588621,6419.62342106174
73,17,113931.903769834,1,1,4098.617476968,0.685157341288868,3,0.299922476588621,6419.62342106174
73,18,112507.732269229,1,1,4098.617476968,0.685157341288868,3,0.299922476588621,6419.62342106174
73,19,109155.20865015,1,1,4098.617476968,0.685157341288868,3,0.299922476588621,6419.62342106174
73,20,107428.492271397,1,1,4098.617476968,0.685157341288868,3,0.299922476588621,6419.62342106174
73,21,111724.237897519,1,1,4098.617476968,0.685157341288868,3,0.299922476588621,6419.62342106174
73,22,107492.899904216,1,1,4098.617476968,0.685157341288868,3,0.299922476588621,6419.62342106174
73,23,116261.775515056,1,1,4098.617476968,0.685157341288868,3,0.299922476588621,6419.62342106174
73,24,115140.60140629,1,1,4098.617476968,0.685157341288868,3,0.299922476588621,6419.62342106174
74,1,90371.2295301175,0,0,3220.40841178326,0.784527306747623,3,0.337153956658112,0
74,2,91691.4206103978,0,0,3220.40841178326,0.784527306747623,3,0.337153956658112,0
74,3,96905.4908039669,0,0,3220.40841178326,0.784527306747623,3,0.337153956658112,0
74,4,96024.5203136172,0,0,3220.40841178326,0.784527306747623,3,0.337153956658112,0
74,5,92227.7006417449,0,0,3220.40841178326,0.784527306747623,3,0.337153956658112,0
74,6,93607.8596751095,0,0,3220.40841178326,0.784527306747623,3,0.337153956658112,0
74,7,90399.0556730068,0,0,3220.40841178326,0.784527306747623,3,0.337153956658112,0
74,8,88187.474465744,0,0,3220.40841178326,0.784527306747623,3,0.337153956658112,0
74,9,88938.6462033194,0,0,3220.40841178326,0.784527306747623,3,0.337153956658112,0
74,10,86064.3909097207,0,0,3220.40841178326,0.784527306747623,3,0.337153956658112,0
74,11,92355.4646784802,0,0,3220.40841178326,0.784527306747623,3,0.337153956658112,0
74,12,93187.3331540632,0,0,3220.40841178326,0.784527306747623,3,0.337153956658112,0
74,13,96517.8473841692,0,1,3220.40841178326,0.784527306747623,3,0.337153956658112,0
74,14,97490.9713249914,0,1,3220.40841178326,0.784527306747623,3,0.337153956658112,0
74,15,100710.905635506,0,1,3220.40841178326,0.784527306747623,3,0.337153956658112,0
74,16,103150.817988202,0,1,3220.40841178326,0.784527306747623,3,0.337153956658112,0
74,17,100553.325370594,0,1,3220.40841178326,0.784527306747623,3,0.337153956658112,0
74,18,97377.1600858984,0,1,3220.40841178326,0.784527306747623,3,0.337153956658112,0
74,19,95439.0263050785,0,1,3220.40841178326,0.784527306747623,3,0.337153956658112,0
74,20,97969.5241235666,0,1,3220.40841178326,0.784527306747623,3,0.337153956658112,0
74,21,96870.6252934124,0,1,3220.40841178326,0.784527306747623,3,0.337153956658112,0
74,22,94405.8523404988,0,1,3220.40841178326,0.784527306747623,3,0.337153956658112,0
74,23,99016.318691891,0,1,3220.40841178326,0.784527306747623,3,0.337153956658112,0
74,24,100360.296494802,0,1,3220.40841178326,0.784527306747623,3,0.337153956658112,0
75,1,89004.1231240277,1,0,3048.74397701842,0.726392620627303,2,0.0311049688262243,0
75,2,94103.1108296971,1,0,3048.74397701842,0.726392620627303,2,0.0311049688262243,0
75,3,92679.4096871072,1,0,3048.74397701842,0.726392620627303,2,0.0311049688262243,0
75,4,94671.5000280322,1,0,3048.74397701842,0.726392620627303,2,0.0311049688262243,0
75,5,91315.0829513591,1,0,3048.74397701842,0.726392620627303,2,0.0311049688262243,0
75,6,91415.0489480834,1,0,3048.74397701842,0.726392620627303,2,0.0311049688262243,0
75,7,88323.3263111349,1,0,3048.74397701842,0.726392620627303,2,0.0311049688262243,0
75,8,90800.8825737553,1,0,3048.74397701842,0.726392620627303,2,0.0311049688262243,0
75,9,85924.4781465795,1,0,3048.74397701842,0.726392620627303,2,0.0311049688262243,0
75,10,87168.3554493175,1,0,3048.74397701842,0.726392620627303,2,0.0311049688262243,0
75,11,92786.3700489368,1,0,3048.74397701842,0.726392620627303,2,0.0311049688262243,0
75,12,94669.4150942544,1,0,3048.74397701842,0.726392620627303,2,0.0311049688262243,0
75,13,101919.002933559,1,1,3048.74397701842,0.726392620627303,2,0.0311049688262243,5977.15722976381
75,14,101899.521287619,1,1,3048.74397701842,0.726392620627303,2,0.0311049688262243,5977.15722976381
75,15,106398.098935934,1,1,3048.74397701842,0.726392620627303,2,0.0311049688262243,5977.15722976381
75,16,108472.609904416,1,1,3048.74397701842,0.726392620627303,2,0.0311049688262243,5977.15722976381
75,17,108705.397536843,1,1,3048.74397701842,0.726392620627303,2,0.0311049688262243,5977.15722976381
75,18,103589.123600164,1,1,3048.74397701842,0.726392620627303,2,0.0311049688262243,5977.15722976381
75,19,98751.4931952189,1,1,3048.74397701842,0.726392620627303,2,0.0311049688262243,5977.15722976381
75,20,96650.082190445,1,1,3048.74397701842,0.726392620627303,2,0.0311049688262243,5977.15722976381
75,21,101478.649399055,1,1,3048.74397701842,0.726392620627303,2,0.0311049688262243,5977.15722976381
75,22,98952.7395954775,1,1,3048.74397701842,0.726392620627303,2,0.0311049688262243,5977.15722976381
75,23,101361.0926364,1,1,3048.74397701842,0.726392620627303,2,0.0311049688262243,5977.15722976381
75,24,103124.704371483,1,1,3048.74397701842,0.726392620627303,2,0.0311049688262243,5977.15722976381
76,1,88545.5843732187,0,0,2843.12958571551,0.638731661869679,2,-0.278912786630242,0
76,2,87243.8878327644,0,0,2843.12958571551,0.638731661869679,2,-0.278912786630242,0
76,3,89655.2238498693,0,0,2843.12958571551,0.638731661869679,2,-0.278912786630242,0
76,4,84308.387117566,0,0,2843.12958571551,0.638731661869679,2,-0.278912786630242,0
76,5,87255.6789920064,0,0,2843.12958571551,0.638731661869679,2,-0.278912786630242,0
76,6,88678.6826863803,0,0,2843.12958571551,0.638731661869679,2,-0.278912786630242,0
76,7,85935.5109317962,0,0,2843.12958571551,0.638731661869679,2,-0.278912786630242,0
76,8,81884.8335956621,0,0,2843.12958571551,0.638731661869679,2,-0.278912786630242,0
76,9,83494.9826433388,0,0,2843.12958571551,0.638731661869679,2,-0.278912786630242,0
76,10,80330.1233039765,0,0,2843.12958571551,0.638731661869679,2,-0.278912786630242,0
76,11,86358.4310019365,0,0,2843.12958571551,0.638731661869679,2,-0.278912786630242,0
76,12,89931.836356513,0,0,2843.12958571551,0.638731661869679,2,-0.278912786630242,0
76,13,93413.7188857232,0,1,2843.12958571551,0.638731661869679,2,-0.278912786630242,0
76,14,96264.6396024311,0,1,2843.12958571551,0.638731661869679,2,-0.278912786630242,0
76,15,93619.3391036679,0,1,2843.12958571551,0.638731661869679,2,-0.278912786630242,0
76,16,95587.2728876992,0,1,2843.12958571551,0.638731661869679,2,-0.278912786630242,0
76,17,92982.8589062625,0,1,2843.12958571551,0.638731661869679,2,-0.278912786630242,0
76,18,92869.1735066423,0,1,2843.12958571551,0.638731661869679,2,-0.278912786630242,0
76,19,88555.5628628918,0,1,2843.12958571551,0.638731661869679,2,-0.278912786630242,0
76,20,89838.8725602292,0,1,2843.12958571551,0.638731661869679,2,-0.278912786630242,0
76,21,83868.2760005543,0,1,2843.12958571551,0.638731661869679,2,-0.278912786630242,0
76,22,92714.8898675094,0,1,2843.12958571551,0.638731661869679,2,-0.278912786630242,0
76,23,90736.3326269193,0,1,2843.12958571551,0.638731661869679,2,-0.278912786630242,0
76,24,93606.4430787687,0,1,2843.12958571551,0.638731661869679,2,-0.278912786630242,0
77,1,55089.1743995606,0,0,720.605651612401,0.531691600277554,6,-1.33447278450023,0
77,2,56912.6647282817,0,0,720.605651612401,0.531691600277554,6,-1.33447278450023,0
77,3,56810.6212190618,0,0,720.605651612401,0.531691600277554,6,-1.33447278450023,0
77,4,60958.0215973587,0,0,720.605651612401,0.531691600277554,6,-1.33447278450023,0
77,5,57901.3089242002,0,0,720.605651612401,0.531691600277554,6,-1.33447278450023,0
77,6,55558.4657488354,0,0,720.605651612401,0.531691600277554,6,-1.33447278450023,0
77,7,48703.353403366,0,0,720.605651612401,0.531691600277554,6,-1.33447278450023,0
77,8,47324.8256913534,0,0,720.605651612401,0.531691600277554,6,-1.33447278450023,0
77,9,47484.9195873411,0,0,720.605651612401,0.531691600277554,6,-1.33447278450023,0
77,10,49440.0410629801,0,0,720.605651612401,0.531691600277554,6,-1.33447278450023,0
77,11,48412.2604528025,0,0,720.605651612401,0.531691600277554,6,-1.33447278450023,0
77,12,53939.273763251,0,0,720.605651612401,0.531691600277554,6,-1.33447278450023,0
77,13,55582.7917943002,0,1,720.605651612401,0.531691600277554,6,-1.33447278450023,0
77,14,61218.9830313568,0,1,720.605651612401,0.531691600277554,6,-1.33447278450023,0
77,15,58246.0351292371,0,1,720.605651612401,0.531691600277554,6,-1.33447278450023,0
77,16,57346.0346448672,0,1,720.605651612401,0.531691600277554,6,-1.33447278450023,0
77,17,56444.2648681932,0,1,720.605651612401,0.531691600277554,6,-1.33447278450023,0
77,18,54093.4115577981,0,1,720.605651612401,0.531691600277554,6,-1.33447278450023,0
77,19,55242.7377774479,0,1,720.605651612401,0.531691600277554,6,-1.33447278450023,0
77,20,50258.7781011528,0,1,720.605651612401,0.531691600277554,6,-1.33447278450023,0
77,21,52090.8677230863,0,1,720.605651612401,0.531691600277554,6,-1.33447278450023,0
77,22,50698.1878393096,0,1,720.605651612401,0.531691600277554,6,-1.33447278450023,0
77,23,53872.5657995747,0,1,720.605651612401,0.531691600277554,6,-1.33447278450023,0
77,24,54587.1603963983,0,1,720.605651612401,0.531691600277554,6,-1.33447278450023,0
78,1,83410.4408561368,1,0,2435.99945649562,0.886648308380973,3,0.0401482148655574,0
78,2,87632.1942693875,1,0,2435.99945649562,0.886648308380973,3,0.0401482148655574,0
78,3,85692.9284029445,1,0,2435.99945649562,0.886648308380973,3,0.0401482148655574,0
78,4,85050.2990943594,1,0,2435.99945649562,0.886648308380973,3,0.0401482148655574,0
78,5,88248.9090340565,1,0,2435.99945649562,0.886648308380973,3,0.0401482148655574,0
78,6,83225.1220580382,1,0,2435.99945649562,0.886648308380973,3,0.0401482148655574,0
78,7,82407.0198727148,1,0,2435.99945649562,0.886648308380973,3,0.0401482148655574,0
78,8,84928.4860613524,1,0,2435.99945649562,0.886648308380973,3,0.0401482148655574,0
78,9,78000.5538966837,1,0,2435.99945649562,0.886648308380973,3,0.0401482148655574,0
78,10,83397.0928998522,1,0,2435.99945649562,0.886648308380973,3,0.0401482148655574,0
78,11,84414.6648087259,1,0,2435.99945649562,0.886648308380973,3,0.0401482148655574,0
78,12,89078.2560534957,1,0,2435.99945649562,0.886648308380973,3,0.0401482148655574,0
78,13,98529.0420173292,1,1,2435.99945649562,0.886648308380973,3,0.0401482148655574,5991.29634500975
78,14,100027.0717183,1,1,2435.99945649562,0.886648308380973,3,0.0401482148655574,5991.29634500975
78,15,102002.034791241,1,1,2435.99945649562,0.886648308380973,3,0.0401482148655574,5991.29634500975
78,16,98949.1208133977,1,1,2435.99945649562,0.886648308380973,3,0.0401482148655574,5991.29634500975
78,17,100963.273064909,1,1,2435.99945649562,0.886648308380973,3,0.0401482148655574,5991.29634500975
78,18,95177.9058837433,1,1,2435.99945649562,0.886648308380973,3,0.0401482148655574,5991.29634500975
78,19,95950.5011890517,1,1,2435.99945649562,0.886648308380973,3,0.0401482148655574,5991.29634500975
78,20,93247.9422445819,1,1,2435.99945649562,0.886648308380973,3,0.0401482148655574,5991.29634500975
78,21,95990.2916713577,1,1,2435.99945649562,0.886648308380973,3,0.0401482148655574,5991.29634500975
78,22,98507.741425842,1,1,2435.99945649562,0.886648308380973,3,0.0401482148655574,5991.29634500975
78,23,98088.6553090995,1,1,2435.99945649562,0.886648308380973,3,0.0401482148655574,5991.29634500975
78,24,99291.7927719903,1,1,2435.99945649562,0.886648308380973,3,0.0401482148655574,5991.29634500975
79,1,78275.9037801988,0,0,2928.10427346341,0.562806017778348,6,-0.706269689950538,0
79,2,81323.4099811362,0,0,2928.10427346341,0.562806017778348,6,-0.706269689950538,0
79,3,81488.5314178167,0,0,2928.10427346341,0.562806017778348,6,-0.706269689950538,0
79,4,81428.1221645233,0,0,2928.10427346341,0.562806017778348,6,-0.706269689950538,0
79,5,80929.1952898842,0,0,2928.10427346341,0.562806017778348,6,-0.706269689950538,0
79,6,77327.586778643,0,0,2928.10427346341,0.562806017778348,6,-0.706269689950538,0
79,7,76193.8522525349,0,0,2928.10427346341,0.562806017778348,6,-0.706269689950538,0
79,8,72938.1604610561,0,0,2928.10427346341,0.562806017778348,6,-0.706269689950538,0
79,9,73894.7093559261,0,0,2928.10427346341,0.562806017778348,6,-0.706269689950538,0
79,10,74344.9973118281,0,0,2928.10427346341,0.562806017778348,6,-0.706269689950538,0
79,11,75076.8228915368,0,0,2928.10427346341,0.562806017778348,6,-0.706269689950538,0
79,12,78605.0981590231,0,0,2928.10427346341,0.562806017778348,6,-0.706269689950538,0
79,13,84978.5560889364,0,1,2928.10427346341,0.562806017778348,6,-0.706269689950538,0
79,14,83639.0388797222,0,1,2928.10427346341,0.562806017778348,6,-0.706269689950538,0
79,15,81929.8727713497,0,1,2928.10427346341,0.562806017778348,6,-0.706269689950538,0
79,16,85239.0134045498,0,1,2928.10427346341,0.562806017778348,6,-0.706269689950538,0
79,17,85131.3982096934,0,1,2928.10427346341,0.562806017778348,6,-0.706269689950538,0
79,18,81131.1217872136,0,1,2928.10427346341,0.562806017778348,6,-0.706269689950538,0
79,19,80494.8832139328,0,1,2928.10427346341,0.562806017778348,6,-0.706269689950538,0
79,20,78459.7609281281,0,1,2928.10427346341,0.562806017778348,6,-0.706269689950538,0
79,21,79079.8348873899,0,1,2928.10427346341,0.562806017778348,6,-0.706269689950538,0
79,22,73636.528799442,0,1,2928.10427346341,0.562806017778348,6,-0.706269689950538,0
79,23,80129.3489704047,0,1,2928.10427346341,0.562806017778348,6,-0.706269689950538,0
79,24,83679.8284161478,0,1,2928.10427346341,0.562806017778348,6,-0.706269689950538,0
80,1,88310.7456556561,1,0,2860.79619584631,0.755571509269066,2,-0.0271459164289576,0
80,2,89554.4605389828,1,0,2860.79619584631,0.755571509269066,2,-0.0271459164289576,0
80,3,90411.6946174133,1,0,2860.79619584631,0.755571509269066,2,-0.0271459164289576,0
80,4,89585.3497367305,1,0,2860.79619584631,0.755571509269066,2,-0.0271459164289576,0
80,5,92061.9797313314,1,0,2860.79619584631,0.755571509269066,2,-0.0271459164289576,0
80,6,89652.8328947537,1,0,2860.79619584631,0.755571509269066,2,-0.0271459164289576,0
80,7,83572.3058616927,1,0,2860.79619584631,0.755571509269066,2,-0.0271459164289576,0
80,8,91630.3571580675,1,0,2860.79619584631,0.755571509269066,2,-0.0271459164289576,0
80,9,86978.5892438036,1,0,2860.79619584631,0.755571509269066,2,-0.0271459164289576,0
80,10,85192.2298625584,1,0,2860.79619584631,0.755571509269066,2,-0.0271459164289576,0
80,11,89764.5412231092,1,0,2860.79619584631,0.755571509269066,2,-0.0271459164289576,0
80,12,91532.2091822558,1,0,2860.79619584631,0.755571509269066,2,-0.0271459164289576,0
80,13,100996.360572303,1,1,2860.79619584631,0.755571509269066,2,-0.0271459164289576,5941.54111646129
80,14,103952.494764891,1,1,2860.79619584631,0.755571509269066,2,-0.0271459164289576,5941.54111646129
80,15,104162.430518771,1,1,2860.79619584631,0.755571509269066,2,-0.0271459164289576,5941.54111646129
80,16,101658.9853847,1,1,2860.79619584631,0.755571509269066,2,-0.0271459164289576,5941.54111646129
80,17,107205.667264083,1,1,2860.79619584631,0.755571509269066,2,-0.0271459164289576,5941.54111646129
80,18,105478.67421234,1,1,2860.79619584631,0.755571509269066,2,-0.0271459164289576,5941.54111646129
80,19,97009.0012906301,1,1,2860.79619584631,0.755571509269066,2,-0.0271459164289576,5941.54111646129
80,20,97508.6011693065,1,1,2860.79619584631,0.755571509269066,2,-0.0271459164289576,5941.54111646129
80,21,98786.8919491988,1,1,2860.79619584631,0.755571509269066,2,-0.0271459164289576,5941.54111646129
80,22,95137.6733492612,1,1,2860.79619584631,0.755571509269066,2,-0.0271459164289576,5941.54111646129
80,23,103444.964875452,1,1,2860.79619584631,0.755571509269066,2,-0.0271459164289576,5941.54111646129
80,24,101324.658250679,1,1,2860.79619584631,0.755571509269066,2,-0.0271459164289576,5941.54111646129
81,1,73555.1531306784,0,0,2187.67443592851,0.636474532587454,3,-0.213025250508931,0
81,2,78264.3632470163,0,0,2187.67443592851,0.636474532587454,3,-0.213025250508931,0
81,3,82764.2765795633,0,0,2187.67443592851,0.636474532587454,3,-0.213025250508931,0
81,4,80289.1250819957,0,0,2187.67443592851,0.636474532587454,3,-0.213025250508931,0
81,5,82236.6581557715,0,0,2187.67443592851,0.636474532587454,3,-0.213025250508931,0
81,6,77650.988516366,0,0,2187.67443592851,0.636474532587454,3,-0.213025250508931,0
81,7,75083.7062188849,0,0,2187.67443592851,0.636474532587454,3,-0.213025250508931,0
81,8,75905.121717375,0,0,2187.67443592851,0.636474532587454,3,-0.213025250508931,0
81,9,70786.056665142,0,0,2187.67443592851,0.636474532587454,3,-0.213025250508931,0
81,10,77729.9736410801,0,0,2187.67443592851,0.636474532587454,3,-0.213025250508931,0
81,11,77346.6716456687,0,0,2187.67443592851,0.636474532587454,3,-0.213025250508931,0
81,12,80948.119054663,0,0,2187.67443592851,0.636474532587454,3,-0.213025250508931,0
81,13,83491.6009001437,0,1,2187.67443592851,0.636474532587454,3,-0.213025250508931,0
81,14,85041.9241756322,0,1,2187.67443592851,0.636474532587454,3,-0.213025250508931,0
81,15,91546.5342596485,0,1,2187.67443592851,0.636474532587454,3,-0.213025250508931,0
81,16,86977.2762544585,0,1,2187.67443592851,0.636474532587454,3,-0.213025250508931,0
81,17,86063.5811956927,0,1,2187.67443592851,0.636474532587454,3,-0.213025250508931,0
81,18,82147.0105738513,0,1,2187.67443592851,0.636474532587454,3,-0.213025250508931,0
81,19,84709.7874929313,0,1,2187.67443592851,0.636474532587454,3,-0.213025250508931,0
81,20,80463.0298709573,0,1,2187.67443592851,0.636474532587454,3,-0.213025250508931,0
81,21,78338.4072428617,0,1,2187.67443592851,0.636474532587454,3,-0.213025250508931,0
81,22,79445.0505277745,0,1,2187.67443592851,0.636474532587454,3,-0.213025250508931,0
81,23,83258.6150913079,0,1,2187.67443592851,0.636474532587454,3,-0.213025250508931,0
81,24,84349.6461829941,0,1,2187.67443592851,0.636474532587454,3,-0.213025250508931,0
82,1,66677.8663785368,0,0,1543.33565466576,0.500804999761749,3,-1.12015758649281,0
82,2,72046.9787991218,0,0,1543.33565466576,0.500804999761749,3,-1.12015758649281,0
82,3,71775.9821394742,0,0,1543.33565466576,0.500804999761749,3,-1.12015758649281,0
82,4,72049.0721722478,0,0,1543.33565466576,0.500804999761749,3,-1.12015758649281,0
82,5,72031.9920624117,0,0,1543.33565466576,0.500804999761749,3,-1.12015758649281,0
82,6,67808.8185738295,0,0,1543.33565466576,0.500804999761749,3,-1.12015758649281,0
82,7,64576.9721007994,0,0,1543.33565466576,0.500804999761749,3,-1.12015758649281,0
82,8,65102.2526546607,0,0,1543.33565466576,0.500804999761749,3,-1.12015758649281,0
82,9,59697.5809595773,0,0,1543.33565466576,0.500804999761749,3,-1.12015758649281,0
82,10,67398.124871248,0,0,1543.33565466576,0.500804999761749,3,-1.12015758649281,0
82,11,63916.1129212495,0,0,1543.33565466576,0.500804999761749,3,-1.12015758649281,0
82,12,68525.1430643093,0,0,1543.33565466576,0.500804999761749,3,-1.12015758649281,0
82,13,71699.0807687674,0,1,1543.33565466576,0.500804999761749,3,-1.12015758649281,0
82,14,71710.7372383603,0,1,1543.33565466576,0.500804999761749,3,-1.12015758649281,0
82,15,72857.3541692447,0,1,1543.33565466576,0.500804999761749,3,-1.12015758649281,0
82,16,73047.6332263108,0,1,1543.33565466576,0.500804999761749,3,-1.12015758649281,0
82,17,71659.642614493,0,1,1543.33565466576,0.500804999761749,3,-1.12015758649281,0
82,18,67511.2778276528,0,1,1543.33565466576,0.500804999761749,3,-1.12015758649281,0
82,19,66274.6368747838,0,1,1543.33565466576,0.500804999761749,3,-1.12015758649281,0
82,20,66321.9072349062,0,1,1543.33565466576,0.500804999761749,3,-1.12015758649281,0
82,21,65887.353798601,0,1,1543.33565466576,0.500804999761749,3,-1.12015758649281,0
82,22,69507.6800980949,0,1,1543.33565466576,0.500804999761749,3,-1.12015758649281,0
82,23,73928.336449467,0,1,1543.33565466576,0.500804999761749,3,-1.12015758649281,0
82,24,74187.552349124,0,1,1543.33565466576,0.500804999761749,3,-1.12015758649281,0
83,1,102410.866838698,1,0,3983.00778115986,0.948306267464068,3,1.06355989011239,0
83,2,102853.030117,1,0,3983.00778115986,0.948306267464068,3,1.06355989011239,0
83,3,104609.985019234,1,0,3983.00778115986,0.948306267464068,3,1.06355989011239,0
83,4,108581.067374634,1,0,3983.00778115986,0.948306267464068,3,1.06355989011239,0
83,5,104472.798342444,1,0,3983.00778115986,0.948306267464068,3,1.06355989011239,0
83,6,103565.440517267,1,0,3983.00778115986,0.948306267464068,3,1.06355989011239,0
83,7,103386.459729076,1,0,3983.00778115986,0.948306267464068,3,1.06355989011239,0
83,8,102253.271053399,1,0,3983.00778115986,0.948306267464068,3,1.06355989011239,0
83,9,99331.6148466578,1,0,3983.00778115986,0.948306267464068,3,1.06355989011239,0
83,10,102654.725988374,1,0,3983.00778115986,0.948306267464068,3,1.06355989011239,0
83,11,100783.78639484,1,0,3983.00778115986,0.948306267464068,3,1.06355989011239,0
83,12,106217.324446272,1,0,3983.00778115986,0.948306267464068,3,1.06355989011239,0
83,13,117414.389326785,1,1,3983.00778115986,0.948306267464068,3,1.06355989011239,6888.11642550806
83,14,117746.838419635,1,1,3983.00778115986,0.948306267464068,3,1.06355989011239,6888.11642550806
83,15,120305.401159771,1,1,3983.00778115986,0.948306267464068,3,1.06355989011239,6888.11642550806
83,16,122851.439625145,1,1,3983.00778115986,0.948306267464068,3,1.06355989011239,6888.11642550806
83,17,119820.885186424,1,1,3983.00778115986,0.948306267464068,3,1.06355989011239,6888.11642550806
83,18,119444.904243236,1,1,3983.00778115986,0.948306267464068,3,1.06355989011239,6888.11642550806
83,19,117787.845063669,1,1,3983.00778115986,0.948306267464068,3,1.06355989011239,6888.11642550806
83,20,115903.565185239,1,1,3983.00778115986,0.948306267464068,3,1.06355989011239,6888.11642550806
83,21,117287.277247012,1,1,3983.00778115986,0.948306267464068,3,1.06355989011239,6888.11642550806
83,22,115625.047092133,1,1,3983.00778115986,0.948306267464068,3,1.06355989011239,6888.11642550806
83,23,122985.446997604,1,1,3983.00778115986,0.948306267464068,3,1.06355989011239,6888.11642550806
83,24,125987.408029968,1,1,3983.00778115986,0.948306267464068,3,1.06355989011239,6888.11642550806
84,1,80608.4294617175,1,0,2046.23913027624,0.921732393861748,5,0.0455068930139599,0
84,2,74833.4328046173,1,0,2046.23913027624,0.921732393861748,5,0.0455068930139599,0
84,3,79523.1331902397,1,0,2046.23913027624,0.921732393861748,5,0.0455068930139599,0
84,4,83691.4997574623,1,0,2046.23913027624,0.921732393861748,5,0.0455068930139599,0
84,5,79505.2276390272,1,0,2046.23913027624,0.921732393861748,5,0.0455068930139599,0
84,6,79452.7595081961,1,0,2046.23913027624,0.921732393861748,5,0.0455068930139599,0
84,7,76232.6374571186,1,0,2046.23913027624,0.921732393861748,5,0.0455068930139599,0
84,8,72166.7491832405,1,0,2046.23913027624,0.921732393861748,5,0.0455068930139599,0
84,9,72525.3003350909,1,0,2046.23913027624,0.921732393861748,5,0.0455068930139599,0
84,10,72701.280858754,1,0,2046.23913027624,0.921732393861748,5,0.0455068930139599,0
84,11,77987.3385756424,1,0,2046.23913027624,0.921732393861748,5,0.0455068930139599,0
84,12,79874.3188937149,1,0,2046.23913027624,0.921732393861748,5,0.0455068930139599,0
84,13,87831.6004552602,1,1,2046.23913027624,0.921732393861748,5,0.0455068930139599,5866.58435286162
84,14,92363.8090929275,1,1,2046.23913027624,0.921732393861748,5,0.0455068930139599,5866.58435286162
84,15,92650.289630627,1,1,2046.23913027624,0.921732393861748,5,0.0455068930139599,5866.58435286162
84,16,89671.7246840139,1,1,2046.23913027624,0.921732393861748,5,0.0455068930139599,5866.58435286162
84,17,88658.4700267294,1,1,2046.23913027624,0.921732393861748,5,0.0455068930139599,5866.58435286162
84,18,97032.6305961172,1,1,2046.23913027624,0.921732393861748,5,0.0455068930139599,5866.58435286162
84,19,86846.9036447598,1,1,2046.23913027624,0.921732393861748,5,0.0455068930139599,5866.58435286162
84,20,85476.5738680681,1,1,2046.23913027624,0.921732393861748,5,0.0455068930139599,5866.58435286162
84,21,89596.0808821119,1,1,2046.23913027624,0.921732393861748,5,0.0455068930139599,5866.58435286162
84,22,91753.3292382841,1,1,2046.23913027624,0.921732393861748,5,0.0455068930139599,5866.58435286162
84,23,87164.746705515,1,1,2046.23913027624,0.921732393861748,5,0.0455068930139599,5866.58435286162
84,24,93393.3008180204,1,1,2046.23913027624,0.921732393861748,5,0.0455068930139599,5866.58435286162
85,1,92481.8505851297,1,0,3678.41226053415,0.579839638632257,4,-0.480352853320301,0
85,2,91150.0764758446,1,0,3678.41226053415,0.579839638632257,4,-0.480352853320301,0
85,3,92961.6933858561,1,0,3678.41226053415,0.579839638632257,4,-0.480352853320301,0
85,4,92176.8205799119,1,0,3678.41226053415,0.579839638632257,4,-0.480352853320301,0
85,5,92649.5550533454,1,0,3678.41226053415,0.579839638632257,4,-0.480352853320301,0
85,6,87154.8270330291,1,0,3678.41226053415,0.579839638632257,4,-0.480352853320301,0
85,7,87856.6282170063,1,0,3678.41226053415,0.579839638632257,4,-0.480352853320301,0
85,8,87566.4536804191,1,0,3678.41226053415,0.579839638632257,4,-0.480352853320301,0
85,9,86498.3961046273,1,0,3678.41226053415,0.579839638632257,4,-0.480352853320301,0
85,10,87664.103304528,1,0,3678.41226053415,0.579839638632257,4,-0.480352853320301,0
85,11,89837.6798372484,1,0,3678.41226053415,0.579839638632257,4,-0.480352853320301,0
85,12,90847.6415169833,1,0,3678.41226053415,0.579839638632257,4,-0.480352853320301,0
85,13,101335.679604293,1,1,3678.41226053415,0.579839638632257,4,-0.480352853320301,5998.88540753159
85,14,101976.760779724,1,1,3678.41226053415,0.579839638632257,4,-0.480352853320301,5998.88540753159
85,15,104561.117453912,1,1,3678.41226053415,0.579839638632257,4,-0.480352853320301,5998.88540753159
85,16,99540.7356753553,1,1,3678.41226053415,0.579839638632257,4,-0.480352853320301,5998.88540753159
85,17,103768.11975831,1,1,3678.41226053415,0.579839638632257,4,-0.480352853320301,5998.88540753159
85,18,98996.0639837092,1,1,3678.41226053415,0.579839638632257,4,-0.480352853320301,5998.88540753159
85,19,99777.7080177347,1,1,3678.41226053415,0.579839638632257,4,-0.480352853320301,5998.88540753159
85,20,98278.1057090128,1,1,3678.41226053415,0.579839638632257,4,-0.480352853320301,5998.88540753159
85,21,96682.1360190419,1,1,3678.41226053415,0.579839638632257,4,-0.480352853320301,5998.88540753159
85,22,96956.5133873697,1,1,3678.41226053415,0.579839638632257,4,-0.480352853320301,5998.88540753159
85,23,96620.8119064676,1,1,3678.41226053415,0.579839638632257,4,-0.480352853320301,5998.88540753159
85,24,101320.823103941,1,1,3678.41226053415,0.579839638632257,4,-0.480352853320301,5998.88540753159
86,1,100342.982301409,0,0,3926.11815393359,0.813751427491661,2,0.767614808055213,0
86,2,103364.448493663,0,0,3926.11815393359,0.813751427491661,2,0.767614808055213,0
86,3,104809.520199534,0,0,3926.11815393359,0.813751427491661,2,0.767614808055213,0
86,4,104420.089195961,0,0,3926.11815393359,0.813751427491661,2,0.767614808055213,0
86,5,105141.80569529,0,0,3926.11815393359,0.813751427491661,2,0.767614808055213,0
86,6,105725.528952027,0,0,3926.11815393359,0.813751427491661,2,0.767614808055213,0
86,7,98667.9224623128,0,0,3926.11815393359,0.813751427491661,2,0.767614808055213,0
86,8,100770.28084854,0,0,3926.11815393359,0.813751427491661,2,0.767614808055213,0
86,9,99171.8579367469,0,0,3926.11815393359,0.813751427491661,2,0.767614808055213,0
86,10,103030.299578213,0,0,3926.11815393359,0.813751427491661,2,0.767614808055213,0
86,11,101137.585388799,0,0,3926.11815393359,0.813751427491661,2,0.767614808055213,0
86,12,107405.000697205,0,0,3926.11815393359,0.813751427491661,2,0.767614808055213,0
86,13,110749.446293589,0,1,3926.11815393359,0.813751427491661,2,0.767614808055213,0
86,14,113781.253513448,0,1,3926.11815393359,0.813751427491661,2,0.767614808055213,0
86,15,114682.404080072,0,1,3926.11815393359,0.813751427491661,2,0.767614808055213,0
86,16,113801.825222612,0,1,3926.11815393359,0.813751427491661,2,0.767614808055213,0
86,17,110235.193087273,0,1,3926.11815393359,0.813751427491661,2,0.767614808055213,0
86,18,114678.186521169,0,1,3926.11815393359,0.813751427491661,2,0.767614808055213,0
86,19,105476.230745628,0,1,3926.11815393359,0.813751427491661,2,0.767614808055213,0
86,20,105214.679859209,0,1,3926.11815393359,0.813751427491661,2,0.767614808055213,0
86,21,108716.34405408,0,1,3926.11815393359,0.813751427491661,2,0.767614808055213,0
86,22,104723.193178406,0,1,3926.11815393359,0.813751427491661,2,0.767614808055213,0
86,23,111981.945393349,0,1,3926.11815393359,0.813751427491661,2,0.767614808055213,0
86,24,111763.478421082,0,1,3926.11815393359,0.813751427491661,2,0.767614808055213,0
87,1,94020.2582679604,1,0,2918.91983752898,0.775418112962507,0,0.278940796153159,0
87,2,99599.3473256368,1,0,2918.91983752898,0.775418112962507,0,0.278940796153159,0
87,3,97761.0425620942,1,0,2918.91983752898,0.775418112962507,0,0.278940796153159,0
87,4,97724.9955957961,1,0,2918.91983752898,0.775418112962507,0,0.278940796153159,0
87,5,95928.7835728545,1,0,2918.91983752898,0.775418112962507,0,0.278940796153159,0
87,6,91102.4474603204,1,0,2918.91983752898,0.775418112962507,0,0.278940796153159,0
87,7,90944.1098329629,1,0,2918.91983752898,0.775418112962507,0,0.278940796153159,0
87,8,91997.0255468564,1,0,2918.91983752898,0.775418112962507,0,0.278940796153159,0
87,9,94968.1858184524,1,0,2918.91983752898,0.775418112962507,0,0.278940796153159,0
87,10,94423.0774422849,1,0,2918.91983752898,0.775418112962507,0,0.278940796153159,0
87,11,91686.4812781083,1,0,2918.91983752898,0.775418112962507,0,0.278940796153159,0
87,12,96464.6725164054,1,0,2918.91983752898,0.775418112962507,0,0.278940796153159,0
87,13,110908.001692718,1,1,2918.91983752898,0.775418112962507,0,0.278940796153159,6010.2961446895
87,14,105841.04639994,1,1,2918.91983752898,0.775418112962507,0,0.278940796153159,6010.2961446895
87,15,113401.327147977,1,1,2918.91983752898,0.775418112962507,0,0.278940796153159,6010.2961446895
87,16,110966.133190727,1,1,2918.91983752898,0.775418112962507,0,0.278940796153159,6010.2961446895
87,17,109678.010485355,1,1,2918.91983752898,0.775418112962507,0,0.278940796153159,6010.2961446895
87,18,109032.282416466,1,1,2918.91983752898,0.775418112962507,0,0.278940796153159,6010.2961446895
87,19,107764.813318279,1,1,2918.91983752898,0.775418112962507,0,0.278940796153159,6010.2961446895
87,20,104456.700926695,1,1,2918.91983752898,0.775418112962507,0,0.278940796153159,6010.2961446895
87,21,103385.079762807,1,1,2918.91983752898,0.775418112962507,0,0.278940796153159,6010.2961446895
87,22,106829.431600543,1,1,2918.91983752898,0.775418112962507,0,0.278940796153159,6010.2961446895
87,23,105308.667229975,1,1,2918.91983752898,0.775418112962507,0,0.278940796153159,6010.2961446895
87,24,108495.708097341,1,1,2918.91983752898,0.775418112962507,0,0.278940796153159,6010.2961446895
88,1,97562.1801646388,0,0,3932.62237874505,0.91407787486678,3,0.698806657943103,0
88,2,100245.056488576,0,0,3932.62237874505,0.91407787486678,3,0.698806657943103,0
88,3,101534.721241938,0,0,3932.62237874505,0.91407787486678,3,0.698806657943103,0
88,4,106620.970465246,0,0,3932.62237874505,0.91407787486678,3,0.698806657943103,0
88,5,101513.68819533,0,0,3932.62237874505,0.91407787486678,3,0.698806657943103,0
88,6,104251.689254435,0,0,3932.62237874505,0.91407787486678,3,0.698806657943103,0
88,7,96593.7694577319,0,0,3932.62237874505,0.91407787486678,3,0.698806657943103,0
88,8,94815.8934627842,0,0,3932.62237874505,0.91407787486678,3,0.698806657943103,0
88,9,98250.0042546809,0,0,3932.62237874505,0.91407787486678,3,0.698806657943103,0
88,10,97404.196679478,0,0,3932.62237874505,0.91407787486678,3,0.698806657943103,0
88,11,101891.102935695,0,0,3932.62237874505,0.91407787486678,3,0.698806657943103,0
88,12,107276.341489721,0,0,3932.62237874505,0.91407787486678,3,0.698806657943103,0
88,13,109119.346015729,0,1,3932.62237874505,0.91407787486678,3,0.698806657943103,0
88,14,107666.084923366,0,1,3932.62237874505,0.91407787486678,3,0.698806657943103,0
88,15,110627.71359522,0,1,3932.62237874505,0.91407787486678,3,0.698806657943103,0
88,16,111395.112558829,0,1,3932.62237874505,0.91407787486678,3,0.698806657943103,0
88,17,110521.44428816,0,1,3932.62237874505,0.91407787486678,3,0.698806657943103,0
88,18,108500.418660852,0,1,3932.62237874505,0.91407787486678,3,0.698806657943103,0
88,19,103803.854352906,0,1,3932.62237874505,0.91407787486678,3,0.698806657943103,0
88,20,109531.116881921,0,1,3932.62237874505,0.91407787486678,3,0.698806657943103,0
88,21,106383.082442265,0,1,3932.62237874505,0.91407787486678,3,0.698806657943103,0
88,22,106597.675662957,0,1,3932.62237874505,0.91407787486678,3,0.698806657943103,0
88,23,110499.805289613,0,1,3932.62237874505,0.91407787486678,3,0.698806657943103,0
88,24,117011.884123659,0,1,3932.62237874505,0.91407787486678,3,0.698806657943103,0
89,1,80797.1726570989,0,0,2435.37765421544,0.77209837785922,4,0.528715373532154,0
89,2,81554.9596781698,0,0,2435.37765421544,0.77209837785922,4,0.528715373532154,0
89,3,80247.122951111,0,0,2435.37765421544,0.77209837785922,4,0.528715373532154,0
89,4,83889.5272347625,0,0,2435.37765421544,0.77209837785922,4,0.528715373532154,0
89,5,83265.4902820364,0,0,2435.37765421544,0.77209837785922,4,0.528715373532154,0
89,6,79932.38552086,0,0,2435.37765421544,0.77209837785922,4,0.528715373532154,0
89,7,78388.9692553931,0,0,2435.37765421544,0.77209837785922,4,0.528715373532154,0
89,8,79272.0850407958,0,0,2435.37765421544,0.77209837785922,4,0.528715373532154,0
89,9,78968.9857074829,0,0,2435.37765421544,0.77209837785922,4,0.528715373532154,0
89,10,81886.3992681651,0,0,2435.37765421544,0.77209837785922,4,0.528715373532154,0
89,11,82029.6461121221,0,0,2435.37765421544,0.77209837785922,4,0.528715373532154,0
89,12,86825.6889435975,0,0,2435.37765421544,0.77209837785922,4,0.528715373532154,0
89,13,87616.1294601774,0,1,2435.37765421544,0.77209837785922,4,0.528715373532154,0
89,14,92041.3653080073,0,1,2435.37765421544,0.77209837785922,4,0.528715373532154,0
89,15,95861.6686491694,0,1,2435.37765421544,0.77209837785922,4,0.528715373532154,0
89,16,94730.0780610856,0,1,2435.37765421544,0.77209837785922,4,0.528715373532154,0
89,17,93064.9452628883,0,1,2435.37765421544,0.77209837785922,4,0.528715373532154,0
89,18,88630.3775911736,0,1,2435.37765421544,0.77209837785922,4,0.528715373532154,0
89,19,87461.2946501015,0,1,2435.37765421544,0.77209837785922,4,0.528715373532154,0
89,20,84713.3089799616,0,1,2435.37765421544,0.77209837785922,4,0.528715373532154,0
89,21,87445.1562692247,0,1,2435.37765421544,0.77209837785922,4,0.528715373532154,0
89,22,90331.9496163296,0,1,2435.37765421544,0.77209837785922,4,0.528715373532154,0
89,23,87711.9549143429,0,1,2435.37765421544,0.77209837785922,4,0.528715373532154,0
89,24,95933.6619597843,0,1,2435.37765421544,0.77209837785922,4,0.528715373532154,0
90,1,88835.8996536349,1,0,3266.57512219492,0.790328169008717,3,0.0242932678717053,0
90,2,93591.7259688072,1,0,3266.57512219492,0.790328169008717,3,0.0242932678717053,0
90,3,94259.4139279592,1,0,3266.57512219492,0.790328169008717,3,0.0242932678717053,0
90,4,93887.6462525537,1,0,3266.57512219492,0.790328169008717,3,0.0242932678717053,0
90,5,91437.1637712866,1,0,3266.57512219492,0.790328169008717,3,0.0242932678717053,0
90,6,90393.1930691328,1,0,3266.57512219492,0.790328169008717,3,0.0242932678717053,0
90,7,89356.1386933909,1,0,3266.57512219492,0.790328169008717,3,0.0242932678717053,0
90,8,86217.7537833821,1,0,3266.57512219492,0.790328169008717,3,0.0242932678717053,0
90,9,88347.311888698,1,0,3266.57512219492,0.790328169008717,3,0.0242932678717053,0
90,10,87986.6515042677,1,0,3266.57512219492,0.790328169008717,3,0.0242932678717053,0
90,11,87344.0163721276,1,0,3266.57512219492,0.790328169008717,3,0.0242932678717053,0
90,12,95192.5301297871,1,0,3266.57512219492,0.790328169008717,3,0.0242932678717053,0
90,13,105221.939456698,1,1,3266.57512219492,0.790328169008717,3,0.0242932678717053,6213.9438991149
90,14,106173.06337528,1,1,3266.57512219492,0.790328169008717,3,0.0242932678717053,6213.9438991149
90,15,107068.004290013,1,1,3266.57512219492,0.790328169008717,3,0.0242932678717053,6213.9438991149
90,16,109435.107123603,1,1,3266.57512219492,0.790328169008717,3,0.0242932678717053,6213.9438991149
90,17,104657.323050591,1,1,3266.57512219492,0.790328169008717,3,0.0242932678717053,6213.9438991149
90,18,107217.840027595,1,1,3266.57512219492,0.790328169008717,3,0.0242932678717053,6213.9438991149
90,19,103255.561268353,1,1,3266.57512219492,0.790328169008717,3,0.0242932678717053,6213.9438991149
90,20,97935.7867553272,1,1,3266.57512219492,0.790328169008717,3,0.0242932678717053,6213.9438991149
90,21,98803.7157730584,1,1,3266.57512219492,0.790328169008717,3,0.0242932678717053,6213.9438991149
90,22,101716.102584786,1,1,3266.57512219492,0.790328169008717,3,0.0242932678717053,6213.9438991149
90,23,101973.901871899,1,1,3266.57512219492,0.790328169008717,3,0.0242932678717053,6213.9438991149
90,24,105599.602817047,1,1,3266.57512219492,0.790328169008717,3,0.0242932678717053,6213.9438991149
91,1,102698.126500486,1,0,3968.71285869139,0.839562368323095,1,0.916336397897771,0
91,2,104505.497077158,1,0,3968.71285869139,0.839562368323095,1,0.916336397897771,0
91,3,109520.29953162,1,0,3968.71285869139,0.839562368323095,1,0.916336397897771,0
91,4,106169.39537557,1,0,3968.71285869139,0.839562368323095,1,0.916336397897771,0
91,5,107398.800530364,1,0,3968.71285869139,0.839562368323095,1,0.916336397897771,0
91,6,103837.060558715,1,0,3968.71285869139,0.839562368323095,1,0.916336397897771,0
91,7,105359.145529108,1,0,3968.71285869139,0.839562368323095,1,0.916336397897771,0
91,8,102758.46800081,1,0,3968.71285869139,0.839562368323095,1,0.916336397897771,0
91,9,103032.157159407,1,0,3968.71285869139,0.839562368323095,1,0.916336397897771,0
91,10,105811.38790097,1,0,3968.71285869139,0.839562368323095,1,0.916336397897771,0
91,11,104686.762887215,1,0,3968.71285869139,0.839562368323095,1,0.916336397897771,0
91,12,109626.067116943,1,0,3968.71285869139,0.839562368323095,1,0.916336397897771,0
91,13,118901.311322762,1,1,3968.71285869139,0.839562368323095,1,0.916336397897771,6663.48116599188
91,14,122581.481254654,1,1,3968.71285869139,0.839562368323095,1,0.916336397897771,6663.48116599188
91,15,124614.589152728,1,1,3968.71285869139,0.839562368323095,1,0.916336397897771,6663.48116599188
91,16,124233.210606894,1,1,3968.71285869139,0.839562368323095,1,0.916336397897771,6663.48116599188
91,17,121981.385214178,1,1,3968.71285869139,0.839562368323095,1,0.916336397897771,6663.48116599188
91,18,119906.390187014,1,1,3968.71285869139,0.839562368323095,1,0.916336397897771,6663.48116599188
91,19,121271.458402548,1,1,3968.71285869139,0.839562368323095,1,0.916336397897771,6663.48116599188
91,20,116815.448771721,1,1,3968.71285869139,0.839562368323095,1,0.916336397897771,6663.48116599188
91,21,120236.033411881,1,1,3968.71285869139,0.839562368323095,1,0.916336397897771,6663.48116599188
91,22,118601.034439835,1,1,3968.71285869139,0.839562368323095,1,0.916336397897771,6663.48116599188
91,23,121049.59339498,1,1,3968.71285869139,0.839562368323095,1,0.916336397897771,6663.48116599188
91,24,126825.831466252,1,1,3968.71285869139,0.839562368323095,1,0.916336397897771,6663.48116599188
92,1,93813.36294428,1,0,3511.26657596074,0.742141673329752,3,0.713406153628285,0
92,2,97891.6638829803,1,0,3511.26657596074,0.742141673329752,3,0.713406153628285,0
92,3,96584.5379243167,1,0,3511.26657596074,0.742141673329752,3,0.713406153628285,0
92,4,98910.4179502423,1,0,3511.26657596074,0.742141673329752,3,0.713406153628285,0
92,5,99696.6876852225,1,0,3511.26657596074,0.742141673329752,3,0.713406153628285,0
92,6,96344.3662493447,1,0,3511.26657596074,0.742141673329752,3,0.713406153628285,0
92,7,94714.8617716805,1,0,3511.26657596074,0.742141673329752,3,0.713406153628285,0
92,8,93647.5128444199,1,0,3511.26657596074,0.742141673329752,3,0.713406153628285,0
92,9,94685.7105899312,1,0,3511.26657596074,0.742141673329752,3,0.713406153628285,0
92,10,91420.9791118679,1,0,3511.26657596074,0.742141673329752,3,0.713406153628285,0
92,11,94705.7797508251,1,0,3511.26657596074,0.742141673329752,3,0.713406153628285,0
92,12,98525.3313002477,1,0,3511.26657596074,0.742141673329752,3,0.713406153628285,0
92,13,110076.838669981,1,1,3511.26657596074,0.742141673329752,3,0.713406153628285,6239.91663463987
92,14,111371.6560035,1,1,3511.26657596074,0.742141673329752,3,0.713406153628285,6239.91663463987
92,15,113444.917154096,1,1,3511.26657596074,0.742141673329752,3,0.713406153628285,6239.91663463987
92,16,113502.172292723,1,1,3511.26657596074,0.742141673329752,3,0.713406153628285,6239.91663463987
92,17,113076.064551377,1,1,3511.26657596074,0.742141673329752,3,0.713406153628285,6239.91663463987
92,18,109701.60711605,1,1,3511.26657596074,0.742141673329752,3,0.713406153628285,6239.91663463987
92,19,108797.523406926,1,1,3511.26657596074,0.742141673329752,3,0.713406153628285,6239.91663463987
92,20,106195.56398319,1,1,3511.26657596074,0.742141673329752,3,0.713406153628285,6239.91663463987
92,21,106119.462870032,1,1,3511.26657596074,0.742141673329752,3,0.713406153628285,6239.91663463987
92,22,112878.926227041,1,1,3511.26657596074,0.742141673329752,3,0.713406153628285,6239.91663463987
92,23,110672.849614497,1,1,3511.26657596074,0.742141673329752,3,0.713406153628285,6239.91663463987
92,24,114720.30646275,1,1,3511.26657596074,0.742141673329752,3,0.713406153628285,6239.91663463987
93,1,89446.7689387163,1,0,3461.29986892349,0.588995732623152,4,-0.00540338652599898,0
93,2,90046.1562050957,1,0,3461.29986892349,0.588995732623152,4,-0.00540338652599898,0
93,3,94696.5350155592,1,0,3461.29986892349,0.588995732623152,4,-0.00540338652599898,0
93,4,95147.8056885109,1,0,3461.29986892349,0.588995732623152,4,-0.00540338652599898,0
93,5,86362.2833889495,1,0,3461.29986892349,0.588995732623152,4,-0.00540338652599898,0
93,6,91369.8462549749,1,0,3461.29986892349,0.588995732623152,4,-0.00540338652599898,0
93,7,84276.8614819317,1,0,3461.29986892349,0.588995732623152,4,-0.00540338652599898,0
93,8,88083.748465115,1,0,3461.29986892349,0.588995732623152,4,-0.00540338652599898,0
93,9,86437.0253214122,1,0,3461.29986892349,0.588995732623152,4,-0.00540338652599898,0
93,10,88501.6911691823,1,0,3461.29986892349,0.588995732623152,4,-0.00540338652599898,0
93,11,86526.4702070379,1,0,3461.29986892349,0.588995732623152,4,-0.00540338652599898,0
93,12,92712.4377407117,1,0,3461.29986892349,0.588995732623152,4,-0.00540338652599898,0
93,13,101286.491632398,1,1,3461.29986892349,0.588995732623152,4,-0.00540338652599898,5908.64139970805
93,14,102083.931778074,1,1,3461.29986892349,0.588995732623152,4,-0.00540338652599898,5908.64139970805
93,15,103479.887319932,1,1,3461.29986892349,0.588995732623152,4,-0.00540338652599898,5908.64139970805
93,16,102964.533314303,1,1,3461.29986892349,0.588995732623152,4,-0.00540338652599898,5908.64139970805
93,17,103118.477748197,1,1,3461.29986892349,0.588995732623152,4,-0.00540338652599898,5908.64139970805
93,18,97207.8991354627,1,1,3461.29986892349,0.588995732623152,4,-0.00540338652599898,5908.64139970805
93,19,102845.861025879,1,1,3461.29986892349,0.588995732623152,4,-0.00540338652599898,5908.64139970805
93,20,95250.6136831677,1,1,3461.29986892349,0.588995732623152,4,-0.00540338652599898,5908.64139970805
93,21,98430.3910563784,1,1,3461.29986892349,0.588995732623152,4,-0.00540338652599898,5908.64139970805
93,22,98827.2234592973,1,1,3461.29986892349,0.588995732623152,4,-0.00540338652599898,5908.64139970805
93,23,103702.180653512,1,1,3461.29986892349,0.588995732623152,4,-0.00540338652599898,5908.64139970805
93,24,103348.009573823,1,1,3461.29986892349,0.588995732623152,4,-0.00540338652599898,5908.64139970805
94,1,84795.7459024635,0,0,2934.51855027818,0.654683886980638,3,-0.397380776647276,0
94,2,88126.1003638689,0,0,2934.51855027818,0.654683886980638,3,-0.397380776647276,0
94,3,91936.0351890397,0,0,2934.51855027818,0.654683886980638,3,-0.397380776647276,0
94,4,88445.0192757051,0,0,2934.51855027818,0.654683886980638,3,-0.397380776647276,0
94,5,87258.0356359777,0,0,2934.51855027818,0.654683886980638,3,-0.397380776647276,0
94,6,83073.7427989781,0,0,2934.51855027818,0.654683886980638,3,-0.397380776647276,0
94,7,83372.070918848,0,0,2934.51855027818,0.654683886980638,3,-0.397380776647276,0
94,8,80980.2831028207,0,0,2934.51855027818,0.654683886980638,3,-0.397380776647276,0
94,9,83106.4280097463,0,0,2934.51855027818,0.654683886980638,3,-0.397380776647276,0
94,10,81359.2151441243,0,0,2934.51855027818,0.654683886980638,3,-0.397380776647276,0
94,11,82985.6819887265,0,0,2934.51855027818,0.654683886980638,3,-0.397380776647276,0
94,12,87163.4196898508,0,0,2934.51855027818,0.654683886980638,3,-0.397380776647276,0
94,13,90285.5438850413,0,1,2934.51855027818,0.654683886980638,3,-0.397380776647276,0
94,14,91498.686987552,0,1,2934.51855027818,0.654683886980638,3,-0.397380776647276,0
94,15,91660.7925610683,0,1,2934.51855027818,0.654683886980638,3,-0.397380776647276,0
94,16,93232.1454785455,0,1,2934.51855027818,0.654683886980638,3,-0.397380776647276,0
94,17,89690.265246163,0,1,2934.51855027818,0.654683886980638,3,-0.397380776647276,0
94,18,92840.8605994248,0,1,2934.51855027818,0.654683886980638,3,-0.397380776647276,0
94,19,88022.0371600428,0,1,2934.51855027818,0.654683886980638,3,-0.397380776647276,0
94,20,87292.5872795694,0,1,2934.51855027818,0.654683886980638,3,-0.397380776647276,0
94,21,88227.7852836158,0,1,2934.51855027818,0.654683886980638,3,-0.397380776647276,0
94,22,87120.1382945019,0,1,2934.51855027818,0.654683886980638,3,-0.397380776647276,0
94,23,89426.1336333172,0,1,2934.51855027818,0.654683886980638,3,-0.397380776647276,0
94,24,93580.1426943826,0,1,2934.51855027818,0.654683886980638,3,-0.397380776647276,0
95,1,95178.6620511755,0,0,3733.95246429608,0.696308742510155,2,0.137100435317932,0
95,2,99309.8530014761,0,0,3733.95246429608,0.696308742510155,2,0.137100435317932,0
95,3,95881.3055196139,0,0,3733.95246429608,0.696308742510155,2,0.137100435317932,0
95,4,101671.276953486,0,0,3733.95246429608,0.696308742510155,2,0.137100435317932,0
95,5,94531.2694883692,0,0,3733.95246429608,0.696308742510155,2,0.137100435317932,0
95,6,96926.0362922829,0,0,3733.95246429608,0.696308742510155,2,0.137100435317932,0
95,7,92564.2452489529,0,0,3733.95246429608,0.696308742510155,2,0.137100435317932,0
95,8,91448.2974899809,0,0,3733.95246429608,0.696308742510155,2,0.137100435317932,0
95,9,93231.289644322,0,0,3733.95246429608,0.696308742510155,2,0.137100435317932,0
95,10,92715.8540710632,0,0,3733.95246429608,0.696308742510155,2,0.137100435317932,0
95,11,97244.8912936982,0,0,3733.95246429608,0.696308742510155,2,0.137100435317932,0
95,12,104265.783147235,0,0,3733.95246429608,0.696308742510155,2,0.137100435317932,0
95,13,101670.923869377,0,1,3733.95246429608,0.696308742510155,2,0.137100435317932,0
95,14,105805.150397214,0,1,3733.95246429608,0.696308742510155,2,0.137100435317932,0
95,15,105275.893726942,0,1,3733.95246429608,0.696308742510155,2,0.137100435317932,0
95,16,105092.338388784,0,1,3733.95246429608,0.696308742510155,2,0.137100435317932,0
95,17,100972.450721445,0,1,3733.95246429608,0.696308742510155,2,0.137100435317932,0
95,18,105899.203694268,0,1,3733.95246429608,0.696308742510155,2,0.137100435317932,0
95,19,99035.1736608267,0,1,3733.95246429608,0.696308742510155,2,0.137100435317932,0
95,20,99236.6628511362,0,1,3733.95246429608,0.696308742510155,2,0.137100435317932,0
95,21,100103.417634702,0,1,3733.95246429608,0.696308742510155,2,0.137100435317932,0
95,22,97915.2811881264,0,1,3733.95246429608,0.696308742510155,2,0.137100435317932,0
95,23,102204.215620644,0,1,3733.95246429608,0.696308742510155,2,0.137100435317932,0
95,24,105498.758495443,0,1,3733.95246429608,0.696308742510155,2,0.137100435317932,0
96,1,88235.0776836511,0,0,3089.79908089699,0.735409315605648,2,0.158181231645087,0
96,2,92133.5728515837,0,0,3089.79908089699,0.735409315605648,2,0.158181231645087,0
96,3,94000.3883321519,0,0,3089.79908089699,0.735409315605648,2,0.158181231645087,0
96,4,93240.0802375793,0,0,3089.79908089699,0.735409315605648,2,0.158181231645087,0
96,5,92238.0462831024,0,0,3089.79908089699,0.735409315605648,2,0.158181231645087,0
96,6,90816.8916667184,0,0,3089.79908089699,0.735409315605648,2,0.158181231645087,0
96,7,84697.0188170069,0,0,3089.79908089699,0.735409315605648,2,0.158181231645087,0
96,8,88440.9586239271,0,0,3089.79908089699,0.735409315605648,2,0.158181231645087,0
96,9,89555.799795279,0,0,3089.79908089699,0.735409315605648,2,0.158181231645087,0
96,10,91817.076029006,0,0,3089.79908089699,0.735409315605648,2,0.158181231645087,0
96,11,90219.6808800728,0,0,3089.79908089699,0.735409315605648,2,0.158181231645087,0
96,12,97774.5210254387,0,0,3089.79908089699,0.735409315605648,2,0.158181231645087,0
96,13,96585.2834128021,0,1,3089.79908089699,0.735409315605648,2,0.158181231645087,0
96,14,100081.940276333,0,1,3089.79908089699,0.735409315605648,2,0.158181231645087,0
96,15,99887.3291813192,0,1,3089.79908089699,0.735409315605648,2,0.158181231645087,0
96,16,101729.876765823,0,1,3089.79908089699,0.735409315605648,2,0.158181231645087,0
96,17,98722.5808608131,0,1,3089.79908089699,0.735409315605648,2,0.158181231645087,0
96,18,97163.6051989902,0,1,3089.79908089699,0.735409315605648,2,0.158181231645087,0
96,19,92421.2350057039,0,1,3089.79908089699,0.735409315605648,2,0.158181231645087,0
96,20,95238.9693737985,0,1,3089.79908089699,0.735409315605648,2,0.158181231645087,0
96,21,91930.0122031772,0,1,3089.79908089699,0.735409315605648,2,0.158181231645087,0
96,22,96654.3882204072,0,1,3089.79908089699,0.735409315605648,2,0.158181231645087,0
96,23,98882.7963500346,0,1,3089.79908089699,0.735409315605648,2,0.158181231645087,0
96,24,98016.2609893987,0,1,3089.79908089699,0.735409315605648,2,0.158181231645087,0
97,1,90187.3482851152,0,0,2693.52380605907,0.796027241647243,1,0.0579580655549924,0
97,2,90970.1032099881,0,0,2693.52380605907,0.796027241647243,1,0.0579580655549924,0
97,3,93276.3131798468,0,0,2693.52380605907,0.796027241647243,1,0.0579580655549924,0
97,4,91365.4843466653,0,0,2693.52380605907,0.796027241647243,1,0.0579580655549924,0
97,5,89640.3530499908,0,0,2693.52380605907,0.796027241647243,1,0.0579580655549924,0
97,6,90969.1732136405,0,0,2693.52380605907,0.796027241647243,1,0.0579580655549924,0
97,7,89650.0495404225,0,0,2693.52380605907,0.796027241647243,1,0.0579580655549924,0
97,8,84718.4455322539,0,0,2693.52380605907,0.796027241647243,1,0.0579580655549924,0
97,9,86212.2539257785,0,0,2693.52380605907,0.796027241647243,1,0.0579580655549924,0
97,10,89868.6258751936,0,0,2693.52380605907,0.796027241647243,1,0.0579580655549924,0
97,11,87354.5566265671,0,0,2693.52380605907,0.796027241647243,1,0.0579580655549924,0
97,12,95898.5858599737,0,0,2693.52380605907,0.796027241647243,1,0.0579580655549924,0
97,13,97473.9445627527,0,1,2693.52380605907,0.796027241647243,1,0.0579580655549924,0
97,14,99960.5695527392,0,1,2693.52380605907,0.796027241647243,1,0.0579580655549924,0
97,15,98450.184316962,0,1,2693.52380605907,0.796027241647243,1,0.0579580655549924,0
97,16,99833.8241439442,0,1,2693.52380605907,0.796027241647243,1,0.0579580655549924,0
97,17,98142.2712702301,0,1,2693.52380605907,0.796027241647243,1,0.0579580655549924,0
97,18,93540.9613644207,0,1,2693.52380605907,0.796027241647243,1,0.0579580655549924,0
97,19,96132.0285820793,0,1,2693.52380605907,0.796027241647243,1,0.0579580655549924,0
97,20,91957.1240069974,0,1,2693.52380605907,0.796027241647243,1,0.0579580655549924,0
97,21,92440.8620219559,0,1,2693.52380605907,0.796027241647243,1,0.0579580655549924,0
97,22,91491.0792003452,0,1,2693.52380605907,0.796027241647243,1,0.0579580655549924,0
97,23,98609.1381902695,0,1,2693.52380605907,0.796027241647243,1,0.0579580655549924,0
97,24,101771.804986323,0,1,2693.52380605907,0.796027241647243,1,0.0579580655549924,0
98,1,88560.6955279123,1,0,3187.64841855969,0.707014429953415,3,0.148107951089047,0
98,2,89631.4515550026,1,0,3187.64841855969,0.707014429953415,3,0.148107951089047,0
98,3,92921.0512637999,1,0,3187.64841855969,0.707014429953415,3,0.148107951089047,0
98,4,90087.2866439225,1,0,3187.64841855969,0.707014429953415,3,0.148107951089047,0
98,5,89057.9884368448,1,0,3187.64841855969,0.707014429953415,3,0.148107951089047,0
98,6,90852.1913100005,1,0,3187.64841855969,0.707014429953415,3,0.148107951089047,0
98,7,88412.0331354243,1,0,3187.64841855969,0.707014429953415,3,0.148107951089047,0
98,8,83226.7824147541,1,0,3187.64841855969,0.707014429953415,3,0.148107951089047,0
98,9,87704.0935044994,1,0,3187.64841855969,0.707014429953415,3,0.148107951089047,0
98,10,86459.4069999403,1,0,3187.64841855969,0.707014429953415,3,0.148107951089047,0
98,11,92618.2895212881,1,0,3187.64841855969,0.707014429953415,3,0.148107951089047,0
98,12,94939.8255078919,1,0,3187.64841855969,0.707014429953415,3,0.148107951089047,0
98,13,102881.592260853,1,1,3187.64841855969,0.707014429953415,3,0.148107951089047,6007.85306918667
98,14,105615.193045202,1,1,3187.64841855969,0.707014429953415,3,0.148107951089047,6007.85306918667
98,15,103017.454723897,1,1,3187.64841855969,0.707014429953415,3,0.148107951089047,6007.85306918667
98,16,104472.96315803,1,1,3187.64841855969,0.707014429953415,3,0.148107951089047,6007.85306918667
98,17,106189.285884327,1,1,3187.64841855969,0.707014429953415,3,0.148107951089047,6007.85306918667
98,18,103718.509330002,1,1,3187.64841855969,0.707014429953415,3,0.148107951089047,6007.85306918667
98,19,99103.0536581986,1,1,3187.64841855969,0.707014429953415,3,0.148107951089047,6007.85306918667
98,20,100252.430828715,1,1,3187.64841855969,0.707014429953415,3,0.148107951089047,6007.85306918667
98,21,96522.6532997638,1,1,3187.64841855969,0.707014429953415,3,0.148107951089047,6007.85306918667
98,22,100256.343026021,1,1,3187.64841855969,0.707014429953415,3,0.148107951089047,6007.85306918667
98,23,101390.967889164,1,1,3187.64841855969,0.707014429953415,3,0.148107951089047,6007.85306918667
98,24,106599.485577986,1,1,3187.64841855969,0.707014429953415,3,0.148107951089047,6007.85306918667
99,1,92766.3248490782,1,0,3099.6142906737,0.80833796558436,2,0.35780001522075,0
99,2,92090.7254867462,1,0,3099.6142906737,0.80833796558436,2,0.35780001522075,0
99,3,94417.2463164733,1,0,3099.6142906737,0.80833796558436,2,0.35780001522075,0
99,4,97886.2851274045,1,0,3099.6142906737,0.80833796558436,2,0.35780001522075,0
99,5,95302.5861126462,1,0,3099.6142906737,0.80833796558436,2,0.35780001522075,0
99,6,97600.3379965637,1,0,3099.6142906737,0.80833796558436,2,0.35780001522075,0
99,7,90243.1200444846,1,0,3099.6142906737,0.80833796558436,2,0.35780001522075,0
99,8,92518.9438432584,1,0,3099.6142906737,0.80833796558436,2,0.35780001522075,0
99,9,90613.8438950238,1,0,3099.6142906737,0.80833796558436,2,0.35780001522075,0
99,10,87855.757036211,1,0,3099.6142906737,0.80833796558436,2,0.35780001522075,0
99,11,92595.9429964938,1,0,3099.6142906737,0.80833796558436,2,0.35780001522075,0
99,12,98569.9669492746,1,0,3099.6142906737,0.80833796558436,2,0.35780001522075,0
99,13,105281.885061037,1,1,3099.6142906737,0.80833796558436,2,0.35780001522075,6166.48307650557
99,14,110468.774797352,1,1,3099.6142906737,0.80833796558436,2,0.35780001522075,6166.48307650557
99,15,108872.529157861,1,1,3099.6142906737,0.80833796558436,2,0.35780001522075,6166.48307650557
99,16,109939.828733464,1,1,3099.6142906737,0.80833796558436,2,0.35780001522075,6166.48307650557
99,17,107115.803638562,1,1,3099.6142906737,0.80833796558436,2,0.35780001522075,6166.48307650557
99,18,106177.355371788,1,1,3099.6142906737,0.80833796558436,2,0.35780001522075,6166.48307650557
99,19,102043.979970573,1,1,3099.6142906737,0.80833796558436,2,0.35780001522075,6166.48307650557
99,20,104043.223873902,1,1,3099.6142906737,0.80833796558436,2,0.35780001522075,6166.48307650557
99,21,105454.36132895,1,1,3099.6142906737,0.80833796558436,2,0.35780001522075,6166.48307650557
99,22,105159.17235594,1,1,3099.6142906737,0.80833796558436,2,0.35780001522075,6166.48307650557
99,23,102073.242343247,1,1,3099.6142906737,0.80833796558436,2,0.35780001522075,6166.48307650557
99,24,109234.464610366,1,1,3099.6142906737,0.80833796558436,2,0.35780001522075,6166.48307650557
100,1,88074.0602831804,1,0,2661.28347367102,0.80357469136361,3,0.144437548962056,0
100,2,89918.7031534703,1,0,2661.28347367102,0.80357469136361,3,0.144437548962056,0
100,3,89121.4526342175,1,0,2661.28347367102,0.80357469136361,3,0.144437548962056,0
100,4,88325.5117734088,1,0,2661.28347367102,0.80357469136361,3,0.144437548962056,0
100,5,87196.3014064358,1,0,2661.28347367102,0.80357469136361,3,0.144437548962056,0
100,6,84759.9078326356,1,0,2661.28347367102,0.80357469136361,3,0.144437548962056,0
100,7,83551.635653345,1,0,2661.28347367102,0.80357469136361,3,0.144437548962056,0
100,8,83853.9903773143,1,0,2661.28347367102,0.80357469136361,3,0.144437548962056,0
100,9,81445.3056265913,1,0,2661.28347367102,0.80357469136361,3,0.144437548962056,0
100,10,85159.2162289327,1,0,2661.28347367102,0.80357469136361,3,0.144437548962056,0
100,11,86758.8994500303,1,0,2661.28347367102,0.80357469136361,3,0.144437548962056,0
100,12,87208.7960515473,1,0,2661.28347367102,0.80357469136361,3,0.144437548962056,0
100,13,102129.404146735,1,1,2661.28347367102,0.80357469136361,3,0.144437548962056,5937.79111956273
100,14,100658.165155784,1,1,2661.28347367102,0.80357469136361,3,0.144437548962056,5937.79111956273
100,15,98324.499041859,1,1,2661.28347367102,0.80357469136361,3,0.144437548962056,5937.79111956273
100,16,104346.458372164,1,1,2661.28347367102,0.80357469136361,3,0.144437548962056,5937.79111956273
100,17,99979.4290941757,1,1,2661.28347367102,0.80357469136361,3,0.144437548962056,5937.79111956273
100,18,98551.2506335459,1,1,2661.28347367102,0.80357469136361,3,0.144437548962056,5937.79111956273
100,19,95854.0139235201,1,1,2661.28347367102,0.80357469136361,3,0.144437548962056,5937.79111956273
100,20,95774.6562217273,1,1,2661.28347367102,0.80357469136361,3,0.144437548962056,5937.79111956273
100,21,95613.2182990808,1,1,2661.28347367102,0.80357469136361,3,0.144437548962056,5937.79111956273
100,22,95855.3633781204,1,1,2661.28347367102,0.80357469136361,3,0.144437548962056,5937.79111956273
100,23,100475.228468777,1,1,2661.28347367102,0.80357469136361,3,0.144437548962056,5937.79111956273
100,24,104128.633109741,1,1,2661.28347367102,0.80357469136361,3,0.144437548962056,5937.79111956273
101,1,85662.3317455527,1,0,3139.28389773052,0.791991220635828,6,0.315926485766509,0
101,2,88613.1321811282,1,0,3139.28389773052,0.791991220635828,6,0.315926485766509,0
101,3,92715.7840047828,1,0,3139.28389773052,0.791991220635828,6,0.315926485766509,0
101,4,91137.3853325455,1,0,3139.28389773052,0.791991220635828,6,0.315926485766509,0
101,5,88647.7312090614,1,0,3139.28389773052,0.791991220635828,6,0.315926485766509,0
101,6,83707.9447966702,1,0,3139.28389773052,0.791991220635828,6,0.315926485766509,0
101,7,83496.8271342624,1,0,3139.28389773052,0.791991220635828,6,0.315926485766509,0
101,8,80013.9146769045,1,0,3139.28389773052,0.791991220635828,6,0.315926485766509,0
101,9,81362.3980360952,1,0,3139.28389773052,0.791991220635828,6,0.315926485766509,0
101,10,81028.4162713287,1,0,3139.28389773052,0.791991220635828,6,0.315926485766509,0
101,11,81543.29888134,1,0,3139.28389773052,0.791991220635828,6,0.315926485766509,0
101,12,88996.9605838776,1,0,3139.28389773052,0.791991220635828,6,0.315926485766509,0
101,13,102054.405287129,1,1,3139.28389773052,0.791991220635828,6,0.315926485766509,6153.62439013692
101,14,101858.33833386,1,1,3139.28389773052,0.791991220635828,6,0.315926485766509,6153.62439013692
101,15,99216.8828402685,1,1,3139.28389773052,0.791991220635828,6,0.315926485766509,6153.62439013692
101,16,98608.7266922059,1,1,3139.28389773052,0.791991220635828,6,0.315926485766509,6153.62439013692
101,17,101223.29137023,1,1,3139.28389773052,0.791991220635828,6,0.315926485766509,6153.62439013692
101,18,98054.3171610639,1,1,3139.28389773052,0.791991220635828,6,0.315926485766509,6153.62439013692
101,19,97293.6025634772,1,1,3139.28389773052,0.791991220635828,6,0.315926485766509,6153.62439013692
101,20,96172.8626367344,1,1,3139.28389773052,0.791991220635828,6,0.315926485766509,6153.62439013692
101,21,98950.889072096,1,1,3139.28389773052,0.791991220635828,6,0.315926485766509,6153.62439013692
101,22,94560.9044672802,1,1,3139.28389773052,0.791991220635828,6,0.315926485766509,6153.62439013692
101,23,99575.8911552076,1,1,3139.28389773052,0.791991220635828,6,0.315926485766509,6153.62439013692
101,24,96896.940100688,1,1,3139.28389773052,0.791991220635828,6,0.315926485766509,6153.62439013692
102,1,80210.9461797119,1,0,2310.31308828419,0.663212384609505,2,-0.905455896662249,0
102,2,80622.9753688893,1,0,2310.31308828419,0.663212384609505,2,-0.905455896662249,0
102,3,84526.5690529339,1,0,2310.31308828419,0.663212384609505,2,-0.905455896662249,0
102,4,80376.9956109688,1,0,2310.31308828419,0.663212384609505,2,-0.905455896662249,0
102,5,82723.5775762868,1,0,2310.31308828419,0.663212384609505,2,-0.905455896662249,0
102,6,83639.261184417,1,0,2310.31308828419,0.663212384609505,2,-0.905455896662249,0
102,7,82705.1764926778,1,0,2310.31308828419,0.663212384609505,2,-0.905455896662249,0
102,8,75307.0004700187,1,0,2310.31308828419,0.663212384609505,2,-0.905455896662249,0
102,9,75736.108648452,1,0,2310.31308828419,0.663212384609505,2,-0.905455896662249,0
102,10,83015.9302611558,1,0,2310.31308828419,0.663212384609505,2,-0.905455896662249,0
102,11,78047.8188628748,1,0,2310.31308828419,0.663212384609505,2,-0.905455896662249,0
102,12,83589.0418207977,1,0,2310.31308828419,0.663212384609505,2,-0.905455896662249,0
102,13,90851.0540912518,1,1,2310.31308828419,0.663212384609505,2,-0.905455896662249,5481.58131336111
102,14,92620.0866065722,1,1,2310.31308828419,0.663212384609505,2,-0.905455896662249,5481.58131336111
102,15,95146.5033323213,1,1,2310.31308828419,0.663212384609505,2,-0.905455896662249,5481.58131336111
102,16,94786.5278799961,1,1,2310.31308828419,0.663212384609505,2,-0.905455896662249,5481.58131336111
102,17,92263.8556246148,1,1,2310.31308828419,0.663212384609505,2,-0.905455896662249,5481.58131336111
102,18,88823.1971274146,1,1,2310.31308828419,0.663212384609505,2,-0.905455896662249,5481.58131336111
102,19,87909.961363939,1,1,2310.31308828419,0.663212384609505,2,-0.905455896662249,5481.58131336111
102,20,85931.1914291373,1,1,2310.31308828419,0.663212384609505,2,-0.905455896662249,5481.58131336111
102,21,84802.8522764894,1,1,2310.31308828419,0.663212384609505,2,-0.905455896662249,5481.58131336111
102,22,88074.6354735728,1,1,2310.31308828419,0.663212384609505,2,-0.905455896662249,5481.58131336111
102,23,85872.3886517081,1,1,2310.31308828419,0.663212384609505,2,-0.905455896662249,5481.58131336111
102,24,91539.3345357309,1,1,2310.31308828419,0.663212384609505,2,-0.905455896662249,5481.58131336111
103,1,90130.9041157919,0,0,3243.354204394,0.595149601146113,1,-0.567264637394975,0
103,2,92047.0413696331,0,0,3243.354204394,0.595149601146113,1,-0.567264637394975,0
103,3,95202.4913870108,0,0,3243.354204394,0.595149601146113,1,-0.567264637394975,0
103,4,92650.7981635365,0,0,3243.354204394,0.595149601146113,1,-0.567264637394975,0
103,5,94544.305401956,0,0,3243.354204394,0.595149601146113,1,-0.567264637394975,0
103,6,90359.0448504609,0,0,3243.354204394,0.595149601146113,1,-0.567264637394975,0
103,7,88760.8422017363,0,0,3243.354204394,0.595149601146113,1,-0.567264637394975,0
103,8,89090.1628466152,0,0,3243.354204394,0.595149601146113,1,-0.567264637394975,0
103,9,83747.3636422015,0,0,3243.354204394,0.595149601146113,1,-0.567264637394975,0
103,10,88517.5587757543,0,0,3243.354204394,0.595149601146113,1,-0.567264637394975,0
103,11,93838.1145726001,0,0,3243.354204394,0.595149601146113,1,-0.567264637394975,0
103,12,92109.0567816504,0,0,3243.354204394,0.595149601146113,1,-0.567264637394975,0
103,13,97856.5760265681,0,1,3243.354204394,0.595149601146113,1,-0.567264637394975,0
103,14,98977.1046722409,0,1,3243.354204394,0.595149601146113,1,-0.567264637394975,0
103,15,98811.12733357,0,1,3243.354204394,0.595149601146113,1,-0.567264637394975,0
103,16,98276.1393452338,0,1,3243.354204394,0.595149601146113,1,-0.567264637394975,0
103,17,97801.4479167638,0,1,3243.354204394,0.595149601146113,1,-0.567264637394975,0
103,18,93857.7032850319,0,1,3243.354204394,0.595149601146113,1,-0.567264637394975,0
103,19,95443.2541461229,0,1,3243.354204394,0.595149601146113,1,-0.567264637394975,0
103,20,92169.6861769613,0,1,3243.354204394,0.595149601146113,1,-0.567264637394975,0
103,21,89393.8783924576,0,1,3243.354204394,0.595149601146113,1,-0.567264637394975,0
103,22,89843.8289697454,0,1,3243.354204394,0.595149601146113,1,-0.567264637394975,0
103,23,94388.2113281188,0,1,3243.354204394,0.595149601146113,1,-0.567264637394975,0
103,24,98638.5480484272,0,1,3243.354204394,0.595149601146113,1,-0.567264637394975,0
104,1,88753.9670116169,1,0,2866.64562105224,0.592222647683229,1,-0.563571766939346,0
104,2,88307.2195587434,1,0,2866.64562105224,0.592222647683229,1,-0.563571766939346,0
104,3,92055.96043972,1,0,2866.64562105224,0.592222647683229,1,-0.563571766939346,0
104,4,92514.0902549213,1,0,2866.64562105224,0.592222647683229,1,-0.563571766939346,0
104,5,87495.4320091481,1,0,2866.64562105224,0.592222647683229,1,-0.563571766939346,0
104,6,84401.162462738,1,0,2866.64562105224,0.592222647683229,1,-0.563571766939346,0
104,7,86325.9133670847,1,0,2866.64562105224,0.592222647683229,1,-0.563571766939346,0
104,8,85733.6864451214,1,0,2866.64562105224,0.592222647683229,1,-0.563571766939346,0
104,9,81468.3816130996,1,0,2866.64562105224,0.592222647683229,1,-0.563571766939346,0
104,10,82215.415342564,1,0,2866.64562105224,0.592222647683229,1,-0.563571766939346,0
104,11,85194.1945443354,1,0,2866.64562105224,0.592222647683229,1,-0.563571766939346,0
104,12,96038.0367542691,1,0,2866.64562105224,0.592222647683229,1,-0.563571766939346,0
104,13,96892.8443803685,1,1,2866.64562105224,0.592222647683229,1,-0.563571766939346,5617.76810589258
104,14,100560.15936182,1,1,2866.64562105224,0.592222647683229,1,-0.563571766939346,5617.76810589258
104,15,97986.5016431233,1,1,2866.64562105224,0.592222647683229,1,-0.563571766939346,5617.76810589258
104,16,102699.513684409,1,1,2866.64562105224,0.592222647683229,1,-0.563571766939346,5617.76810589258
104,17,99056.0439875751,1,1,2866.64562105224,0.592222647683229,1,-0.563571766939346,5617.76810589258
104,18,97580.665568421,1,1,2866.64562105224,0.592222647683229,1,-0.563571766939346,5617.76810589258
104,19,96177.998949628,1,1,2866.64562105224,0.592222647683229,1,-0.563571766939346,5617.76810589258
104,20,95804.9111311656,1,1,2866.64562105224,0.592222647683229,1,-0.563571766939346,5617.76810589258
104,21,91861.2466124133,1,1,2866.64562105224,0.592222647683229,1,-0.563571766939346,5617.76810589258
104,22,94656.481804554,1,1,2866.64562105224,0.592222647683229,1,-0.563571766939346,5617.76810589258
104,23,99781.186262066,1,1,2866.64562105224,0.592222647683229,1,-0.563571766939346,5617.76810589258
104,24,101160.725722791,1,1,2866.64562105224,0.592222647683229,1,-0.563571766939346,5617.76810589258
105,1,88482.4501805617,0,0,2758.01139380366,0.630227776966058,2,-0.551010504492998,0
105,2,86063.376155957,0,0,2758.01139380366,0.630227776966058,2,-0.551010504492998,0
105,3,86764.3041153626,0,0,2758.01139380366,0.630227776966058,2,-0.551010504492998,0
105,4,88827.442015444,0,0,2758.01139380366,0.630227776966058,2,-0.551010504492998,0
105,5,87282.0898991972,0,0,2758.01139380366,0.630227776966058,2,-0.551010504492998,0
105,6,84897.9027964358,0,0,2758.01139380366,0.630227776966058,2,-0.551010504492998,0
105,7,82467.1746495031,0,0,2758.01139380366,0.630227776966058,2,-0.551010504492998,0
105,8,79980.8717061787,0,0,2758.01139380366,0.630227776966058,2,-0.551010504492998,0
105,9,76929.5619157662,0,0,2758.01139380366,0.630227776966058,2,-0.551010504492998,0
105,10,85840.0419461045,0,0,2758.01139380366,0.630227776966058,2,-0.551010504492998,0
105,11,84746.3156845364,0,0,2758.01139380366,0.630227776966058,2,-0.551010504492998,0
105,12,88608.219217741,0,0,2758.01139380366,0.630227776966058,2,-0.551010504492998,0
105,13,87191.7564976356,0,1,2758.01139380366,0.630227776966058,2,-0.551010504492998,0
105,14,91712.5128507009,0,1,2758.01139380366,0.630227776966058,2,-0.551010504492998,0
105,15,97595.4106529281,0,1,2758.01139380366,0.630227776966058,2,-0.551010504492998,0
105,16,89199.1087426105,0,1,2758.01139380366,0.630227776966058,2,-0.551010504492998,0
105,17,92601.1108615751,0,1,2758.01139380366,0.630227776966058,2,-0.551010504492998,0
105,18,89791.7933117848,0,1,2758.01139380366,0.630227776966058,2,-0.551010504492998,0
105,19,85600.960338516,0,1,2758.01139380366,0.630227776966058,2,-0.551010504492998,0
105,20,83642.7469410628,0,1,2758.01139380366,0.630227776966058,2,-0.551010504492998,0
105,21,84354.7157164018,0,1,2758.01139380366,0.630227776966058,2,-0.551010504492998,0
105,22,84415.5050347568,0,1,2758.01139380366,0.630227776966058,2,-0.551010504492998,0
105,23,88995.5018990564,0,1,2758.01139380366,0.630227776966058,2,-0.551010504492998,0
105,24,87017.931949241,0,1,2758.01139380366,0.630227776966058,2,-0.551010504492998,0
106,1,93267.9342850186,1,0,3469.49738180705,0.904856232297607,2,0.811999407671724,0
106,2,99785.706551919,1,0,3469.49738180705,0.904856232297607,2,0.811999407671724,0
106,3,101964.677338684,1,0,3469.49738180705,0.904856232297607,2,0.811999407671724,0
106,4,101476.774370288,1,0,3469.49738180705,0.904856232297607,2,0.811999407671724,0
106,5,100737.868765388,1,0,3469.49738180705,0.904856232297607,2,0.811999407671724,0
106,6,96674.7316066408,1,0,3469.49738180705,0.904856232297607,2,0.811999407671724,0
106,7,98413.6882991009,1,0,3469.49738180705,0.904856232297607,2,0.811999407671724,0
106,8,94941.6818431318,1,0,3469.49738180705,0.904856232297607,2,0.811999407671724,0
106,9,93959.4133791611,1,0,3469.49738180705,0.904856232297607,2,0.811999407671724,0
106,10,98238.0444271989,1,0,3469.49738180705,0.904856232297607,2,0.811999407671724,0
106,11,98166.6896292308,1,0,3469.49738180705,0.904856232297607,2,0.811999407671724,0
106,12,103423.443969887,1,0,3469.49738180705,0.904856232297607,2,0.811999407671724,0
106,13,111531.779408495,1,1,3469.49738180705,0.904856232297607,2,0.811999407671724,6544.46115549874
106,14,113832.567274288,1,1,3469.49738180705,0.904856232297607,2,0.811999407671724,6544.46115549874
106,15,117645.39558229,1,1,3469.49738180705,0.904856232297607,2,0.811999407671724,6544.46115549874
106,16,120743.837483822,1,1,3469.49738180705,0.904856232297607,2,0.811999407671724,6544.46115549874
106,17,113959.561600298,1,1,3469.49738180705,0.904856232297607,2,0.811999407671724,6544.46115549874
106,18,111732.246676118,1,1,3469.49738180705,0.904856232297607,2,0.811999407671724,6544.46115549874
106,19,110288.983343478,1,1,3469.49738180705,0.904856232297607,2,0.811999407671724,6544.46115549874
106,20,109252.346308106,1,1,3469.49738180705,0.904856232297607,2,0.811999407671724,6544.46115549874
106,21,109107.135593481,1,1,3469.49738180705,0.904856232297607,2,0.811999407671724,6544.46115549874
106,22,109567.56648229,1,1,3469.49738180705,0.904856232297607,2,0.811999407671724,6544.46115549874
106,23,113965.569330681,1,1,3469.49738180705,0.904856232297607,2,0.811999407671724,6544.46115549874
106,24,116411.934691739,1,1,3469.49738180705,0.904856232297607,2,0.811999407671724,6544.46115549874
107,1,77065.0977310619,0,0,1212.2110752316,0.78010927044088,0,-0.518097939715262,0
107,2,80875.6094523839,0,0,1212.2110752316,0.78010927044088,0,-0.518097939715262,0
107,3,82472.1256956953,0,0,1212.2110752316,0.78010927044088,0,-0.518097939715262,0
107,4,78711.3371899939,0,0,1212.2110752316,0.78010927044088,0,-0.518097939715262,0
107,5,76324.944100091,0,0,1212.2110752316,0.78010927044088,0,-0.518097939715262,0
107,6,75245.3277198466,0,0,1212.2110752316,0.78010927044088,0,-0.518097939715262,0
107,7,76334.6666629129,0,0,1212.2110752316,0.78010927044088,0,-0.518097939715262,0
107,8,72990.4479297444,0,0,1212.2110752316,0.78010927044088,0,-0.518097939715262,0
107,9,72440.6812084708,0,0,1212.2110752316,0.78010927044088,0,-0.518097939715262,0
107,10,73899.2146417904,0,0,1212.2110752316,0.78010927044088,0,-0.518097939715262,0
107,11,78822.3751919633,0,0,1212.2110752316,0.78010927044088,0,-0.518097939715262,0
107,12,78915.125768364,0,0,1212.2110752316,0.78010927044088,0,-0.518097939715262,0
107,13,82270.3018743138,0,1,1212.2110752316,0.78010927044088,0,-0.518097939715262,0
107,14,82522.7657411155,0,1,1212.2110752316,0.78010927044088,0,-0.518097939715262,0
107,15,83166.8783532744,0,1,1212.2110752316,0.78010927044088,0,-0.518097939715262,0
107,16,84487.8592780212,0,1,1212.2110752316,0.78010927044088,0,-0.518097939715262,0
107,17,82907.0768963398,0,1,1212.2110752316,0.78010927044088,0,-0.518097939715262,0
107,18,80883.1831650797,0,1,1212.2110752316,0.78010927044088,0,-0.518097939715262,0
107,19,78506.8723405911,0,1,1212.2110752316,0.78010927044088,0,-0.518097939715262,0
107,20,76195.9431142438,0,1,1212.2110752316,0.78010927044088,0,-0.518097939715262,0
107,21,74290.1874348406,0,1,1212.2110752316,0.78010927044088,0,-0.518097939715262,0
107,22,81551.7064959914,0,1,1212.2110752316,0.78010927044088,0,-0.518097939715262,0
107,23,78500.2908409911,0,1,1212.2110752316,0.78010927044088,0,-0.518097939715262,0
107,24,81116.3933967774,0,1,1212.2110752316,0.78010927044088,0,-0.518097939715262,0
108,1,94520.0428944712,1,0,3506.83999987404,0.855376511323266,2,0.585912295753475,0
108,2,100167.166758351,1,0,3506.83999987404,0.855376511323266,2,0.585912295753475,0
108,3,102540.203098082,1,0,3506.83999987404,0.855376511323266,2,0.585912295753475,0
108,4,96299.7965685993,1,0,3506.83999987404,0.855376511323266,2,0.585912295753475,0
108,5,101369.945172143,1,0,3506.83999987404,0.855376511323266,2,0.585912295753475,0
108,6,99620.3198635741,1,0,3506.83999987404,0.855376511323266,2,0.585912295753475,0
108,7,91189.6893446495,1,0,3506.83999987404,0.855376511323266,2,0.585912295753475,0
108,8,96496.0265929475,1,0,3506.83999987404,0.855376511323266,2,0.585912295753475,0
108,9,93078.2574427631,1,0,3506.83999987404,0.855376511323266,2,0.585912295753475,0
108,10,94755.7820186022,1,0,3506.83999987404,0.855376511323266,2,0.585912295753475,0
108,11,101861.496854244,1,0,3506.83999987404,0.855376511323266,2,0.585912295753475,0
108,12,103196.015573162,1,0,3506.83999987404,0.855376511323266,2,0.585912295753475,0
108,13,112574.064424147,1,1,3506.83999987404,0.855376511323266,2,0.585912295753475,6464.17302258355
108,14,113975.267958882,1,1,3506.83999987404,0.855376511323266,2,0.585912295753475,6464.17302258355
108,15,119138.603353887,1,1,3506.83999987404,0.855376511323266,2,0.585912295753475,6464.17302258355
108,16,115647.947911289,1,1,3506.83999987404,0.855376511323266,2,0.585912295753475,6464.17302258355
108,17,116453.696853487,1,1,3506.83999987404,0.855376511323266,2,0.585912295753475,6464.17302258355
108,18,113089.27522835,1,1,3506.83999987404,0.855376511323266,2,0.585912295753475,6464.17302258355
108,19,111784.179861017,1,1,3506.83999987404,0.855376511323266,2,0.585912295753475,6464.17302258355
108,20,111339.608811501,1,1,3506.83999987404,0.855376511323266,2,0.585912295753475,6464.17302258355
108,21,110667.323002156,1,1,3506.83999987404,0.855376511323266,2,0.585912295753475,6464.17302258355
108,22,110986.479810876,1,1,3506.83999987404,0.855376511323266,2,0.585912295753475,6464.17302258355
108,23,110879.858175576,1,1,3506.83999987404,0.855376511323266,2,0.585912295753475,6464.17302258355
108,24,115511.218088637,1,1,3506.83999987404,0.855376511323266,2,0.585912295753475,6464.17302258355
109,1,85453.8194090723,1,0,2470.9996437987,0.769297679536976,4,0.0390107369468446,0
109,2,80359.7032691047,1,0,2470.9996437987,0.769297679536976,4,0.0390107369468446,0
109,3,84181.121932782,1,0,2470.9996437987,0.769297679536976,4,0.0390107369468446,0
109,4,85570.0899014095,1,0,2470.9996437987,0.769297679536976,4,0.0390107369468446,0
109,5,82339.7512499042,1,0,2470.9996437987,0.769297679536976,4,0.0390107369468446,0
109,6,82742.5134917764,1,0,2470.9996437987,0.769297679536976,4,0.0390107369468446,0
109,7,80173.1404002058,1,0,2470.9996437987,0.769297679536976,4,0.0390107369468446,0
109,8,78947.2457060765,1,0,2470.9996437987,0.769297679536976,4,0.0390107369468446,0
109,9,77975.5130677315,1,0,2470.9996437987,0.769297679536976,4,0.0390107369468446,0
109,10,80340.0888345638,1,0,2470.9996437987,0.769297679536976,4,0.0390107369468446,0
109,11,86576.2684788088,1,0,2470.9996437987,0.769297679536976,4,0.0390107369468446,0
109,12,82448.8619549377,1,0,2470.9996437987,0.769297679536976,4,0.0390107369468446,0
109,13,92769.4614608232,1,1,2470.9996437987,0.769297679536976,4,0.0390107369468446,5774.0951809733
109,14,95693.6210401901,1,1,2470.9996437987,0.769297679536976,4,0.0390107369468446,5774.0951809733
109,15,94441.9399711481,1,1,2470.9996437987,0.769297679536976,4,0.0390107369468446,5774.0951809733
109,16,94987.9775251904,1,1,2470.9996437987,0.769297679536976,4,0.0390107369468446,5774.0951809733
109,17,95220.237025062,1,1,2470.9996437987,0.769297679536976,4,0.0390107369468446,5774.0951809733
109,18,91340.2958684173,1,1,2470.9996437987,0.769297679536976,4,0.0390107369468446,5774.0951809733
109,19,91947.8664740807,1,1,2470.9996437987,0.769297679536976,4,0.0390107369468446,5774.0951809733
109,20,90285.8426347575,1,1,2470.9996437987,0.769297679536976,4,0.0390107369468446,5774.0951809733
109,21,89455.0298677628,1,1,2470.9996437987,0.769297679536976,4,0.0390107369468446,5774.0951809733
109,22,90913.5183243841,1,1,2470.9996437987,0.769297679536976,4,0.0390107369468446,5774.0951809733
109,23,90602.0676004379,1,1,2470.9996437987,0.769297679536976,4,0.0390107369468446,5774.0951809733
109,24,98572.0718566968,1,1,2470.9996437987,0.769297679536976,4,0.0390107369468446,5774.0951809733
110,1,80797.7881116242,1,0,2133.3018554887,0.722040471632499,3,-0.313615360268615,0
110,2,79027.4384830188,1,0,2133.3018554887,0.722040471632499,3,-0.313615360268615,0
110,3,82454.5734961316,1,0,2133.3018554887,0.722040471632499,3,-0.313615360268615,0
110,4,81290.6268274475,1,0,2133.3018554887,0.722040471632499,3,-0.313615360268615,0
110,5,80013.1695267422,1,0,2133.3018554887,0.722040471632499,3,-0.313615360268615,0
110,6,79209.825229095,1,0,2133.3018554887,0.722040471632499,3,-0.313615360268615,0
110,7,74800.7803470572,1,0,2133.3018554887,0.722040471632499,3,-0.313615360268615,0
110,8,76871.4077038121,1,0,2133.3018554887,0.722040471632499,3,-0.313615360268615,0
110,9,72702.8860941795,1,0,2133.3018554887,0.722040471632499,3,-0.313615360268615,0
110,10,78094.0733377913,1,0,2133.3018554887,0.722040471632499,3,-0.313615360268615,0
110,11,79382.5318915046,1,0,2133.3018554887,0.722040471632499,3,-0.313615360268615,0
110,12,81559.2154065348,1,0,2133.3018554887,0.722040471632499,3,-0.313615360268615,0
110,13,89343.2284071803,1,1,2133.3018554887,0.722040471632499,3,-0.313615360268615,5510.73187100935
110,14,93486.0769478327,1,1,2133.3018554887,0.722040471632499,3,-0.313615360268615,5510.73187100935
110,15,93033.4935625076,1,1,2133.3018554887,0.722040471632499,3,-0.313615360268615,5510.73187100935
110,16,96081.1600475395,1,1,2133.3018554887,0.722040471632499,3,-0.313615360268615,5510.73187100935
110,17,90352.1690692013,1,1,2133.3018554887,0.722040471632499,3,-0.313615360268615,5510.73187100935
110,18,88028.1991926185,1,1,2133.3018554887,0.722040471632499,3,-0.313615360268615,5510.73187100935
110,19,86610.0794917978,1,1,2133.3018554887,0.722040471632499,3,-0.313615360268615,5510.73187100935
110,20,88573.432525666,1,1,2133.3018554887,0.722040471632499,3,-0.313615360268615,5510.73187100935
110,21,84088.0614909003,1,1,2133.3018554887,0.722040471632499,3,-0.313615360268615,5510.73187100935
110,22,86710.5535072452,1,1,2133.3018554887,0.722040471632499,3,-0.313615360268615,5510.73187100935
110,23,87891.3935892195,1,1,2133.3018554887,0.722040471632499,3,-0.313615360268615,5510.73187100935
110,24,88732.1972897035,1,1,2133.3018554887,0.722040471632499,3,-0.313615360268615,5510.73187100935
111,1,80056.7454646595,1,0,2387.76324417539,0.556113862176426,2,-0.91261312898039,0
111,2,82299.4472341829,1,0,2387.76324417539,0.556113862176426,2,-0.91261312898039,0
111,3,86573.4214276834,1,0,2387.76324417539,0.556113862176426,2,-0.91261312898039,0
111,4,86532.5964761371,1,0,2387.76324417539,0.556113862176426,2,-0.91261312898039,0
111,5,79599.0270196174,1,0,2387.76324417539,0.556113862176426,2,-0.91261312898039,0
111,6,78281.2045587523,1,0,2387.76324417539,0.556113862176426,2,-0.91261312898039,0
111,7,75480.5024070596,1,0,2387.76324417539,0.556113862176426,2,-0.91261312898039,0
111,8,73718.2341362092,1,0,2387.76324417539,0.556113862176426,2,-0.91261312898039,0
111,9,78662.3982976659,1,0,2387.76324417539,0.556113862176426,2,-0.91261312898039,0
111,10,73009.0789455377,1,0,2387.76324417539,0.556113862176426,2,-0.91261312898039,0
111,11,77487.5877907032,1,0,2387.76324417539,0.556113862176426,2,-0.91261312898039,0
111,12,79148.9618875814,1,0,2387.76324417539,0.556113862176426,2,-0.91261312898039,0
111,13,89566.459056252,1,1,2387.76324417539,0.556113862176426,2,-0.91261312898039,5306.10934644055
111,14,95496.5602288053,1,1,2387.76324417539,0.556113862176426,2,-0.91261312898039,5306.10934644055
111,15,91295.2007285457,1,1,2387.76324417539,0.556113862176426,2,-0.91261312898039,5306.10934644055
111,16,92451.5215256489,1,1,2387.76324417539,0.556113862176426,2,-0.91261312898039,5306.10934644055
111,17,92052.8544641085,1,1,2387.76324417539,0.556113862176426,2,-0.91261312898039,5306.10934644055
111,18,87205.3719170605,1,1,2387.76324417539,0.556113862176426,2,-0.91261312898039,5306.10934644055
111,19,81793.7071823119,1,1,2387.76324417539,0.556113862176426,2,-0.91261312898039,5306.10934644055
111,20,85008.1540485545,1,1,2387.76324417539,0.556113862176426,2,-0.91261312898039,5306.10934644055
111,21,83682.6912985822,1,1,2387.76324417539,0.556113862176426,2,-0.91261312898039,5306.10934644055
111,22,83229.0529292097,1,1,2387.76324417539,0.556113862176426,2,-0.91261312898039,5306.10934644055
111,23,86251.4030167774,1,1,2387.76324417539,0.556113862176426,2,-0.91261312898039,5306.10934644055
111,24,89596.117891991,1,1,2387.76324417539,0.556113862176426,2,-0.91261312898039,5306.10934644055
112,1,76226.8852187152,1,0,1960.41671869079,0.540371723286807,3,-1.07816727839202,0
112,2,77820.6066034062,1,0,1960.41671869079,0.540371723286807,3,-1.07816727839202,0
112,3,78913.8211488901,1,0,1960.41671869079,0.540371723286807,3,-1.07816727839202,0
112,4,79488.6243473037,1,0,1960.41671869079,0.540371723286807,3,-1.07816727839202,0
112,5,71675.9990659071,1,0,1960.41671869079,0.540371723286807,3,-1.07816727839202,0
112,6,74270.6815165235,1,0,1960.41671869079,0.540371723286807,3,-1.07816727839202,0
112,7,68015.6932532241,1,0,1960.41671869079,0.540371723286807,3,-1.07816727839202,0
112,8,67984.0084167298,1,0,1960.41671869079,0.540371723286807,3,-1.07816727839202,0
112,9,68660.4858530095,1,0,1960.41671869079,0.540371723286807,3,-1.07816727839202,0
112,10,68465.4408131014,1,0,1960.41671869079,0.540371723286807,3,-1.07816727839202,0
112,11,70240.5567525512,1,0,1960.41671869079,0.540371723286807,3,-1.07816727839202,0
112,12,72117.5552340957,1,0,1960.41671869079,0.540371723286807,3,-1.07816727839202,0
112,13,83206.8330249365,1,1,1960.41671869079,0.540371723286807,3,-1.07816727839202,5060.95180591901
112,14,83593.6025256708,1,1,1960.41671869079,0.540371723286807,3,-1.07816727839202,5060.95180591901
112,15,84601.9554869263,1,1,1960.41671869079,0.540371723286807,3,-1.07816727839202,5060.95180591901
112,16,83491.4568657741,1,1,1960.41671869079,0.540371723286807,3,-1.07816727839202,5060.95180591901
112,17,81406.081252142,1,1,1960.41671869079,0.540371723286807,3,-1.07816727839202,5060.95180591901
112,18,83176.7190645384,1,1,1960.41671869079,0.540371723286807,3,-1.07816727839202,5060.95180591901
112,19,79664.5606755413,1,1,1960.41671869079,0.540371723286807,3,-1.07816727839202,5060.95180591901
112,20,70818.7918253516,1,1,1960.41671869079,0.540371723286807,3,-1.07816727839202,5060.95180591901
112,21,72072.212584181,1,1,1960.41671869079,0.540371723286807,3,-1.07816727839202,5060.95180591901
112,22,72536.9202200893,1,1,1960.41671869079,0.540371723286807,3,-1.07816727839202,5060.95180591901
112,23,76972.6181175549,1,1,1960.41671869079,0.540371723286807,3,-1.07816727839202,5060.95180591901
112,24,83194.7232877901,1,1,1960.41671869079,0.540371723286807,3,-1.07816727839202,5060.95180591901
113,1,95461.2277876877,1,0,3547.56611890801,0.89324529375881,2,1.01127702053538,0
113,2,99850.3189233214,1,0,3547.56611890801,0.89324529375881,2,1.01127702053538,0
113,3,104292.919947006,1,0,3547.56611890801,0.89324529375881,2,1.01127702053538,0
113,4,103646.278614728,1,0,3547.56611890801,0.89324529375881,2,1.01127702053538,0
113,5,101859.053154314,1,0,3547.56611890801,0.89324529375881,2,1.01127702053538,0
113,6,98211.5063344567,1,0,3547.56611890801,0.89324529375881,2,1.01127702053538,0
113,7,96058.289879777,1,0,3547.56611890801,0.89324529375881,2,1.01127702053538,0
113,8,94245.5273903895,1,0,3547.56611890801,0.89324529375881,2,1.01127702053538,0
113,9,97708.9848575501,1,0,3547.56611890801,0.89324529375881,2,1.01127702053538,0
113,10,95663.8375292802,1,0,3547.56611890801,0.89324529375881,2,1.01127702053538,0
113,11,103489.073465226,1,0,3547.56611890801,0.89324529375881,2,1.01127702053538,0
113,12,103740.924210044,1,0,3547.56611890801,0.89324529375881,2,1.01127702053538,0
113,13,113310.895231056,1,1,3547.56611890801,0.89324529375881,2,1.01127702053538,6560.27364697162
113,14,114458.743257451,1,1,3547.56611890801,0.89324529375881,2,1.01127702053538,6560.27364697162
113,15,117150.751847112,1,1,3547.56611890801,0.89324529375881,2,1.01127702053538,6560.27364697162
113,16,119962.309026209,1,1,3547.56611890801,0.89324529375881,2,1.01127702053538,6560.27364697162
113,17,116214.700256438,1,1,3547.56611890801,0.89324529375881,2,1.01127702053538,6560.27364697162
113,18,115258.902526644,1,1,3547.56611890801,0.89324529375881,2,1.01127702053538,6560.27364697162
113,19,116521.660475029,1,1,3547.56611890801,0.89324529375881,2,1.01127702053538,6560.27364697162
113,20,112535.106711946,1,1,3547.56611890801,0.89324529375881,2,1.01127702053538,6560.27364697162
113,21,114675.695691537,1,1,3547.56611890801,0.89324529375881,2,1.01127702053538,6560.27364697162
113,22,113844.851544344,1,1,3547.56611890801,0.89324529375881,2,1.01127702053538,6560.27364697162
113,23,120026.603946615,1,1,3547.56611890801,0.89324529375881,2,1.01127702053538,6560.27364697162
113,24,119736.041822815,1,1,3547.56611890801,0.89324529375881,2,1.01127702053538,6560.27364697162
114,1,91163.0356426816,1,0,3231.07723270141,0.869110163487494,3,0.252399060490157,0
114,2,93043.3802319426,1,0,3231.07723270141,0.869110163487494,3,0.252399060490157,0
114,3,96590.6060361927,1,0,3231.07723270141,0.869110163487494,3,0.252399060490157,0
114,4,96630.4341084693,1,0,3231.07723270141,0.869110163487494,3,0.252399060490157,0
114,5,93890.015386959,1,0,3231.07723270141,0.869110163487494,3,0.252399060490157,0
114,6,92110.8886140104,1,0,3231.07723270141,0.869110163487494,3,0.252399060490157,0
114,7,92279.2268589722,1,0,3231.07723270141,0.869110163487494,3,0.252399060490157,0
114,8,91972.100434827,1,0,3231.07723270141,0.869110163487494,3,0.252399060490157,0
114,9,86703.8432675813,1,0,3231.07723270141,0.869110163487494,3,0.252399060490157,0
114,10,89566.1594961307,1,0,3231.07723270141,0.869110163487494,3,0.252399060490157,0
114,11,94061.6600310545,1,0,3231.07723270141,0.869110163487494,3,0.252399060490157,0
114,12,96997.960359395,1,0,3231.07723270141,0.869110163487494,3,0.252399060490157,0
114,13,105076.383647983,1,1,3231.07723270141,0.869110163487494,3,0.252399060490157,6353.75894332569
114,14,105013.329606318,1,1,3231.07723270141,0.869110163487494,3,0.252399060490157,6353.75894332569
114,15,111490.061264087,1,1,3231.07723270141,0.869110163487494,3,0.252399060490157,6353.75894332569
114,16,109349.656795986,1,1,3231.07723270141,0.869110163487494,3,0.252399060490157,6353.75894332569
114,17,107119.04681134,1,1,3231.07723270141,0.869110163487494,3,0.252399060490157,6353.75894332569
114,18,107315.692047702,1,1,3231.07723270141,0.869110163487494,3,0.252399060490157,6353.75894332569
114,19,102899.336801704,1,1,3231.07723270141,0.869110163487494,3,0.252399060490157,6353.75894332569
114,20,102239.526385819,1,1,3231.07723270141,0.869110163487494,3,0.252399060490157,6353.75894332569
114,21,103909.533041747,1,1,3231.07723270141,0.869110163487494,3,0.252399060490157,6353.75894332569
114,22,104786.215882558,1,1,3231.07723270141,0.869110163487494,3,0.252399060490157,6353.75894332569
114,23,107341.834556003,1,1,3231.07723270141,0.869110163487494,3,0.252399060490157,6353.75894332569
114,24,110900.429958246,1,1,3231.07723270141,0.869110163487494,3,0.252399060490157,6353.75894332569
115,1,95545.1662811488,1,0,3462.99383618083,0.672420923644677,1,0.0896807764659618,0
115,2,98104.073196959,1,0,3462.99383618083,0.672420923644677,1,0.0896807764659618,0
115,3,99936.1804215195,1,0,3462.99383618083,0.672420923644677,1,0.0896807764659618,0
115,4,100535.43491242,1,0,3462.99383618083,0.672420923644677,1,0.0896807764659618,0
115,5,97622.0531124513,1,0,3462.99383618083,0.672420923644677,1,0.0896807764659618,0
115,6,97971.6895950479,1,0,3462.99383618083,0.672420923644677,1,0.0896807764659618,0
115,7,96660.1612593745,1,0,3462.99383618083,0.672420923644677,1,0.0896807764659618,0
115,8,94966.2345585792,1,0,3462.99383618083,0.672420923644677,1,0.0896807764659618,0
115,9,93238.1409218707,1,0,3462.99383618083,0.672420923644677,1,0.0896807764659618,0
115,10,98016.5209707093,1,0,3462.99383618083,0.672420923644677,1,0.0896807764659618,0
115,11,92858.7103161423,1,0,3462.99383618083,0.672420923644677,1,0.0896807764659618,0
115,12,97914.4072758024,1,0,3462.99383618083,0.672420923644677,1,0.0896807764659618,0
115,13,108191.501235259,1,1,3462.99383618083,0.672420923644677,1,0.0896807764659618,6076.33876537977
115,14,110079.405331495,1,1,3462.99383618083,0.672420923644677,1,0.0896807764659618,6076.33876537977
115,15,111466.548487874,1,1,3462.99383618083,0.672420923644677,1,0.0896807764659618,6076.33876537977
115,16,110349.618499952,1,1,3462.99383618083,0.672420923644677,1,0.0896807764659618,6076.33876537977
115,17,110245.914214398,1,1,3462.99383618083,0.672420923644677,1,0.0896807764659618,6076.33876537977
115,18,110643.167842952,1,1,3462.99383618083,0.672420923644677,1,0.0896807764659618,6076.33876537977
115,19,107037.475362901,1,1,3462.99383618083,0.672420923644677,1,0.0896807764659618,6076.33876537977
115,20,102471.986398973,1,1,3462.99383618083,0.672420923644677,1,0.0896807764659618,6076.33876537977
115,21,102012.480783421,1,1,3462.99383618083,0.672420923644677,1,0.0896807764659618,6076.33876537977
115,22,108296.069370833,1,1,3462.99383618083,0.672420923644677,1,0.0896807764659618,6076.33876537977
115,23,109675.430285003,1,1,3462.99383618083,0.672420923644677,1,0.0896807764659618,6076.33876537977
115,24,112956.419966274,1,1,3462.99383618083,0.672420923644677,1,0.0896807764659618,6076.33876537977
116,1,86436.5009743258,0,0,3086.19078638416,0.58557561134221,4,-0.470585163697894,0
116,2,86553.3122456741,0,0,3086.19078638416,0.58557561134221,4,-0.470585163697894,0
116,3,91270.6646044111,0,0,3086.19078638416,0.58557561134221,4,-0.470585163697894,0
116,4,86472.7230532011,0,0,3086.19078638416,0.58557561134221,4,-0.470585163697894,0
116,5,85935.1458558337,0,0,3086.19078638416,0.58557561134221,4,-0.470585163697894,0
116,6,79638.7704361039,0,0,3086.19078638416,0.58557561134221,4,-0.470585163697894,0
116,7,78027.8630648997,0,0,3086.19078638416,0.58557561134221,4,-0.470585163697894,0
116,8,80374.5927399637,0,0,3086.19078638416,0.58557561134221,4,-0.470585163697894,0
116,9,81940.4334218793,0,0,3086.19078638416,0.58557561134221,4,-0.470585163697894,0
116,10,78104.2205920326,0,0,3086.19078638416,0.58557561134221,4,-0.470585163697894,0
116,11,83055.9449623699,0,0,3086.19078638416,0.58557561134221,4,-0.470585163697894,0
116,12,88571.9473977737,0,0,3086.19078638416,0.58557561134221,4,-0.470585163697894,0
116,13,89026.5123623293,0,1,3086.19078638416,0.58557561134221,4,-0.470585163697894,0
116,14,90506.1724743506,0,1,3086.19078638416,0.58557561134221,4,-0.470585163697894,0
116,15,94162.3319527829,0,1,3086.19078638416,0.58557561134221,4,-0.470585163697894,0
116,16,94945.437454053,0,1,3086.19078638416,0.58557561134221,4,-0.470585163697894,0
116,17,91227.3470005442,0,1,3086.19078638416,0.58557561134221,4,-0.470585163697894,0
116,18,83153.0280787783,0,1,3086.19078638416,0.58557561134221,4,-0.470585163697894,0
116,19,83985.2016833915,0,1,3086.19078638416,0.58557561134221,4,-0.470585163697894,0
116,20,84468.8535646338,0,1,3086.19078638416,0.58557561134221,4,-0.470585163697894,0
116,21,84335.7230136521,0,1,3086.19078638416,0.58557561134221,4,-0.470585163697894,0
116,22,88335.8678382735,0,1,3086.19078638416,0.58557561134221,4,-0.470585163697894,0
116,23,86532.3652290194,0,1,3086.19078638416,0.58557561134221,4,-0.470585163697894,0
116,24,90293.7619489109,0,1,3086.19078638416,0.58557561134221,4,-0.470585163697894,0
117,1,79636.146285265,1,0,2675.17518036198,0.591905568458606,4,-0.78230742062161,0
117,2,83677.2550068254,1,0,2675.17518036198,0.591905568458606,4,-0.78230742062161,0
117,3,83381.6628206064,1,0,2675.17518036198,0.591905568458606,4,-0.78230742062161,0
117,4,85007.3565408049,1,0,2675.17518036198,0.591905568458606,4,-0.78230742062161,0
117,5,84207.4360384566,1,0,2675.17518036198,0.591905568458606,4,-0.78230742062161,0
117,6,81767.8457001491,1,0,2675.17518036198,0.591905568458606,4,-0.78230742062161,0
117,7,79658.9915888881,1,0,2675.17518036198,0.591905568458606,4,-0.78230742062161,0
117,8,77631.3857766718,1,0,2675.17518036198,0.591905568458606,4,-0.78230742062161,0
117,9,72967.6461190489,1,0,2675.17518036198,0.591905568458606,4,-0.78230742062161,0
117,10,78030.9558144733,1,0,2675.17518036198,0.591905568458606,4,-0.78230742062161,0
117,11,76166.4190950507,1,0,2675.17518036198,0.591905568458606,4,-0.78230742062161,0
117,12,80817.5978428547,1,0,2675.17518036198,0.591905568458606,4,-0.78230742062161,0
117,13,91004.8643398879,1,1,2675.17518036198,0.591905568458606,4,-0.78230742062161,5521.3987270982
117,14,95281.7488431144,1,1,2675.17518036198,0.591905568458606,4,-0.78230742062161,5521.3987270982
117,15,90096.6118173258,1,1,2675.17518036198,0.591905568458606,4,-0.78230742062161,5521.3987270982
117,16,89177.728801039,1,1,2675.17518036198,0.591905568458606,4,-0.78230742062161,5521.3987270982
117,17,88024.7930026529,1,1,2675.17518036198,0.591905568458606,4,-0.78230742062161,5521.3987270982
117,18,86715.7964309138,1,1,2675.17518036198,0.591905568458606,4,-0.78230742062161,5521.3987270982
117,19,87702.3410676217,1,1,2675.17518036198,0.591905568458606,4,-0.78230742062161,5521.3987270982
117,20,83697.5641319895,1,1,2675.17518036198,0.591905568458606,4,-0.78230742062161,5521.3987270982
117,21,83021.8536474791,1,1,2675.17518036198,0.591905568458606,4,-0.78230742062161,5521.3987270982
117,22,82341.8720979749,1,1,2675.17518036198,0.591905568458606,4,-0.78230742062161,5521.3987270982
117,23,87939.8660582095,1,1,2675.17518036198,0.591905568458606,4,-0.78230742062161,5521.3987270982
117,24,92390.8274877316,1,1,2675.17518036198,0.591905568458606,4,-0.78230742062161,5521.3987270982
118,1,100972.136451551,1,0,4200.880210074,0.599175734655,2,-0.0933508420927791,0
118,2,101117.006872485,1,0,4200.880210074,0.599175734655,2,-0.0933508420927791,0
118,3,101618.561089791,1,0,4200.880210074,0.599175734655,2,-0.0933508420927791,0
118,4,105960.497715304,1,0,4200.880210074,0.599175734655,2,-0.0933508420927791,0
118,5,101342.516113654,1,0,4200.880210074,0.599175734655,2,-0.0933508420927791,0
118,6,100802.189147743,1,0,4200.880210074,0.599175734655,2,-0.0933508420927791,0
118,7,97723.2634144055,1,0,4200.880210074,0.599175734655,2,-0.0933508420927791,0
118,8,93643.0537515123,1,0,4200.880210074,0.599175734655,2,-0.0933508420927791,0
118,9,96088.4011868602,1,0,4200.880210074,0.599175734655,2,-0.0933508420927791,0
118,10,98933.679450904,1,0,4200.880210074,0.599175734655,2,-0.0933508420927791,0
118,11,96984.7791887323,1,0,4200.880210074,0.599175734655,2,-0.0933508420927791,0
118,12,98545.4029354574,1,0,4200.880210074,0.599175734655,2,-0.0933508420927791,0
118,13,113228.666202836,1,1,4200.880210074,0.599175734655,2,-0.0933508420927791,6298.791574347
118,14,113602.999519279,1,1,4200.880210074,0.599175734655,2,-0.0933508420927791,6298.791574347
118,15,116155.792904192,1,1,4200.880210074,0.599175734655,2,-0.0933508420927791,6298.791574347
118,16,117752.467530368,1,1,4200.880210074,0.599175734655,2,-0.0933508420927791,6298.791574347
118,17,112307.159912564,1,1,4200.880210074,0.599175734655,2,-0.0933508420927791,6298.791574347
118,18,109703.495641942,1,1,4200.880210074,0.599175734655,2,-0.0933508420927791,6298.791574347
118,19,108895.207550436,1,1,4200.880210074,0.599175734655,2,-0.0933508420927791,6298.791574347
118,20,105132.463838039,1,1,4200.880210074,0.599175734655,2,-0.0933508420927791,6298.791574347
118,21,108815.825252262,1,1,4200.880210074,0.599175734655,2,-0.0933508420927791,6298.791574347
118,22,109040.800770474,1,1,4200.880210074,0.599175734655,2,-0.0933508420927791,6298.791574347
118,23,110495.880756293,1,1,4200.880210074,0.599175734655,2,-0.0933508420927791,6298.791574347
118,24,111835.713917784,1,1,4200.880210074,0.599175734655,2,-0.0933508420927791,6298.791574347
119,1,95331.1855774935,1,0,2789.26209960607,0.907811739027966,0,0.667667240844183,0
119,2,99102.4267686284,1,0,2789.26209960607,0.907811739027966,0,0.667667240844183,0
119,3,97308.9028620333,1,0,2789.26209960607,0.907811739027966,0,0.667667240844183,0
119,4,96978.9088528626,1,0,2789.26209960607,0.907811739027966,0,0.667667240844183,0
119,5,96076.1155886924,1,0,2789.26209960607,0.907811739027966,0,0.667667240844183,0
119,6,94956.6665492025,1,0,2789.26209960607,0.907811739027966,0,0.667667240844183,0
119,7,93221.7023081774,1,0,2789.26209960607,0.907811739027966,0,0.667667240844183,0
119,8,95713.0821911068,1,0,2789.26209960607,0.907811739027966,0,0.667667240844183,0
119,9,94005.7412421636,1,0,2789.26209960607,0.907811739027966,0,0.667667240844183,0
119,10,96829.0912675863,1,0,2789.26209960607,0.907811739027966,0,0.667667240844183,0
119,11,96394.4313586178,1,0,2789.26209960607,0.907811739027966,0,0.667667240844183,0
119,12,100399.538712663,1,0,2789.26209960607,0.907811739027966,0,0.667667240844183,0
119,13,111508.835308182,1,1,2789.26209960607,0.907811739027966,0,0.667667240844183,6210.25452785897
119,14,113177.848894708,1,1,2789.26209960607,0.907811739027966,0,0.667667240844183,6210.25452785897
119,15,107946.713786764,1,1,2789.26209960607,0.907811739027966,0,0.667667240844183,6210.25452785897
119,16,112001.186607575,1,1,2789.26209960607,0.907811739027966,0,0.667667240844183,6210.25452785897
119,17,113249.363010731,1,1,2789.26209960607,0.907811739027966,0,0.667667240844183,6210.25452785897
119,18,109699.062446774,1,1,2789.26209960607,0.907811739027966,0,0.667667240844183,6210.25452785897
119,19,110472.956905035,1,1,2789.26209960607,0.907811739027966,0,0.667667240844183,6210.25452785897
119,20,103539.160201713,1,1,2789.26209960607,0.907811739027966,0,0.667667240844183,6210.25452785897
119,21,109215.789836244,1,1,2789.26209960607,0.907811739027966,0,0.667667240844183,6210.25452785897
119,22,105833.86007808,1,1,2789.26209960607,0.907811739027966,0,0.667667240844183,6210.25452785897
119,23,109813.242267614,1,1,2789.26209960607,0.907811739027966,0,0.667667240844183,6210.25452785897
119,24,116407.00371808,1,1,2789.26209960607,0.907811739027966,0,0.667667240844183,6210.25452785897
120,1,85567.3307629418,1,0,2328.87094954124,0.917482633690815,3,0.557510711980027,0
120,2,85737.2362194652,1,0,2328.87094954124,0.917482633690815,3,0.557510711980027,0
120,3,86990.6195850027,1,0,2328.87094954124,0.917482633690815,3,0.557510711980027,0
120,4,90365.7522851429,1,0,2328.87094954124,0.917482633690815,3,0.557510711980027,0
120,5,86089.8369524579,1,0,2328.87094954124,0.917482633690815,3,0.557510711980027,0
120,6,81793.9309090423,1,0,2328.87094954124,0.917482633690815,3,0.557510711980027,0
120,7,81626.9070408588,1,0,2328.87094954124,0.917482633690815,3,0.557510711980027,0
120,8,81560.2959072927,1,0,2328.87094954124,0.917482633690815,3,0.557510711980027,0
120,9,81487.2824929522,1,0,2328.87094954124,0.917482633690815,3,0.557510711980027,0
120,10,83160.1207297974,1,0,2328.87094954124,0.917482633690815,3,0.557510711980027,0
120,11,88633.8067802701,1,0,2328.87094954124,0.917482633690815,3,0.557510711980027,0
120,12,87813.0720880923,1,0,2328.87094954124,0.917482633690815,3,0.557510711980027,0
120,13,98497.1319288737,1,1,2328.87094954124,0.917482633690815,3,0.557510711980027,5999.40074215225
120,14,100355.489841921,1,1,2328.87094954124,0.917482633690815,3,0.557510711980027,5999.40074215225
120,15,103088.766458738,1,1,2328.87094954124,0.917482633690815,3,0.557510711980027,5999.40074215225
120,16,100764.763624988,1,1,2328.87094954124,0.917482633690815,3,0.557510711980027,5999.40074215225
120,17,100543.051355557,1,1,2328.87094954124,0.917482633690815,3,0.557510711980027,5999.40074215225
120,18,97758.8940159693,1,1,2328.87094954124,0.917482633690815,3,0.557510711980027,5999.40074215225
120,19,96159.2979925914,1,1,2328.87094954124,0.917482633690815,3,0.557510711980027,5999.40074215225
120,20,91603.8752569493,1,1,2328.87094954124,0.917482633690815,3,0.557510711980027,5999.40074215225
120,21,98206.1821607488,1,1,2328.87094954124,0.917482633690815,3,0.557510711980027,5999.40074215225
120,22,100147.382613495,1,1,2328.87094954124,0.917482633690815,3,0.557510711980027,5999.40074215225
120,23,97466.1329856341,1,1,2328.87094954124,0.917482633690815,3,0.557510711980027,5999.40074215225
120,24,102641.396953606,1,1,2328.87094954124,0.917482633690815,3,0.557510711980027,5999.40074215225
121,1,87169.0667024209,0,0,2659.65725503363,0.610225249128416,2,-0.584294162400287,0
121,2,85174.494921057,0,0,2659.65725503363,0.610225249128416,2,-0.584294162400287,0
121,3,89011.4475871392,0,0,2659.65725503363,0.610225249128416,2,-0.584294162400287,0
121,4,87691.7455193007,0,0,2659.65725503363,0.610225249128416,2,-0.584294162400287,0
121,5,88059.8251561708,0,0,2659.65725503363,0.610225249128416,2,-0.584294162400287,0
121,6,81766.9327821996,0,0,2659.65725503363,0.610225249128416,2,-0.584294162400287,0
121,7,81276.7046834072,0,0,2659.65725503363,0.610225249128416,2,-0.584294162400287,0
121,8,78644.1867236441,0,0,2659.65725503363,0.610225249128416,2,-0.584294162400287,0
121,9,78745.2078920893,0,0,2659.65725503363,0.610225249128416,2,-0.584294162400287,0
121,10,80083.8368956851,0,0,2659.65725503363,0.610225249128416,2,-0.584294162400287,0
121,11,79271.9422649257,0,0,2659.65725503363,0.610225249128416,2,-0.584294162400287,0
121,12,87298.7883045767,0,0,2659.65725503363,0.610225249128416,2,-0.584294162400287,0
121,13,87734.7970856382,0,1,2659.65725503363,0.610225249128416,2,-0.584294162400287,0
121,14,88971.0533167794,0,1,2659.65725503363,0.610225249128416,2,-0.584294162400287,0
121,15,95449.7719135957,0,1,2659.65725503363,0.610225249128416,2,-0.584294162400287,0
121,16,94157.917716394,0,1,2659.65725503363,0.610225249128416,2,-0.584294162400287,0
121,17,89876.8341230272,0,1,2659.65725503363,0.610225249128416,2,-0.584294162400287,0
121,18,86194.8459548116,0,1,2659.65725503363,0.610225249128416,2,-0.584294162400287,0
121,19,82874.3479449485,0,1,2659.65725503363,0.610225249128416,2,-0.584294162400287,0
121,20,85677.0161821992,0,1,2659.65725503363,0.610225249128416,2,-0.584294162400287,0
121,21,82013.5089819453,0,1,2659.65725503363,0.610225249128416,2,-0.584294162400287,0
121,22,82299.3575604768,0,1,2659.65725503363,0.610225249128416,2,-0.584294162400287,0
121,23,89263.3910644237,0,1,2659.65725503363,0.610225249128416,2,-0.584294162400287,0
121,24,91290.0818110341,0,1,2659.65725503363,0.610225249128416,2,-0.584294162400287,0
122,1,95506.8662011078,1,0,3668.13275877435,0.676381350471638,2,0.162205229002556,0
122,2,101429.142842163,1,0,3668.13275877435,0.676381350471638,2,0.162205229002556,0
122,3,101865.904463664,1,0,3668.13275877435,0.676381350471638,2,0.162205229002556,0
122,4,97644.1692988165,1,0,3668.13275877435,0.676381350471638,2,0.162205229002556,0
122,5,99908.2134878611,1,0,3668.13275877435,0.676381350471638,2,0.162205229002556,0
122,6,96777.4082281225,1,0,3668.13275877435,0.676381350471638,2,0.162205229002556,0
122,7,93017.4275491446,1,0,3668.13275877435,0.676381350471638,2,0.162205229002556,0
122,8,96249.2004462017,1,0,3668.13275877435,0.676381350471638,2,0.162205229002556,0
122,9,92524.9239347744,1,0,3668.13275877435,0.676381350471638,2,0.162205229002556,0
122,10,95445.5126402668,1,0,3668.13275877435,0.676381350471638,2,0.162205229002556,0
122,11,97036.2063442918,1,0,3668.13275877435,0.676381350471638,2,0.162205229002556,0
122,12,95820.2250596099,1,0,3668.13275877435,0.676381350471638,2,0.162205229002556,0
122,13,106835.531239245,1,1,3668.13275877435,0.676381350471638,2,0.162205229002556,6186.82908033045
122,14,108939.389101264,1,1,3668.13275877435,0.676381350471638,2,0.162205229002556,6186.82908033045
122,15,113688.176839842,1,1,3668.13275877435,0.676381350471638,2,0.162205229002556,6186.82908033045
122,16,112507.993477622,1,1,3668.13275877435,0.676381350471638,2,0.162205229002556,6186.82908033045
122,17,110161.97374803,1,1,3668.13275877435,0.676381350471638,2,0.162205229002556,6186.82908033045
122,18,111445.971125754,1,1,3668.13275877435,0.676381350471638,2,0.162205229002556,6186.82908033045
122,19,111030.424638691,1,1,3668.13275877435,0.676381350471638,2,0.162205229002556,6186.82908033045
122,20,109603.124628629,1,1,3668.13275877435,0.676381350471638,2,0.162205229002556,6186.82908033045
122,21,105258.645983503,1,1,3668.13275877435,0.676381350471638,2,0.162205229002556,6186.82908033045
122,22,104793.821150971,1,1,3668.13275877435,0.676381350471638,2,0.162205229002556,6186.82908033045
122,23,107685.881099083,1,1,3668.13275877435,0.676381350471638,2,0.162205229002556,6186.82908033045
122,24,112129.189305635,1,1,3668.13275877435,0.676381350471638,2,0.162205229002556,6186.82908033045
123,1,89569.6713718074,1,0,3369.75455081367,0.54593685552245,3,-0.67759204601218,0
123,2,88214.1149343715,1,0,3369.75455081367,0.54593685552245,3,-0.67759204601218,0
123,3,93013.2529596752,1,0,3369.75455081367,0.54593685552245,3,-0.67759204601218,0
123,4,86840.8460425455,1,0,3369.75455081367,0.54593685552245,3,-0.67759204601218,0
123,5,92763.4232616973,1,0,3369.75455081367,0.54593685552245,3,-0.67759204601218,0
123,6,85646.3700064594,1,0,3369.75455081367,0.54593685552245,3,-0.67759204601218,0
123,7,85232.708660468,1,0,3369.75455081367,0.54593685552245,3,-0.67759204601218,0
123,8,84662.1310405109,1,0,3369.75455081367,0.54593685552245,3,-0.67759204601218,0
123,9,83927.7081236177,1,0,3369.75455081367,0.54593685552245,3,-0.67759204601218,0
123,10,86212.4706334188,1,0,3369.75455081367,0.54593685552245,3,-0.67759204601218,0
123,11,85228.4979518901,1,0,3369.75455081367,0.54593685552245,3,-0.67759204601218,0
123,12,88976.8755370512,1,0,3369.75455081367,0.54593685552245,3,-0.67759204601218,0
123,13,98085.6202634428,1,1,3369.75455081367,0.54593685552245,3,-0.67759204601218,5776.75098645173
123,14,99443.6169117345,1,1,3369.75455081367,0.54593685552245,3,-0.67759204601218,5776.75098645173
123,15,103377.481363019,1,1,3369.75455081367,0.54593685552245,3,-0.67759204601218,5776.75098645173
123,16,98553.2505518802,1,1,3369.75455081367,0.54593685552245,3,-0.67759204601218,5776.75098645173
123,17,100659.772104367,1,1,3369.75455081367,0.54593685552245,3,-0.67759204601218,5776.75098645173
123,18,97052.0777007997,1,1,3369.75455081367,0.54593685552245,3,-0.67759204601218,5776.75098645173
123,19,95571.6531804293,1,1,3369.75455081367,0.54593685552245,3,-0.67759204601218,5776.75098645173
123,20,95216.1488388165,1,1,3369.75455081367,0.54593685552245,3,-0.67759204601218,5776.75098645173
123,21,95265.4692136868,1,1,3369.75455081367,0.54593685552245,3,-0.67759204601218,5776.75098645173
123,22,91861.8958327131,1,1,3369.75455081367,0.54593685552245,3,-0.67759204601218,5776.75098645173
123,23,96728.3351402366,1,1,3369.75455081367,0.54593685552245,3,-0.67759204601218,5776.75098645173
123,24,101366.382015912,1,1,3369.75455081367,0.54593685552245,3,-0.67759204601218,5776.75098645173
124,1,76751.2665415801,0,0,1548.12041782239,0.796270924527198,4,-0.735825915669478,0
124,2,75451.6524647304,0,0,1548.12041782239,0.796270924527198,4,-0.735825915669478,0
124,3,75966.9009607225,0,0,1548.12041782239,0.796270924527198,4,-0.735825915669478,0
124,4,75346.3659962521,0,0,1548.12041782239,0.796270924527198,4,-0.735825915669478,0
124,5,72855.3959579416,0,0,1548.12041782239,0.796270924527198,4,-0.735825915669478,0
124,6,70422.7990798349,0,0,1548.12041782239,0.796270924527198,4,-0.735825915669478,0
124,7,70877.297983951,0,0,1548.12041782239,0.796270924527198,4,-0.735825915669478,0
124,8,65731.7787879486,0,0,1548.12041782239,0.796270924527198,4,-0.735825915669478,0
124,9,67635.7459003593,0,0,1548.12041782239,0.796270924527198,4,-0.735825915669478,0
124,10,70328.2584638927,0,0,1548.12041782239,0.796270924527198,4,-0.735825915669478,0
124,11,66102.2041046718,0,0,1548.12041782239,0.796270924527198,4,-0.735825915669478,0
124,12,68763.9312834272,0,0,1548.12041782239,0.796270924527198,4,-0.735825915669478,0
124,13,78506.5413473817,0,1,1548.12041782239,0.796270924527198,4,-0.735825915669478,0
124,14,72335.6689554503,0,1,1548.12041782239,0.796270924527198,4,-0.735825915669478,0
124,15,73979.7780333366,0,1,1548.12041782239,0.796270924527198,4,-0.735825915669478,0
124,16,81130.5091984952,0,1,1548.12041782239,0.796270924527198,4,-0.735825915669478,0
124,17,73568.236139384,0,1,1548.12041782239,0.796270924527198,4,-0.735825915669478,0
124,18,78085.2698523235,0,1,1548.12041782239,0.796270924527198,4,-0.735825915669478,0
124,19,71406.8222737196,0,1,1548.12041782239,0.796270924527198,4,-0.735825915669478,0
124,20,70777.9524394378,0,1,1548.12041782239,0.796270924527198,4,-0.735825915669478,0
124,21,68427.6163255073,0,1,1548.12041782239,0.796270924527198,4,-0.735825915669478,0
124,22,72519.7183901371,0,1,1548.12041782239,0.796270924527198,4,-0.735825915669478,0
124,23,73457.2797174531,0,1,1548.12041782239,0.796270924527198,4,-0.735825915669478,0
124,24,72903.3811870105,0,1,1548.12041782239,0.796270924527198,4,-0.735825915669478,0
125,1,101065.649987105,0,0,4508.98556732185,0.591941770527046,2,0.231840171413404,0
125,2,108692.626251992,0,0,4508.98556732185,0.591941770527046,2,0.231840171413404,0
125,3,109061.773533064,0,0,4508.98556732185,0.591941770527046,2,0.231840171413404,0
125,4,101360.219013947,0,0,4508.98556732185,0.591941770527046,2,0.231840171413404,0
125,5,104678.62930777,0,0,4508.98556732185,0.591941770527046,2,0.231840171413404,0
125,6,98846.7141962337,0,0,4508.98556732185,0.591941770527046,2,0.231840171413404,0
125,7,101683.89615932,0,0,4508.98556732185,0.591941770527046,2,0.231840171413404,0
125,8,99671.2645871313,0,0,4508.98556732185,0.591941770527046,2,0.231840171413404,0
125,9,100272.02240922,0,0,4508.98556732185,0.591941770527046,2,0.231840171413404,0
125,10,101422.946746181,0,0,4508.98556732185,0.591941770527046,2,0.231840171413404,0
125,11,106588.287315875,0,0,4508.98556732185,0.591941770527046,2,0.231840171413404,0
125,12,105951.84771345,0,0,4508.98556732185,0.591941770527046,2,0.231840171413404,0
125,13,111140.613874145,0,1,4508.98556732185,0.591941770527046,2,0.231840171413404,0
125,14,112749.853257528,0,1,4508.98556732185,0.591941770527046,2,0.231840171413404,0
125,15,115186.911616115,0,1,4508.98556732185,0.591941770527046,2,0.231840171413404,0
125,16,113952.546061837,0,1,4508.98556732185,0.591941770527046,2,0.231840171413404,0
125,17,109253.190119847,0,1,4508.98556732185,0.591941770527046,2,0.231840171413404,0
125,18,111719.538536569,0,1,4508.98556732185,0.591941770527046,2,0.231840171413404,0
125,19,107089.978643346,0,1,4508.98556732185,0.591941770527046,2,0.231840171413404,0
125,20,106373.927965863,0,1,4508.98556732185,0.591941770527046,2,0.231840171413404,0
125,21,108018.589667662,0,1,4508.98556732185,0.591941770527046,2,0.231840171413404,0
125,22,109357.436342984,0,1,4508.98556732185,0.591941770527046,2,0.231840171413404,0
125,23,108974.612138922,0,1,4508.98556732185,0.591941770527046,2,0.231840171413404,0
125,24,112380.283602527,0,1,4508.98556732185,0.591941770527046,2,0.231840171413404,0
126,1,84883.1762996299,0,0,3552.39453792501,0.692052609473467,4,0.0835316048903814,0
126,2,95261.3623797341,0,0,3552.39453792501,0.692052609473467,4,0.0835316048903814,0
126,3,94338.7204109119,0,0,3552.39453792501,0.692052609473467,4,0.0835316048903814,0
126,4,93943.9396324402,0,0,3552.39453792501,0.692052609473467,4,0.0835316048903814,0
126,5,91613.5943946986,0,0,3552.39453792501,0.692052609473467,4,0.0835316048903814,0
126,6,93090.6850068196,0,0,3552.39453792501,0.692052609473467,4,0.0835316048903814,0
126,7,90033.0524821048,0,0,3552.39453792501,0.692052609473467,4,0.0835316048903814,0
126,8,85450.0038377098,0,0,3552.39453792501,0.692052609473467,4,0.0835316048903814,0
126,9,88864.198875447,0,0,3552.39453792501,0.692052609473467,4,0.0835316048903814,0
126,10,84146.1437523376,0,0,3552.39453792501,0.692052609473467,4,0.0835316048903814,0
126,11,92717.7460474489,0,0,3552.39453792501,0.692052609473467,4,0.0835316048903814,0
126,12,96556.1061001907,0,0,3552.39453792501,0.692052609473467,4,0.0835316048903814,0
126,13,95614.8617406712,0,1,3552.39453792501,0.692052609473467,4,0.0835316048903814,0
126,14,97342.0275559669,0,1,3552.39453792501,0.692052609473467,4,0.0835316048903814,0
126,15,102930.188485184,0,1,3552.39453792501,0.692052609473467,4,0.0835316048903814,0
126,16,103740.472583859,0,1,3552.39453792501,0.692052609473467,4,0.0835316048903814,0
126,17,98570.7865542134,0,1,3552.39453792501,0.692052609473467,4,0.0835316048903814,0
126,18,98673.4841716173,0,1,3552.39453792501,0.692052609473467,4,0.0835316048903814,0
126,19,96320.3638469105,0,1,3552.39453792501,0.692052609473467,4,0.0835316048903814,0
126,20,92105.9864061001,0,1,3552.39453792501,0.692052609473467,4,0.0835316048903814,0
126,21,92555.331234131,0,1,3552.39453792501,0.692052609473467,4,0.0835316048903814,0
126,22,93956.3378475689,0,1,3552.39453792501,0.692052609473467,4,0.0835316048903814,0
126,23,95935.8632573847,0,1,3552.39453792501,0.692052609473467,4,0.0835316048903814,0
126,24,99686.2725223171,0,1,3552.39453792501,0.692052609473467,4,0.0835316048903814,0
127,1,88293.4905382192,0,0,3480.61900841552,0.523293202673085,4,-0.578108063427565,0
127,2,91165.2390954427,0,0,3480.61900841552,0.523293202673085,4,-0.578108063427565,0
127,3,90120.8017447506,0,0,3480.61900841552,0.523293202673085,4,-0.578108063427565,0
127,4,91903.4507510837,0,0,3480.61900841552,0.523293202673085,4,-0.578108063427565,0
127,5,84079.267270717,0,0,3480.61900841552,0.523293202673085,4,-0.578108063427565,0
127,6,90393.5548978259,0,0,3480.61900841552,0.523293202673085,4,-0.578108063427565,0
127,7,85796.6760004027,0,0,3480.61900841552,0.523293202673085,4,-0.578108063427565,0
127,8,82319.0311674731,0,0,3480.61900841552,0.523293202673085,4,-0.578108063427565,0
127,9,80291.335190931,0,0,3480.61900841552,0.523293202673085,4,-0.578108063427565,0
127,10,84178.5271742775,0,0,3480.61900841552,0.523293202673085,4,-0.578108063427565,0
127,11,84878.1444506394,0,0,3480.61900841552,0.523293202673085,4,-0.578108063427565,0
127,12,89709.3074944876,0,0,3480.61900841552,0.523293202673085,4,-0.578108063427565,0
127,13,90086.9252836766,0,1,3480.61900841552,0.523293202673085,4,-0.578108063427565,0
127,14,92181.5379741489,0,1,3480.61900841552,0.523293202673085,4,-0.578108063427565,0
127,15,90924.4731849254,0,1,3480.61900841552,0.523293202673085,4,-0.578108063427565,0
127,16,93621.9144708665,0,1,3480.61900841552,0.523293202673085,4,-0.578108063427565,0
127,17,91049.3224384566,0,1,3480.61900841552,0.523293202673085,4,-0.578108063427565,0
127,18,92897.9108933366,0,1,3480.61900841552,0.523293202673085,4,-0.578108063427565,0
127,19,87118.4594655075,0,1,3480.61900841552,0.523293202673085,4,-0.578108063427565,0
127,20,89960.8743477837,0,1,3480.61900841552,0.523293202673085,4,-0.578108063427565,0
127,21,86674.0039742988,0,1,3480.61900841552,0.523293202673085,4,-0.578108063427565,0
127,22,86456.6261737993,0,1,3480.61900841552,0.523293202673085,4,-0.578108063427565,0
127,23,87088.0414377415,0,1,3480.61900841552,0.523293202673085,4,-0.578108063427565,0
127,24,90853.2314675598,0,1,3480.61900841552,0.523293202673085,4,-0.578108063427565,0
128,1,103823.064243687,0,0,3428.89771327101,0.937683165131602,1,0.923099168120797,0
128,2,101511.821785035,0,0,3428.89771327101,0.937683165131602,1,0.923099168120797,0
128,3,98911.2147788088,0,0,3428.89771327101,0.937683165131602,1,0.923099168120797,0
128,4,106052.153113277,0,0,3428.89771327101,0.937683165131602,1,0.923099168120797,0
128,5,106413.62361637,0,0,3428.89771327101,0.937683165131602,1,0.923099168120797,0
128,6,99678.7505419292,0,0,3428.89771327101,0.937683165131602,1,0.923099168120797,0
128,7,97811.877271589,0,0,3428.89771327101,0.937683165131602,1,0.923099168120797,0
128,8,98485.4366919049,0,0,3428.89771327101,0.937683165131602,1,0.923099168120797,0
128,9,98299.3761422638,0,0,3428.89771327101,0.937683165131602,1,0.923099168120797,0
128,10,100725.212103044,0,0,3428.89771327101,0.937683165131602,1,0.923099168120797,0
128,11,101653.091791204,0,0,3428.89771327101,0.937683165131602,1,0.923099168120797,0
128,12,106360.100599163,0,0,3428.89771327101,0.937683165131602,1,0.923099168120797,0
128,13,106454.200485938,0,1,3428.89771327101,0.937683165131602,1,0.923099168120797,0
128,14,112105.749271002,0,1,3428.89771327101,0.937683165131602,1,0.923099168120797,0
128,15,113727.916368103,0,1,3428.89771327101,0.937683165131602,1,0.923099168120797,0
128,16,111459.113332557,0,1,3428.89771327101,0.937683165131602,1,0.923099168120797,0
128,17,111664.708574574,0,1,3428.89771327101,0.937683165131602,1,0.923099168120797,0
128,18,111907.028123103,0,1,3428.89771327101,0.937683165131602,1,0.923099168120797,0
128,19,106108.767309818,0,1,3428.89771327101,0.937683165131602,1,0.923099168120797,0
128,20,111283.359022683,0,1,3428.89771327101,0.937683165131602,1,0.923099168120797,0
128,21,107342.938571005,0,1,3428.89771327101,0.937683165131602,1,0.923099168120797,0
128,22,110506.505028332,0,1,3428.89771327101,0.937683165131602,1,0.923099168120797,0
128,23,110368.042040596,0,1,3428.89771327101,0.937683165131602,1,0.923099168120797,0
128,24,117852.428347684,0,1,3428.89771327101,0.937683165131602,1,0.923099168120797,0
129,1,96802.8533023197,0,0,3712.7975407577,0.882518305699341,4,0.509737555139165,0
129,2,99978.741281272,0,0,3712.7975407577,0.882518305699341,4,0.509737555139165,0
129,3,98820.9664562675,0,0,3712.7975407577,0.882518305699341,4,0.509737555139165,0
129,4,95959.1363835975,0,0,3712.7975407577,0.882518305699341,4,0.509737555139165,0
129,5,99088.3219171651,0,0,3712.7975407577,0.882518305699341,4,0.509737555139165,0
129,6,94708.8121832583,0,0,3712.7975407577,0.882518305699341,4,0.509737555139165,0
129,7,94203.3152160047,0,0,3712.7975407577,0.882518305699341,4,0.509737555139165,0
129,8,90889.6339433207,0,0,3712.7975407577,0.882518305699341,4,0.509737555139165,0
129,9,95116.4148770426,0,0,3712.7975407577,0.882518305699341,4,0.509737555139165,0
129,10,93939.4483530243,0,0,3712.7975407577,0.882518305699341,4,0.509737555139165,0
129,11,97180.188387512,0,0,3712.7975407577,0.882518305699341,4,0.509737555139165,0
129,12,100734.749295149,0,0,3712.7975407577,0.882518305699341,4,0.509737555139165,0
129,13,103617.539102754,0,1,3712.7975407577,0.882518305699341,4,0.509737555139165,0
129,14,103668.176673029,0,1,3712.7975407577,0.882518305699341,4,0.509737555139165,0
129,15,106769.186368046,0,1,3712.7975407577,0.882518305699341,4,0.509737555139165,0
129,16,108005.719128291,0,1,3712.7975407577,0.882518305699341,4,0.509737555139165,0
129,17,110569.760969309,0,1,3712.7975407577,0.882518305699341,4,0.509737555139165,0
129,18,102853.852268734,0,1,3712.7975407577,0.882518305699341,4,0.509737555139165,0
129,19,106369.298371765,0,1,3712.7975407577,0.882518305699341,4,0.509737555139165,0
129,20,97854.4509723838,0,1,3712.7975407577,0.882518305699341,4,0.509737555139165,0
129,21,102490.151988092,0,1,3712.7975407577,0.882518305699341,4,0.509737555139165,0
129,22,100571.633986856,0,1,3712.7975407577,0.882518305699341,4,0.509737555139165,0
129,23,103486.567078939,0,1,3712.7975407577,0.882518305699341,4,0.509737555139165,0
129,24,108583.109461768,0,1,3712.7975407577,0.882518305699341,4,0.509737555139165,0
130,1,76038.3887604419,1,0,2614.69036309497,0.675234039232601,6,-0.305969939795126,0
130,2,80000.6977045319,1,0,2614.69036309497,0.675234039232601,6,-0.305969939795126,0
130,3,77849.0672458368,1,0,2614.69036309497,0.675234039232601,6,-0.305969939795126,0
130,4,82645.1154883056,1,0,2614.69036309497,0.675234039232601,6,-0.305969939795126,0
130,5,76412.4732311204,1,0,2614.69036309497,0.675234039232601,6,-0.305969939795126,0
130,6,76208.3054766822,1,0,2614.69036309497,0.675234039232601,6,-0.305969939795126,0
130,7,74012.2899389625,1,0,2614.69036309497,0.675234039232601,6,-0.305969939795126,0
130,8,75491.5888240229,1,0,2614.69036309497,0.675234039232601,6,-0.305969939795126,0
130,9,70203.2007956935,1,0,2614.69036309497,0.675234039232601,6,-0.305969939795126,0
130,10,76295.7001359247,1,0,2614.69036309497,0.675234039232601,6,-0.305969939795126,0
130,11,77961.1923333302,1,0,2614.69036309497,0.675234039232601,6,-0.305969939795126,0
130,12,78648.6620649702,1,0,2614.69036309497,0.675234039232601,6,-0.305969939795126,0
130,13,88621.7395738953,1,1,2614.69036309497,0.675234039232601,6,-0.305969939795126,5657.81326001269
130,14,90386.0120873738,1,1,2614.69036309497,0.675234039232601,6,-0.305969939795126,5657.81326001269
130,15,89926.9644284017,1,1,2614.69036309497,0.675234039232601,6,-0.305969939795126,5657.81326001269
130,16,92193.279558626,1,1,2614.69036309497,0.675234039232601,6,-0.305969939795126,5657.81326001269
130,17,91405.0401376917,1,1,2614.69036309497,0.675234039232601,6,-0.305969939795126,5657.81326001269
130,18,87656.1052719099,1,1,2614.69036309497,0.675234039232601,6,-0.305969939795126,5657.81326001269
130,19,85879.2282651059,1,1,2614.69036309497,0.675234039232601,6,-0.305969939795126,5657.81326001269
130,20,81328.2524339407,1,1,2614.69036309497,0.675234039232601,6,-0.305969939795126,5657.81326001269
130,21,86562.1026271669,1,1,2614.69036309497,0.675234039232601,6,-0.305969939795126,5657.81326001269
130,22,82006.0727059633,1,1,2614.69036309497,0.675234039232601,6,-0.305969939795126,5657.81326001269
130,23,88609.5739319037,1,1,2614.69036309497,0.675234039232601,6,-0.305969939795126,5657.81326001269
130,24,88022.2446280446,1,1,2614.69036309497,0.675234039232601,6,-0.305969939795126,5657.81326001269
131,1,106757.968041687,0,0,4683.26222363129,0.824566105031408,3,0.440985442552261,0
131,2,106176.57184027,0,0,4683.26222363129,0.824566105031408,3,0.440985442552261,0
131,3,114918.099479802,0,0,4683.26222363129,0.824566105031408,3,0.440985442552261,0
131,4,109532.614146508,0,0,4683.26222363129,0.824566105031408,3,0.440985442552261,0
131,5,111151.012181185,0,0,4683.26222363129,0.824566105031408,3,0.440985442552261,0
131,6,105695.534529173,0,0,4683.26222363129,0.824566105031408,3,0.440985442552261,0
131,7,104399.851148985,0,0,4683.26222363129,0.824566105031408,3,0.440985442552261,0
131,8,103838.3672261,0,0,4683.26222363129,0.824566105031408,3,0.440985442552261,0
131,9,102675.779810191,0,0,4683.26222363129,0.824566105031408,3,0.440985442552261,0
131,10,102578.18546392,0,0,4683.26222363129,0.824566105031408,3,0.440985442552261,0
131,11,106813.674091184,0,0,4683.26222363129,0.824566105031408,3,0.440985442552261,0
131,12,111965.257130822,0,0,4683.26222363129,0.824566105031408,3,0.440985442552261,0
131,13,109971.441084663,0,1,4683.26222363129,0.824566105031408,3,0.440985442552261,0
131,14,120411.704682,0,1,4683.26222363129,0.824566105031408,3,0.440985442552261,0
131,15,114676.850348941,0,1,4683.26222363129,0.824566105031408,3,0.440985442552261,0
131,16,117791.182832258,0,1,4683.26222363129,0.824566105031408,3,0.440985442552261,0
131,17,115664.87733532,0,1,4683.26222363129,0.824566105031408,3,0.440985442552261,0
131,18,116922.864829567,0,1,4683.26222363129,0.824566105031408,3,0.440985442552261,0
131,19,113618.630379623,0,1,4683.26222363129,0.824566105031408,3,0.440985442552261,0
131,20,111969.790816737,0,1,4683.26222363129,0.824566105031408,3,0.440985442552261,0
131,21,110348.134462124,0,1,4683.26222363129,0.824566105031408,3,0.440985442552261,0
131,22,111715.824900067,0,1,4683.26222363129,0.824566105031408,3,0.440985442552261,0
131,23,119689.196718221,0,1,4683.26222363129,0.824566105031408,3,0.440985442552261,0
131,24,113915.694983585,0,1,4683.26222363129,0.824566105031408,3,0.440985442552261,0
132,1,76160.4515247452,1,0,2502.95683206213,0.587469754449558,7,-0.524000550818916,0
132,2,73115.0749487405,1,0,2502.95683206213,0.587469754449558,7,-0.524000550818916,0
132,3,77378.8918691204,1,0,2502.95683206213,0.587469754449558,7,-0.524000550818916,0
132,4,76995.2936914618,1,0,2502.95683206213,0.587469754449558,7,-0.524000550818916,0
132,5,76480.7408051678,1,0,2502.95683206213,0.587469754449558,7,-0.524000550818916,0
132,6,69882.7198478124,1,0,2502.95683206213,0.587469754449558,7,-0.524000550818916,0
132,7,71744.4349243257,1,0,2502.95683206213,0.587469754449558,7,-0.524000550818916,0
132,8,68825.4003866129,1,0,2502.95683206213,0.587469754449558,7,-0.524000550818916,0
132,9,70314.7834944312,1,0,2502.95683206213,0.587469754449558,7,-0.524000550818916,0
132,10,70169.3040870348,1,0,2502.95683206213,0.587469754449558,7,-0.524000550818916,0
132,11,71092.1272272129,1,0,2502.95683206213,0.587469754449558,7,-0.524000550818916,0
132,12,70755.8324949498,1,0,2502.95683206213,0.587469754449558,7,-0.524000550818916,0
132,13,81010.3734546099,1,1,2502.95683206213,0.587469754449558,7,-0.524000550818916,5426.41792493018
132,14,81742.6993541351,1,1,2502.95683206213,0.587469754449558,7,-0.524000550818916,5426.41792493018
132,15,85361.2773507523,1,1,2502.95683206213,0.587469754449558,7,-0.524000550818916,5426.41792493018
132,16,81740.564472006,1,1,2502.95683206213,0.587469754449558,7,-0.524000550818916,5426.41792493018
132,17,81197.4932976533,1,1,2502.95683206213,0.587469754449558,7,-0.524000550818916,5426.41792493018
132,18,85084.6040092907,1,1,2502.95683206213,0.587469754449558,7,-0.524000550818916,5426.41792493018
132,19,78632.0029070465,1,1,2502.95683206213,0.587469754449558,7,-0.524000550818916,5426.41792493018
132,20,76519.3375055273,1,1,2502.95683206213,0.587469754449558,7,-0.524000550818916,5426.41792493018
132,21,76607.2278160625,1,1,2502.95683206213,0.587469754449558,7,-0.524000550818916,5426.41792493018
132,22,80614.7008591756,1,1,2502.95683206213,0.587469754449558,7,-0.524000550818916,5426.41792493018
132,23,76196.7534530006,1,1,2502.95683206213,0.587469754449558,7,-0.524000550818916,5426.41792493018
132,24,85094.2897721578,1,1,2502.95683206213,0.587469754449558,7,-0.524000550818916,5426.41792493018
133,1,92335.9541878735,1,0,3369.04565451255,0.810110122559127,3,0.597896172202611,0
133,2,89810.8387514186,1,0,3369.04565451255,0.810110122559127,3,0.597896172202611,0
133,3,102691.296801058,1,0,3369.04565451255,0.810110122559127,3,0.597896172202611,0
133,4,94423.1855103168,1,0,3369.04565451255,0.810110122559127,3,0.597896172202611,0
133,5,95978.2201795374,1,0,3369.04565451255,0.810110122559127,3,0.597896172202611,0
133,6,92637.7875775847,1,0,3369.04565451255,0.810110122559127,3,0.597896172202611,0
133,7,95911.4445961639,1,0,3369.04565451255,0.810110122559127,3,0.597896172202611,0
133,8,91716.5024031771,1,0,3369.04565451255,0.810110122559127,3,0.597896172202611,0
133,9,90067.1837520746,1,0,3369.04565451255,0.810110122559127,3,0.597896172202611,0
133,10,97407.5966607338,1,0,3369.04565451255,0.810110122559127,3,0.597896172202611,0
133,11,99017.5457778634,1,0,3369.04565451255,0.810110122559127,3,0.597896172202611,0
133,12,98274.7855238549,1,0,3369.04565451255,0.810110122559127,3,0.597896172202611,0
133,13,105748.931921969,1,1,3369.04565451255,0.810110122559127,3,0.597896172202611,6304.74307237453
133,14,107575.938138734,1,1,3369.04565451255,0.810110122559127,3,0.597896172202611,6304.74307237453
133,15,112346.376982946,1,1,3369.04565451255,0.810110122559127,3,0.597896172202611,6304.74307237453
133,16,114247.860399255,1,1,3369.04565451255,0.810110122559127,3,0.597896172202611,6304.74307237453
133,17,111620.890588155,1,1,3369.04565451255,0.810110122559127,3,0.597896172202611,6304.74307237453
133,18,108182.322051582,1,1,3369.04565451255,0.810110122559127,3,0.597896172202611,6304.74307237453
133,19,104939.494047156,1,1,3369.04565451255,0.810110122559127,3,0.597896172202611,6304.74307237453
133,20,105187.665816516,1,1,3369.04565451255,0.810110122559127,3,0.597896172202611,6304.74307237453
133,21,104646.201951165,1,1,3369.04565451255,0.810110122559127,3,0.597896172202611,6304.74307237453
133,22,108055.40347299,1,1,3369.04565451255,0.810110122559127,3,0.597896172202611,6304.74307237453
133,23,109976.109816237,1,1,3369.04565451255,0.810110122559127,3,0.597896172202611,6304.74307237453
133,24,113047.737845957,1,1,3369.04565451255,0.810110122559127,3,0.597896172202611,6304.74307237453
134,1,92411.1481122379,1,0,3449.55725678089,0.614187543233857,2,-0.278825461408707,0
134,2,96345.0510996384,1,0,3449.55725678089,0.614187543233857,2,-0.278825461408707,0
134,3,93935.5189298659,1,0,3449.55725678089,0.614187543233857,2,-0.278825461408707,0
134,4,97243.6308273835,1,0,3449.55725678089,0.614187543233857,2,-0.278825461408707,0
134,5,92092.5421398108,1,0,3449.55725678089,0.614187543233857,2,-0.278825461408707,0
134,6,91713.8792615077,1,0,3449.55725678089,0.614187543233857,2,-0.278825461408707,0
134,7,93375.7394587873,1,0,3449.55725678089,0.614187543233857,2,-0.278825461408707,0
134,8,87675.5119871437,1,0,3449.55725678089,0.614187543233857,2,-0.278825461408707,0
134,9,88150.0582009886,1,0,3449.55725678089,0.614187543233857,2,-0.278825461408707,0
134,10,89712.8389325707,1,0,3449.55725678089,0.614187543233857,2,-0.278825461408707,0
134,11,91603.3771826573,1,0,3449.55725678089,0.614187543233857,2,-0.278825461408707,0
134,12,97382.6129312998,1,0,3449.55725678089,0.614187543233857,2,-0.278825461408707,0
134,13,102684.844898163,1,1,3449.55725678089,0.614187543233857,2,-0.278825461408707,5953.15371485816
134,14,105658.153959586,1,1,3449.55725678089,0.614187543233857,2,-0.278825461408707,5953.15371485816
134,15,104418.18683003,1,1,3449.55725678089,0.614187543233857,2,-0.278825461408707,5953.15371485816
134,16,106695.550967452,1,1,3449.55725678089,0.614187543233857,2,-0.278825461408707,5953.15371485816
134,17,104976.802891598,1,1,3449.55725678089,0.614187543233857,2,-0.278825461408707,5953.15371485816
134,18,107015.755075626,1,1,3449.55725678089,0.614187543233857,2,-0.278825461408707,5953.15371485816
134,19,99453.282727497,1,1,3449.55725678089,0.614187543233857,2,-0.278825461408707,5953.15371485816
134,20,103966.162538187,1,1,3449.55725678089,0.614187543233857,2,-0.278825461408707,5953.15371485816
134,21,100005.427446369,1,1,3449.55725678089,0.614187543233857,2,-0.278825461408707,5953.15371485816
134,22,101665.409618097,1,1,3449.55725678089,0.614187543233857,2,-0.278825461408707,5953.15371485816
134,23,102878.36793821,1,1,3449.55725678089,0.614187543233857,2,-0.278825461408707,5953.15371485816
134,24,104072.2976161,1,1,3449.55725678089,0.614187543233857,2,-0.278825461408707,5953.15371485816
135,1,103236.651111537,0,0,4282.82398704437,0.728079735650681,2,0.370897162009905,0
135,2,107326.652142783,0,0,4282.82398704437,0.728079735650681,2,0.370897162009905,0
135,3,105478.28074836,0,0,4282.82398704437,0.728079735650681,2,0.370897162009905,0
135,4,106385.506186562,0,0,4282.82398704437,0.728079735650681,2,0.370897162009905,0
135,5,104203.907937196,0,0,4282.82398704437,0.728079735650681,2,0.370897162009905,0
135,6,101262.200179089,0,0,4282.82398704437,0.728079735650681,2,0.370897162009905,0
135,7,99736.6419655282,0,0,4282.82398704437,0.728079735650681,2,0.370897162009905,0
135,8,104338.927263057,0,0,4282.82398704437,0.728079735650681,2,0.370897162009905,0
135,9,100018.568146207,0,0,4282.82398704437,0.728079735650681,2,0.370897162009905,0
135,10,100101.553098875,0,0,4282.82398704437,0.728079735650681,2,0.370897162009905,0
135,11,106675.764649667,0,0,4282.82398704437,0.728079735650681,2,0.370897162009905,0
135,12,107081.613554678,0,0,4282.82398704437,0.728079735650681,2,0.370897162009905,0
135,13,111050.639619533,0,1,4282.82398704437,0.728079735650681,2,0.370897162009905,0
135,14,110627.679948475,0,1,4282.82398704437,0.728079735650681,2,0.370897162009905,0
135,15,112522.933857107,0,1,4282.82398704437,0.728079735650681,2,0.370897162009905,0
135,16,109924.724608801,0,1,4282.82398704437,0.728079735650681,2,0.370897162009905,0
135,17,111330.716385692,0,1,4282.82398704437,0.728079735650681,2,0.370897162009905,0
135,18,111848.554082399,0,1,4282.82398704437,0.728079735650681,2,0.370897162009905,0
135,19,108886.306389001,0,1,4282.82398704437,0.728079735650681,2,0.370897162009905,0
135,20,111984.850096105,0,1,4282.82398704437,0.728079735650681,2,0.370897162009905,0
135,21,105845.211138818,0,1,4282.82398704437,0.728079735650681,2,0.370897162009905,0
135,22,111292.38389611,0,1,4282.82398704437,0.728079735650681,2,0.370897162009905,0
135,23,112547.756025673,0,1,4282.82398704437,0.728079735650681,2,0.370897162009905,0
135,24,114537.925666055,0,1,4282.82398704437,0.728079735650681,2,0.370897162009905,0
136,1,81386.6746462297,0,0,2813.92060465288,0.673025566583965,5,-0.253835621780142,0
136,2,79737.8272201129,0,0,2813.92060465288,0.673025566583965,5,-0.253835621780142,0
136,3,84697.9463877319,0,0,2813.92060465288,0.673025566583965,5,-0.253835621780142,0
136,4,82526.6380129935,0,0,2813.92060465288,0.673025566583965,5,-0.253835621780142,0
136,5,80032.225903849,0,0,2813.92060465288,0.673025566583965,5,-0.253835621780142,0
136,6,78506.7792302464,0,0,2813.92060465288,0.673025566583965,5,-0.253835621780142,0
136,7,76741.7956561697,0,0,2813.92060465288,0.673025566583965,5,-0.253835621780142,0
136,8,79235.7196991233,0,0,2813.92060465288,0.673025566583965,5,-0.253835621780142,0
136,9,77699.7873684009,0,0,2813.92060465288,0.673025566583965,5,-0.253835621780142,0
136,10,80420.0190815765,0,0,2813.92060465288,0.673025566583965,5,-0.253835621780142,0
136,11,78581.8452184059,0,0,2813.92060465288,0.673025566583965,5,-0.253835621780142,0
136,12,84927.1317021164,0,0,2813.92060465288,0.673025566583965,5,-0.253835621780142,0
136,13,82802.4944603895,0,1,2813.92060465288,0.673025566583965,5,-0.253835621780142,0
136,14,88599.0230596865,0,1,2813.92060465288,0.673025566583965,5,-0.253835621780142,0
136,15,87672.2031282844,0,1,2813.92060465288,0.673025566583965,5,-0.253835621780142,0
136,16,85827.0971210922,0,1,2813.92060465288,0.673025566583965,5,-0.253835621780142,0
136,17,89876.7667268633,0,1,2813.92060465288,0.673025566583965,5,-0.253835621780142,0
136,18,84501.4291944585,0,1,2813.92060465288,0.673025566583965,5,-0.253835621780142,0
136,19,80853.0946188487,0,1,2813.92060465288,0.673025566583965,5,-0.253835621780142,0
136,20,84019.3348707659,0,1,2813.92060465288,0.673025566583965,5,-0.253835621780142,0
136,21,86594.5799938388,0,1,2813.92060465288,0.673025566583965,5,-0.253835621780142,0
136,22,86130.8389843378,0,1,2813.92060465288,0.673025566583965,5,-0.253835621780142,0
136,23,85179.8280757066,0,1,2813.92060465288,0.673025566583965,5,-0.253835621780142,0
136,24,88961.5462907279,0,1,2813.92060465288,0.673025566583965,5,-0.253835621780142,0
137,1,94547.1184920329,1,0,3117.41902989667,0.91268347161822,1,0.628505343138259,0
137,2,95986.1380459018,1,0,3117.41902989667,0.91268347161822,1,0.628505343138259,0
137,3,102699.238508034,1,0,3117.41902989667,0.91268347161822,1,0.628505343138259,0
137,4,97889.1445969621,1,0,3117.41902989667,0.91268347161822,1,0.628505343138259,0
137,5,97643.7075306042,1,0,3117.41902989667,0.91268347161822,1,0.628505343138259,0
137,6,99766.2422415988,1,0,3117.41902989667,0.91268347161822,1,0.628505343138259,0
137,7,95195.6950963927,1,0,3117.41902989667,0.91268347161822,1,0.628505343138259,0
137,8,90090.4756371493,1,0,3117.41902989667,0.91268347161822,1,0.628505343138259,0
137,9,92185.1612035783,1,0,3117.41902989667,0.91268347161822,1,0.628505343138259,0
137,10,94666.8130079476,1,0,3117.41902989667,0.91268347161822,1,0.628505343138259,0
137,11,99487.2555265312,1,0,3117.41902989667,0.91268347161822,1,0.628505343138259,0
137,12,99675.6202012803,1,0,3117.41902989667,0.91268347161822,1,0.628505343138259,0
137,13,108121.522754176,1,1,3117.41902989667,0.91268347161822,1,0.628505343138259,6384.07645818478
137,14,112952.390909487,1,1,3117.41902989667,0.91268347161822,1,0.628505343138259,6384.07645818478
137,15,115009.200556351,1,1,3117.41902989667,0.91268347161822,1,0.628505343138259,6384.07645818478
137,16,114020.237757465,1,1,3117.41902989667,0.91268347161822,1,0.628505343138259,6384.07645818478
137,17,113943.320664957,1,1,3117.41902989667,0.91268347161822,1,0.628505343138259,6384.07645818478
137,18,108262.217157956,1,1,3117.41902989667,0.91268347161822,1,0.628505343138259,6384.07645818478
137,19,108507.594111341,1,1,3117.41902989667,0.91268347161822,1,0.628505343138259,6384.07645818478
137,20,110970.797661067,1,1,3117.41902989667,0.91268347161822,1,0.628505343138259,6384.07645818478
137,21,108428.070173383,1,1,3117.41902989667,0.91268347161822,1,0.628505343138259,6384.07645818478
137,22,107098.535734362,1,1,3117.41902989667,0.91268347161822,1,0.628505343138259,6384.07645818478
137,23,113632.437569601,1,1,3117.41902989667,0.91268347161822,1,0.628505343138259,6384.07645818478
137,24,116191.741479929,1,1,3117.41902989667,0.91268347161822,1,0.628505343138259,6384.07645818478
138,1,86912.3325802342,1,0,2571.79353541765,0.760748566302937,2,0.165771380635933,0
138,2,88962.8664325104,1,0,2571.79353541765,0.760748566302937,2,0.165771380635933,0
138,3,87179.4008886134,1,0,2571.79353541765,0.760748566302937,2,0.165771380635933,0
138,4,89298.0023258529,1,0,2571.79353541765,0.760748566302937,2,0.165771380635933,0
138,5,89232.5053998605,1,0,2571.79353541765,0.760748566302937,2,0.165771380635933,0
138,6,84748.4491037393,1,0,2571.79353541765,0.760748566302937,2,0.165771380635933,0
138,7,85050.7551791802,1,0,2571.79353541765,0.760748566302937,2,0.165771380635933,0
138,8,84254.6988330985,1,0,2571.79353541765,0.760748566302937,2,0.165771380635933,0
138,9,80501.4072375091,1,0,2571.79353541765,0.760748566302937,2,0.165771380635933,0
138,10,87136.6227810056,1,0,2571.79353541765,0.760748566302937,2,0.165771380635933,0
138,11,89116.5638676524,1,0,2571.79353541765,0.760748566302937,2,0.165771380635933,0
138,12,88697.2161543251,1,0,2571.79353541765,0.760748566302937,2,0.165771380635933,0
138,13,98348.1426004476,1,1,2571.79353541765,0.760748566302937,2,0.165771380635933,5807.3939003147
138,14,102808.329037956,1,1,2571.79353541765,0.760748566302937,2,0.165771380635933,5807.3939003147
138,15,104319.131338424,1,1,2571.79353541765,0.760748566302937,2,0.165771380635933,5807.3939003147
138,16,100439.980424876,1,1,2571.79353541765,0.760748566302937,2,0.165771380635933,5807.3939003147
138,17,99638.5224981117,1,1,2571.79353541765,0.760748566302937,2,0.165771380635933,5807.3939003147
138,18,102020.214124479,1,1,2571.79353541765,0.760748566302937,2,0.165771380635933,5807.3939003147
138,19,98139.1063516519,1,1,2571.79353541765,0.760748566302937,2,0.165771380635933,5807.3939003147
138,20,94968.0151015312,1,1,2571.79353541765,0.760748566302937,2,0.165771380635933,5807.3939003147
138,21,93763.7703642562,1,1,2571.79353541765,0.760748566302937,2,0.165771380635933,5807.3939003147
138,22,96097.9613291121,1,1,2571.79353541765,0.760748566302937,2,0.165771380635933,5807.3939003147
138,23,97765.5799591851,1,1,2571.79353541765,0.760748566302937,2,0.165771380635933,5807.3939003147
138,24,102074.156917751,1,1,2571.79353541765,0.760748566302937,2,0.165771380635933,5807.3939003147
139,1,54241.9361852168,0,0,900.665149864473,0.58621463108575,6,-0.64493919395441,0
139,2,59620.8766734158,0,0,900.665149864473,0.58621463108575,6,-0.64493919395441,0
139,3,58465.1347645189,0,0,900.665149864473,0.58621463108575,6,-0.64493919395441,0
139,4,61285.6585379771,0,0,900.665149864473,0.58621463108575,6,-0.64493919395441,0
139,5,57229.5569276462,0,0,900.665149864473,0.58621463108575,6,-0.64493919395441,0
139,6,59508.5024892365,0,0,900.665149864473,0.58621463108575,6,-0.64493919395441,0
139,7,54674.0816704358,0,0,900.665149864473,0.58621463108575,6,-0.64493919395441,0
139,8,51430.7319959493,0,0,900.665149864473,0.58621463108575,6,-0.64493919395441,0
139,9,48841.9209623836,0,0,900.665149864473,0.58621463108575,6,-0.64493919395441,0
139,10,58744.322959513,0,0,900.665149864473,0.58621463108575,6,-0.64493919395441,0
139,11,56370.1807343389,0,0,900.665149864473,0.58621463108575,6,-0.64493919395441,0
139,12,61305.2075639347,0,0,900.665149864473,0.58621463108575,6,-0.64493919395441,0
139,13,62043.7753647323,0,1,900.665149864473,0.58621463108575,6,-0.64493919395441,0
139,14,67554.6560811201,0,1,900.665149864473,0.58621463108575,6,-0.64493919395441,0
139,15,63536.6995649628,0,1,900.665149864473,0.58621463108575,6,-0.64493919395441,0
139,16,65675.5455091906,0,1,900.665149864473,0.58621463108575,6,-0.64493919395441,0
139,17,63077.5673009933,0,1,900.665149864473,0.58621463108575,6,-0.64493919395441,0
139,18,64189.1433948817,0,1,900.665149864473,0.58621463108575,6,-0.64493919395441,0
139,19,58349.5882444365,0,1,900.665149864473,0.58621463108575,6,-0.64493919395441,0
139,20,55672.5199175909,0,1,900.665149864473,0.58621463108575,6,-0.64493919395441,0
139,21,55321.4550385716,0,1,900.665149864473,0.58621463108575,6,-0.64493919395441,0
139,22,59144.3021119999,0,1,900.665149864473,0.58621463108575,6,-0.64493919395441,0
139,23,63277.8370141358,0,1,900.665149864473,0.58621463108575,6,-0.64493919395441,0
139,24,62862.5314035369,0,1,900.665149864473,0.58621463108575,6,-0.64493919395441,0
140,1,77476.0490619703,1,0,1964.58495500923,0.67469400044065,2,-0.559158197736461,0
140,2,79091.9306280534,1,0,1964.58495500923,0.67469400044065,2,-0.559158197736461,0
140,3,82339.7667616936,1,0,1964.58495500923,0.67469400044065,2,-0.559158197736461,0
140,4,81600.2821511374,1,0,1964.58495500923,0.67469400044065,2,-0.559158197736461,0
140,5,78236.8242447781,1,0,1964.58495500923,0.67469400044065,2,-0.559158197736461,0
140,6,82107.5579735869,1,0,1964.58495500923,0.67469400044065,2,-0.559158197736461,0
140,7,73877.3164930496,1,0,1964.58495500923,0.67469400044065,2,-0.559158197736461,0
140,8,75543.2426048745,1,0,1964.58495500923,0.67469400044065,2,-0.559158197736461,0
140,9,72272.9054941965,1,0,1964.58495500923,0.67469400044065,2,-0.559158197736461,0
140,10,75919.195399957,1,0,1964.58495500923,0.67469400044065,2,-0.559158197736461,0
140,11,77365.6038056455,1,0,1964.58495500923,0.67469400044065,2,-0.559158197736461,0
140,12,80059.0966461644,1,0,1964.58495500923,0.67469400044065,2,-0.559158197736461,0
140,13,89431.9762666863,1,1,1964.58495500923,0.67469400044065,2,-0.559158197736461,5331.68047838592
140,14,90039.3285857701,1,1,1964.58495500923,0.67469400044065,2,-0.559158197736461,5331.68047838592
140,15,91503.3536201176,1,1,1964.58495500923,0.67469400044065,2,-0.559158197736461,5331.68047838592
140,16,89183.7400688958,1,1,1964.58495500923,0.67469400044065,2,-0.559158197736461,5331.68047838592
140,17,90086.2125764929,1,1,1964.58495500923,0.67469400044065,2,-0.559158197736461,5331.68047838592
140,18,85810.177337462,1,1,1964.58495500923,0.67469400044065,2,-0.559158197736461,5331.68047838592
140,19,85019.15056258,1,1,1964.58495500923,0.67469400044065,2,-0.559158197736461,5331.68047838592
140,20,83448.9446902079,1,1,1964.58495500923,0.67469400044065,2,-0.559158197736461,5331.68047838592
140,21,80850.1663136053,1,1,1964.58495500923,0.67469400044065,2,-0.559158197736461,5331.68047838592
140,22,84646.8463584559,1,1,1964.58495500923,0.67469400044065,2,-0.559158197736461,5331.68047838592
140,23,85554.6024767544,1,1,1964.58495500923,0.67469400044065,2,-0.559158197736461,5331.68047838592
140,24,87437.6388742538,1,1,1964.58495500923,0.67469400044065,2,-0.559158197736461,5331.68047838592
141,1,101983.815940702,1,0,4991.69346991336,0.636444307549391,5,0.675703450070152,0
141,2,102612.31231142,1,0,4991.69346991336,0.636444307549391,5,0.675703450070152,0
141,3,104992.951143786,1,0,4991.69346991336,0.636444307549391,5,0.675703450070152,0
141,4,109208.7301575,1,0,4991.69346991336,0.636444307549391,5,0.675703450070152,0
141,5,105418.115320864,1,0,4991.69346991336,0.636444307549391,5,0.675703450070152,0
141,6,105518.092751981,1,0,4991.69346991336,0.636444307549391,5,0.675703450070152,0
141,7,99749.1448009795,1,0,4991.69346991336,0.636444307549391,5,0.675703450070152,0
141,8,98738.8174801361,1,0,4991.69346991336,0.636444307549391,5,0.675703450070152,0
141,9,98960.5984162695,1,0,4991.69346991336,0.636444307549391,5,0.675703450070152,0
141,10,99660.5463415577,1,0,4991.69346991336,0.636444307549391,5,0.675703450070152,0
141,11,108096.434784154,1,0,4991.69346991336,0.636444307549391,5,0.675703450070152,0
141,12,106886.419638428,1,0,4991.69346991336,0.636444307549391,5,0.675703450070152,0
141,13,118082.272942321,1,1,4991.69346991336,0.636444307549391,5,0.675703450070152,6768.73535005546
141,14,122881.370187899,1,1,4991.69346991336,0.636444307549391,5,0.675703450070152,6768.73535005546
141,15,120559.481402501,1,1,4991.69346991336,0.636444307549391,5,0.675703450070152,6768.73535005546
141,16,122093.548625364,1,1,4991.69346991336,0.636444307549391,5,0.675703450070152,6768.73535005546
141,17,120470.626470364,1,1,4991.69346991336,0.636444307549391,5,0.675703450070152,6768.73535005546
141,18,122569.984665738,1,1,4991.69346991336,0.636444307549391,5,0.675703450070152,6768.73535005546
141,19,120425.707094116,1,1,4991.69346991336,0.636444307549391,5,0.675703450070152,6768.73535005546
141,20,115114.289910708,1,1,4991.69346991336,0.636444307549391,5,0.675703450070152,6768.73535005546
141,21,117272.530418722,1,1,4991.69346991336,0.636444307549391,5,0.675703450070152,6768.73535005546
141,22,118662.853221471,1,1,4991.69346991336,0.636444307549391,5,0.675703450070152,6768.73535005546
141,23,123578.852639273,1,1,4991.69346991336,0.636444307549391,5,0.675703450070152,6768.73535005546
141,24,121369.043439914,1,1,4991.69346991336,0.636444307549391,5,0.675703450070152,6768.73535005546
142,1,100306.40842734,1,0,4029.4069176192,0.700998773251194,3,0.340365893230631,0
142,2,102003.530570735,1,0,4029.4069176192,0.700998773251194,3,0.340365893230631,0
142,3,100931.432206092,1,0,4029.4069176192,0.700998773251194,3,0.340365893230631,0
142,4,101456.570990301,1,0,4029.4069176192,0.700998773251194,3,0.340365893230631,0
142,5,103453.509023167,1,0,4029.4069176192,0.700998773251194,3,0.340365893230631,0
142,6,97662.2752208597,1,0,4029.4069176192,0.700998773251194,3,0.340365893230631,0
142,7,94933.4587899511,1,0,4029.4069176192,0.700998773251194,3,0.340365893230631,0
142,8,92519.2616141257,1,0,4029.4069176192,0.700998773251194,3,0.340365893230631,0
142,9,94325.8633846244,1,0,4029.4069176192,0.700998773251194,3,0.340365893230631,0
142,10,96480.251641543,1,0,4029.4069176192,0.700998773251194,3,0.340365893230631,0
142,11,99017.7247520985,1,0,4029.4069176192,0.700998773251194,3,0.340365893230631,0
142,12,101135.314077192,1,0,4029.4069176192,0.700998773251194,3,0.340365893230631,0
142,13,110240.312557649,1,1,4029.4069176192,0.700998773251194,3,0.340365893230631,6416.70100531199
142,14,115897.061541428,1,1,4029.4069176192,0.700998773251194,3,0.340365893230631,6416.70100531199
142,15,119240.626734596,1,1,4029.4069176192,0.700998773251194,3,0.340365893230631,6416.70100531199
142,16,117144.346788836,1,1,4029.4069176192,0.700998773251194,3,0.340365893230631,6416.70100531199
142,17,113784.752268795,1,1,4029.4069176192,0.700998773251194,3,0.340365893230631,6416.70100531199
142,18,109680.152335467,1,1,4029.4069176192,0.700998773251194,3,0.340365893230631,6416.70100531199
142,19,113040.275081043,1,1,4029.4069176192,0.700998773251194,3,0.340365893230631,6416.70100531199
142,20,110054.204397361,1,1,4029.4069176192,0.700998773251194,3,0.340365893230631,6416.70100531199
142,21,110859.921590293,1,1,4029.4069176192,0.700998773251194,3,0.340365893230631,6416.70100531199
142,22,109298.249229625,1,1,4029.4069176192,0.700998773251194,3,0.340365893230631,6416.70100531199
142,23,111959.641670576,1,1,4029.4069176192,0.700998773251194,3,0.340365893230631,6416.70100531199
142,24,118284.941304723,1,1,4029.4069176192,0.700998773251194,3,0.340365893230631,6416.70100531199
143,1,96564.0834801356,0,0,2912.46010235451,0.763753405248281,1,-0.337053137601442,0
143,2,97513.1502349022,0,0,2912.46010235451,0.763753405248281,1,-0.337053137601442,0
143,3,96409.6068064197,0,0,2912.46010235451,0.763753405248281,1,-0.337053137601442,0
143,4,93862.7360600856,0,0,2912.46010235451,0.763753405248281,1,-0.337053137601442,0
143,5,96593.2367286449,0,0,2912.46010235451,0.763753405248281,1,-0.337053137601442,0
143,6,90275.6319908217,0,0,2912.46010235451,0.763753405248281,1,-0.337053137601442,0
143,7,93065.6977281615,0,0,2912.46010235451,0.763753405248281,1,-0.337053137601442,0
143,8,84482.4287414586,0,0,2912.46010235451,0.763753405248281,1,-0.337053137601442,0
143,9,87208.9032281009,0,0,2912.46010235451,0.763753405248281,1,-0.337053137601442,0
143,10,85913.8338981566,0,0,2912.46010235451,0.763753405248281,1,-0.337053137601442,0
143,11,89142.1823824089,0,0,2912.46010235451,0.763753405248281,1,-0.337053137601442,0
143,12,91819.387853216,0,0,2912.46010235451,0.763753405248281,1,-0.337053137601442,0
143,13,94115.9887671097,0,1,2912.46010235451,0.763753405248281,1,-0.337053137601442,0
143,14,97007.5268150936,0,1,2912.46010235451,0.763753405248281,1,-0.337053137601442,0
143,15,101501.634169026,0,1,2912.46010235451,0.763753405248281,1,-0.337053137601442,0
143,16,96881.958179715,0,1,2912.46010235451,0.763753405248281,1,-0.337053137601442,0
143,17,96144.8396484269,0,1,2912.46010235451,0.763753405248281,1,-0.337053137601442,0
143,18,94211.5447945413,0,1,2912.46010235451,0.763753405248281,1,-0.337053137601442,0
143,19,93791.410974595,0,1,2912.46010235451,0.763753405248281,1,-0.337053137601442,0
143,20,91406.926243613,0,1,2912.46010235451,0.763753405248281,1,-0.337053137601442,0
143,21,93113.2696891293,0,1,2912.46010235451,0.763753405248281,1,-0.337053137601442,0
143,22,91723.6716457783,0,1,2912.46010235451,0.763753405248281,1,-0.337053137601442,0
143,23,96120.3435978545,0,1,2912.46010235451,0.763753405248281,1,-0.337053137601442,0
143,24,100666.195422483,0,1,2912.46010235451,0.763753405248281,1,-0.337053137601442,0
144,1,82591.1870624999,1,0,3810.7867934993,0.880745632504113,9,0.78351089397752,0
144,2,91599.0287596658,1,0,3810.7867934993,0.880745632504113,9,0.78351089397752,0
144,3,91047.4803485765,1,0,3810.7867934993,0.880745632504113,9,0.78351089397752,0
144,4,90304.6141381266,1,0,3810.7867934993,0.880745632504113,9,0.78351089397752,0
144,5,91482.137748821,1,0,3810.7867934993,0.880745632504113,9,0.78351089397752,0
144,6,86852.6137474508,1,0,3810.7867934993,0.880745632504113,9,0.78351089397752,0
144,7,84641.2661487696,1,0,3810.7867934993,0.880745632504113,9,0.78351089397752,0
144,8,86665.0507079963,1,0,3810.7867934993,0.880745632504113,9,0.78351089397752,0
144,9,88165.2172116731,1,0,3810.7867934993,0.880745632504113,9,0.78351089397752,0
144,10,87305.4322383423,1,0,3810.7867934993,0.880745632504113,9,0.78351089397752,0
144,11,92258.6384581125,1,0,3810.7867934993,0.880745632504113,9,0.78351089397752,0
144,12,92149.5840741484,1,0,3810.7867934993,0.880745632504113,9,0.78351089397752,0
144,13,102471.99980046,1,1,3810.7867934993,0.880745632504113,9,0.78351089397752,6666.88466175787
144,14,103165.088175721,1,1,3810.7867934993,0.880745632504113,9,0.78351089397752,6666.88466175787
144,15,107921.550942448,1,1,3810.7867934993,0.880745632504113,9,0.78351089397752,6666.88466175787
144,16,105830.525751594,1,1,3810.7867934993,0.880745632504113,9,0.78351089397752,6666.88466175787
144,17,100566.280498291,1,1,3810.7867934993,0.880745632504113,9,0.78351089397752,6666.88466175787
144,18,104351.445471535,1,1,3810.7867934993,0.880745632504113,9,0.78351089397752,6666.88466175787
144,19,104819.585663366,1,1,3810.7867934993,0.880745632504113,9,0.78351089397752,6666.88466175787
144,20,100392.127482446,1,1,3810.7867934993,0.880745632504113,9,0.78351089397752,6666.88466175787
144,21,100683.368865512,1,1,3810.7867934993,0.880745632504113,9,0.78351089397752,6666.88466175787
144,22,102756.370615105,1,1,3810.7867934993,0.880745632504113,9,0.78351089397752,6666.88466175787
144,23,101358.555525035,1,1,3810.7867934993,0.880745632504113,9,0.78351089397752,6666.88466175787
144,24,106157.660373523,1,1,3810.7867934993,0.880745632504113,9,0.78351089397752,6666.88466175787
145,1,83357.1018660464,1,0,3152.36688053266,0.806270364962984,7,0.329327477587331,0
145,2,85743.7823094877,1,0,3152.36688053266,0.806270364962984,7,0.329327477587331,0
145,3,83686.8678281427,1,0,3152.36688053266,0.806270364962984,7,0.329327477587331,0
145,4,87688.0819731649,1,0,3152.36688053266,0.806270364962984,7,0.329327477587331,0
145,5,88289.9929275097,1,0,3152.36688053266,0.806270364962984,7,0.329327477587331,0
145,6,82239.2807711001,1,0,3152.36688053266,0.806270364962984,7,0.329327477587331,0
145,7,77986.6102666056,1,0,3152.36688053266,0.806270364962984,7,0.329327477587331,0
145,8,79534.2409506788,1,0,3152.36688053266,0.806270364962984,7,0.329327477587331,0
145,9,79218.7830466154,1,0,3152.36688053266,0.806270364962984,7,0.329327477587331,0
145,10,80373.9975345413,1,0,3152.36688053266,0.806270364962984,7,0.329327477587331,0
145,11,89002.6338486983,1,0,3152.36688053266,0.806270364962984,7,0.329327477587331,0
145,12,87056.419091593,1,0,3152.36688053266,0.806270364962984,7,0.329327477587331,0
145,13,91575.5802614198,1,1,3152.36688053266,0.806270364962984,7,0.329327477587331,6188.7241701923
145,14,97368.6773260818,1,1,3152.36688053266,0.806270364962984,7,0.329327477587331,6188.7241701923
145,15,99416.5181891308,1,1,3152.36688053266,0.806270364962984,7,0.329327477587331,6188.7241701923
145,16,98557.7938351179,1,1,3152.36688053266,0.806270364962984,7,0.329327477587331,6188.7241701923
145,17,99804.8051698057,1,1,3152.36688053266,0.806270364962984,7,0.329327477587331,6188.7241701923
145,18,96228.1527397914,1,1,3152.36688053266,0.806270364962984,7,0.329327477587331,6188.7241701923
145,19,94709.2116623612,1,1,3152.36688053266,0.806270364962984,7,0.329327477587331,6188.7241701923
145,20,89900.6681360191,1,1,3152.36688053266,0.806270364962984,7,0.329327477587331,6188.7241701923
145,21,92327.4350913062,1,1,3152.36688053266,0.806270364962984,7,0.329327477587331,6188.7241701923
145,22,93834.1211521558,1,1,3152.36688053266,0.806270364962984,7,0.329327477587331,6188.7241701923
145,23,99344.1163330124,1,1,3152.36688053266,0.806270364962984,7,0.329327477587331,6188.7241701923
145,24,100812.978986884,1,1,3152.36688053266,0.806270364962984,7,0.329327477587331,6188.7241701923
146,1,81936.5234731237,1,0,2703.59823924734,0.941711530112661,4,0.495110600169442,0
146,2,89566.7534992375,1,0,2703.59823924734,0.941711530112661,4,0.495110600169442,0
146,3,91093.2193631919,1,0,2703.59823924734,0.941711530112661,4,0.495110600169442,0
146,4,92626.8344374754,1,0,2703.59823924734,0.941711530112661,4,0.495110600169442,0
146,5,89699.2956166964,1,0,2703.59823924734,0.941711530112661,4,0.495110600169442,0
146,6,88064.2688901577,1,0,2703.59823924734,0.941711530112661,4,0.495110600169442,0
146,7,82248.9223406031,1,0,2703.59823924734,0.941711530112661,4,0.495110600169442,0
146,8,82389.4885844754,1,0,2703.59823924734,0.941711530112661,4,0.495110600169442,0
146,9,80996.6160992944,1,0,2703.59823924734,0.941711530112661,4,0.495110600169442,0
146,10,84032.2906146732,1,0,2703.59823924734,0.941711530112661,4,0.495110600169442,0
146,11,89922.3414628257,1,0,2703.59823924734,0.941711530112661,4,0.495110600169442,0
146,12,86140.774955401,1,0,2703.59823924734,0.941711530112661,4,0.495110600169442,0
146,13,96821.4210433305,1,1,2703.59823924734,0.941711530112661,4,0.495110600169442,6235.22217984899
146,14,104161.045720316,1,1,2703.59823924734,0.941711530112661,4,0.495110600169442,6235.22217984899
146,15,106105.678135894,1,1,2703.59823924734,0.941711530112661,4,0.495110600169442,6235.22217984899
146,16,104235.62998029,1,1,2703.59823924734,0.941711530112661,4,0.495110600169442,6235.22217984899
146,17,106503.860770816,1,1,2703.59823924734,0.941711530112661,4,0.495110600169442,6235.22217984899
146,18,97762.5541714272,1,1,2703.59823924734,0.941711530112661,4,0.495110600169442,6235.22217984899
146,19,100477.076427498,1,1,2703.59823924734,0.941711530112661,4,0.495110600169442,6235.22217984899
146,20,97932.1006049558,1,1,2703.59823924734,0.941711530112661,4,0.495110600169442,6235.22217984899
146,21,96800.0943184887,1,1,2703.59823924734,0.941711530112661,4,0.495110600169442,6235.22217984899
146,22,98609.5082838591,1,1,2703.59823924734,0.941711530112661,4,0.495110600169442,6235.22217984899
146,23,99975.2169732083,1,1,2703.59823924734,0.941711530112661,4,0.495110600169442,6235.22217984899
146,24,106845.337228837,1,1,2703.59823924734,0.941711530112661,4,0.495110600169442,6235.22217984899
147,1,92199.316639475,0,0,3092.36887045504,0.852514189772773,3,0.545100915032569,0
147,2,90992.6071670725,0,0,3092.36887045504,0.852514189772773,3,0.545100915032569,0
147,3,95540.9031153304,0,0,3092.36887045504,0.852514189772773,3,0.545100915032569,0
147,4,91828.8135760099,0,0,3092.36887045504,0.852514189772773,3,0.545100915032569,0
147,5,93551.315670547,0,0,3092.36887045504,0.852514189772773,3,0.545100915032569,0
147,6,92594.5374547154,0,0,3092.36887045504,0.852514189772773,3,0.545100915032569,0
147,7,91862.159374926,0,0,3092.36887045504,0.852514189772773,3,0.545100915032569,0
147,8,86932.0783919595,0,0,3092.36887045504,0.852514189772773,3,0.545100915032569,0
147,9,85931.5241966337,0,0,3092.36887045504,0.852514189772773,3,0.545100915032569,0
147,10,92523.9782862263,0,0,3092.36887045504,0.852514189772773,3,0.545100915032569,0
147,11,93624.5414469043,0,0,3092.36887045504,0.852514189772773,3,0.545100915032569,0
147,12,95851.7435168274,0,0,3092.36887045504,0.852514189772773,3,0.545100915032569,0
147,13,99101.8932186737,0,1,3092.36887045504,0.852514189772773,3,0.545100915032569,0
147,14,101421.904211781,0,1,3092.36887045504,0.852514189772773,3,0.545100915032569,0
147,15,102047.155099737,0,1,3092.36887045504,0.852514189772773,3,0.545100915032569,0
147,16,101899.851956544,0,1,3092.36887045504,0.852514189772773,3,0.545100915032569,0
147,17,101866.237915409,0,1,3092.36887045504,0.852514189772773,3,0.545100915032569,0
147,18,102317.168285436,0,1,3092.36887045504,0.852514189772773,3,0.545100915032569,0
147,19,98306.3263340048,0,1,3092.36887045504,0.852514189772773,3,0.545100915032569,0
147,20,94106.8787381241,0,1,3092.36887045504,0.852514189772773,3,0.545100915032569,0
147,21,98474.6123877096,0,1,3092.36887045504,0.852514189772773,3,0.545100915032569,0
147,22,96288.8618494155,0,1,3092.36887045504,0.852514189772773,3,0.545100915032569,0
147,23,101099.505810553,0,1,3092.36887045504,0.852514189772773,3,0.545100915032569,0
147,24,105454.169733873,0,1,3092.36887045504,0.852514189772773,3,0.545100915032569,0
148,1,83956.10907115,1,0,2556.90922363529,0.94531904256437,3,0.614267041425298,0
148,2,89843.8746109709,1,0,2556.90922363529,0.94531904256437,3,0.614267041425298,0
148,3,92402.9736426915,1,0,2556.90922363529,0.94531904256437,3,0.614267041425298,0
148,4,87106.0888636269,1,0,2556.90922363529,0.94531904256437,3,0.614267041425298,0
148,5,89206.9536602965,1,0,2556.90922363529,0.94531904256437,3,0.614267041425298,0
148,6,88795.8862259902,1,0,2556.90922363529,0.94531904256437,3,0.614267041425298,0
148,7,85007.9955936678,1,0,2556.90922363529,0.94531904256437,3,0.614267041425298,0
148,8,81202.7931233777,1,0,2556.90922363529,0.94531904256437,3,0.614267041425298,0
148,9,83343.5871180128,1,0,2556.90922363529,0.94531904256437,3,0.614267041425298,0
148,10,87259.8766952017,1,0,2556.90922363529,0.94531904256437,3,0.614267041425298,0
148,11,85298.0804282444,1,0,2556.90922363529,0.94531904256437,3,0.614267041425298,0
148,12,91999.8781966115,1,0,2556.90922363529,0.94531904256437,3,0.614267041425298,0
148,13,100730.169541689,1,1,2556.90922363529,0.94531904256437,3,0.614267041425298,6169.09269694638
148,14,99260.9551902271,1,1,2556.90922363529,0.94531904256437,3,0.614267041425298,6169.09269694638
148,15,107184.081974074,1,1,2556.90922363529,0.94531904256437,3,0.614267041425298,6169.09269694638
148,16,102220.676989016,1,1,2556.90922363529,0.94531904256437,3,0.614267041425298,6169.09269694638
148,17,102747.857678641,1,1,2556.90922363529,0.94531904256437,3,0.614267041425298,6169.09269694638
148,18,105332.133184231,1,1,2556.90922363529,0.94531904256437,3,0.614267041425298,6169.09269694638
148,19,98334.0561153368,1,1,2556.90922363529,0.94531904256437,3,0.614267041425298,6169.09269694638
148,20,99290.7026716652,1,1,2556.90922363529,0.94531904256437,3,0.614267041425298,6169.09269694638
148,21,101852.655933168,1,1,2556.90922363529,0.94531904256437,3,0.614267041425298,6169.09269694638
148,22,100384.088147189,1,1,2556.90922363529,0.94531904256437,3,0.614267041425298,6169.09269694638
148,23,103537.286679653,1,1,2556.90922363529,0.94531904256437,3,0.614267041425298,6169.09269694638
148,24,107030.725207301,1,1,2556.90922363529,0.94531904256437,3,0.614267041425298,6169.09269694638
149,1,93695.1774728677,1,0,3666.03468727714,0.941975476138759,3,0.53161715545482,0
149,2,99716.7583350124,1,0,3666.03468727714,0.941975476138759,3,0.53161715545482,0
149,3,102526.943490543,1,0,3666.03468727714,0.941975476138759,3,0.53161715545482,0
149,4,99183.3357572378,1,0,3666.03468727714,0.941975476138759,3,0.53161715545482,0
149,5,97956.4365893504,1,0,3666.03468727714,0.941975476138759,3,0.53161715545482,0
149,6,98202.0913537024,1,0,3666.03468727714,0.941975476138759,3,0.53161715545482,0
149,7,98154.2290523217,1,0,3666.03468727714,0.941975476138759,3,0.53161715545482,0
149,8,96643.1316228621,1,0,3666.03468727714,0.941975476138759,3,0.53161715545482,0
149,9,99075.3765028662,1,0,3666.03468727714,0.941975476138759,3,0.53161715545482,0
149,10,96851.3924179213,1,0,3666.03468727714,0.941975476138759,3,0.53161715545482,0
149,11,98696.8127235728,1,0,3666.03468727714,0.941975476138759,3,0.53161715545482,0
149,12,102329.819758556,1,0,3666.03468727714,0.941975476138759,3,0.53161715545482,0
149,13,112818.780878241,1,1,3666.03468727714,0.941975476138759,3,0.53161715545482,6716.96829591609
149,14,116508.732649453,1,1,3666.03468727714,0.941975476138759,3,0.53161715545482,6716.96829591609
149,15,113886.38156845,1,1,3666.03468727714,0.941975476138759,3,0.53161715545482,6716.96829591609
149,16,114555.567494564,1,1,3666.03468727714,0.941975476138759,3,0.53161715545482,6716.96829591609
149,17,115981.474409531,1,1,3666.03468727714,0.941975476138759,3,0.53161715545482,6716.96829591609
149,18,114117.432990737,1,1,3666.03468727714,0.941975476138759,3,0.53161715545482,6716.96829591609
149,19,110500.110409423,1,1,3666.03468727714,0.941975476138759,3,0.53161715545482,6716.96829591609
149,20,106851.205882043,1,1,3666.03468727714,0.941975476138759,3,0.53161715545482,6716.96829591609
149,21,110396.872364942,1,1,3666.03468727714,0.941975476138759,3,0.53161715545482,6716.96829591609
149,22,109402.459225452,1,1,3666.03468727714,0.941975476138759,3,0.53161715545482,6716.96829591609
149,23,115007.76610061,1,1,3666.03468727714,0.941975476138759,3,0.53161715545482,6716.96829591609
149,24,118708.130032152,1,1,3666.03468727714,0.941975476138759,3,0.53161715545482,6716.96829591609
150,1,81366.0041584856,0,0,1893.50477945168,0.737449172860943,1,-0.21581705542317,0
150,2,80235.9485554058,0,0,1893.50477945168,0.737449172860943,1,-0.21581705542317,0
150,3,83756.4885695051,0,0,1893.50477945168,0.737449172860943,1,-0.21581705542317,0
150,4,81335.737005287,0,0,1893.50477945168,0.737449172860943,1,-0.21581705542317,0
150,5,79889.8607457072,0,0,1893.50477945168,0.737449172860943,1,-0.21581705542317,0
150,6,82204.2722581815,0,0,1893.50477945168,0.737449172860943,1,-0.21581705542317,0
150,7,79965.4761291361,0,0,1893.50477945168,0.737449172860943,1,-0.21581705542317,0
150,8,75339.5341885311,0,0,1893.50477945168,0.737449172860943,1,-0.21581705542317,0
150,9,77132.7085676437,0,0,1893.50477945168,0.737449172860943,1,-0.21581705542317,0
150,10,76738.6236849685,0,0,1893.50477945168,0.737449172860943,1,-0.21581705542317,0
150,11,82768.580920767,0,0,1893.50477945168,0.737449172860943,1,-0.21581705542317,0
150,12,83331.3299969825,0,0,1893.50477945168,0.737449172860943,1,-0.21581705542317,0
150,13,86557.6000870981,0,1,1893.50477945168,0.737449172860943,1,-0.21581705542317,0
150,14,88679.8511847172,0,1,1893.50477945168,0.737449172860943,1,-0.21581705542317,0
150,15,90698.7798083225,0,1,1893.50477945168,0.737449172860943,1,-0.21581705542317,0
150,16,92191.8970074624,0,1,1893.50477945168,0.737449172860943,1,-0.21581705542317,0
150,17,87647.3636552494,0,1,1893.50477945168,0.737449172860943,1,-0.21581705542317,0
150,18,84685.0178185798,0,1,1893.50477945168,0.737449172860943,1,-0.21581705542317,0
150,19,82776.6841186938,0,1,1893.50477945168,0.737449172860943,1,-0.21581705542317,0
150,20,82659.3347777549,0,1,1893.50477945168,0.737449172860943,1,-0.21581705542317,0
150,21,79132.8189830109,0,1,1893.50477945168,0.737449172860943,1,-0.21581705542317,0
150,22,81371.2082037404,0,1,1893.50477945168,0.737449172860943,1,-0.21581705542317,0
150,23,86604.3802812533,0,1,1893.50477945168,0.737449172860943,1,-0.21581705542317,0
150,24,86746.7720693995,0,1,1893.50477945168,0.737449172860943,1,-0.21581705542317,0
151,1,82694.5594691331,0,0,2710.47312195779,0.595308948878664,1,-0.556688937286311,0
151,2,89630.1718419448,0,0,2710.47312195779,0.595308948878664,1,-0.556688937286311,0
151,3,90265.0564740125,0,0,2710.47312195779,0.595308948878664,1,-0.556688937286311,0
151,4,90051.3436220422,0,0,2710.47312195779,0.595308948878664,1,-0.556688937286311,0
151,5,89989.0330517069,0,0,2710.47312195779,0.595308948878664,1,-0.556688937286311,0
151,6,89031.9315030189,0,0,2710.47312195779,0.595308948878664,1,-0.556688937286311,0
151,7,87097.6048856422,0,0,2710.47312195779,0.595308948878664,1,-0.556688937286311,0
151,8,82525.5905040954,0,0,2710.47312195779,0.595308948878664,1,-0.556688937286311,0
151,9,84310.3320282442,0,0,2710.47312195779,0.595308948878664,1,-0.556688937286311,0
151,10,80659.0922494804,0,0,2710.47312195779,0.595308948878664,1,-0.556688937286311,0
151,11,85776.0691815928,0,0,2710.47312195779,0.595308948878664,1,-0.556688937286311,0
151,12,91988.7150150758,0,0,2710.47312195779,0.595308948878664,1,-0.556688937286311,0
151,13,89018.0808775499,0,1,2710.47312195779,0.595308948878664,1,-0.556688937286311,0
151,14,95194.3978672482,0,1,2710.47312195779,0.595308948878664,1,-0.556688937286311,0
151,15,90367.379650373,0,1,2710.47312195779,0.595308948878664,1,-0.556688937286311,0
151,16,88306.7671186661,0,1,2710.47312195779,0.595308948878664,1,-0.556688937286311,0
151,17,95764.9194685715,0,1,2710.47312195779,0.595308948878664,1,-0.556688937286311,0
151,18,92030.7083775038,0,1,2710.47312195779,0.595308948878664,1,-0.556688937286311,0
151,19,91409.4726421579,0,1,2710.47312195779,0.595308948878664,1,-0.556688937286311,0
151,20,90154.6140689451,0,1,2710.47312195779,0.595308948878664,1,-0.556688937286311,0
151,21,83548.8790205909,0,1,2710.47312195779,0.595308948878664,1,-0.556688937286311,0
151,22,85296.9724651125,0,1,2710.47312195779,0.595308948878664,1,-0.556688937286311,0
151,23,90421.8386550573,0,1,2710.47312195779,0.595308948878664,1,-0.556688937286311,0
151,24,92155.4597360908,0,1,2710.47312195779,0.595308948878664,1,-0.556688937286311,0
152,1,91960.0875214599,1,0,3247.39858024572,0.516685830859933,2,-0.58965058863523,0
152,2,90613.3084265746,1,0,3247.39858024572,0.516685830859933,2,-0.58965058863523,0
152,3,91378.7684435596,1,0,3247.39858024572,0.516685830859933,2,-0.58965058863523,0
152,4,93583.6946869205,1,0,3247.39858024572,0.516685830859933,2,-0.58965058863523,0
152,5,90040.981040351,1,0,3247.39858024572,0.516685830859933,2,-0.58965058863523,0
152,6,88874.220253597,1,0,3247.39858024572,0.516685830859933,2,-0.58965058863523,0
152,7,89029.5762788264,1,0,3247.39858024572,0.516685830859933,2,-0.58965058863523,0
152,8,85623.4892115424,1,0,3247.39858024572,0.516685830859933,2,-0.58965058863523,0
152,9,86739.3819017261,1,0,3247.39858024572,0.516685830859933,2,-0.58965058863523,0
152,10,86251.6579858242,1,0,3247.39858024572,0.516685830859933,2,-0.58965058863523,0
152,11,86215.3331007826,1,0,3247.39858024572,0.516685830859933,2,-0.58965058863523,0
152,12,90237.7143945341,1,0,3247.39858024572,0.516685830859933,2,-0.58965058863523,0
152,13,98717.6350033578,1,1,3247.39858024572,0.516685830859933,2,-0.58965058863523,5657.07095184273
152,14,103024.567202398,1,1,3247.39858024572,0.516685830859933,2,-0.58965058863523,5657.07095184273
152,15,101509.64659576,1,1,3247.39858024572,0.516685830859933,2,-0.58965058863523,5657.07095184273
152,16,100817.483172453,1,1,3247.39858024572,0.516685830859933,2,-0.58965058863523,5657.07095184273
152,17,102191.17282409,1,1,3247.39858024572,0.516685830859933,2,-0.58965058863523,5657.07095184273
152,18,96338.6923806839,1,1,3247.39858024572,0.516685830859933,2,-0.58965058863523,5657.07095184273
152,19,93025.9157591482,1,1,3247.39858024572,0.516685830859933,2,-0.58965058863523,5657.07095184273
152,20,95060.515881653,1,1,3247.39858024572,0.516685830859933,2,-0.58965058863523,5657.07095184273
152,21,94700.732568976,1,1,3247.39858024572,0.516685830859933,2,-0.58965058863523,5657.07095184273
152,22,92237.2434151862,1,1,3247.39858024572,0.516685830859933,2,-0.58965058863523,5657.07095184273
152,23,96799.0141750214,1,1,3247.39858024572,0.516685830859933,2,-0.58965058863523,5657.07095184273
152,24,100454.053821788,1,1,3247.39858024572,0.516685830859933,2,-0.58965058863523,5657.07095184273
153,1,94848.2697662943,1,0,3713.50044958489,0.776299001113512,2,0.240862259918962,0
153,2,96983.6570628511,1,0,3713.50044958489,0.776299001113512,2,0.240862259918962,0
153,3,100019.157878989,1,0,3713.50044958489,0.776299001113512,2,0.240862259918962,0
153,4,102041.062258791,1,0,3713.50044958489,0.776299001113512,2,0.240862259918962,0
153,5,98026.1637033037,1,0,3713.50044958489,0.776299001113512,2,0.240862259918962,0
153,6,98167.413836034,1,0,3713.50044958489,0.776299001113512,2,0.240862259918962,0
153,7,99763.9017520617,1,0,3713.50044958489,0.776299001113512,2,0.240862259918962,0
153,8,97987.6313985446,1,0,3713.50044958489,0.776299001113512,2,0.240862259918962,0
153,9,96363.0256242569,1,0,3713.50044958489,0.776299001113512,2,0.240862259918962,0
153,10,93292.0607967374,1,0,3713.50044958489,0.776299001113512,2,0.240862259918962,0
153,11,98124.8848017606,1,0,3713.50044958489,0.776299001113512,2,0.240862259918962,0
153,12,99613.2086434018,1,0,3713.50044958489,0.776299001113512,2,0.240862259918962,0
153,13,109203.527649261,1,1,3713.50044958489,0.776299001113512,2,0.240862259918962,6409.34822701947
153,14,112928.18379502,1,1,3713.50044958489,0.776299001113512,2,0.240862259918962,6409.34822701947
153,15,114862.100567623,1,1,3713.50044958489,0.776299001113512,2,0.240862259918962,6409.34822701947
153,16,115394.957057185,1,1,3713.50044958489,0.776299001113512,2,0.240862259918962,6409.34822701947
153,17,112714.528030096,1,1,3713.50044958489,0.776299001113512,2,0.240862259918962,6409.34822701947
153,18,111490.4934396,1,1,3713.50044958489,0.776299001113512,2,0.240862259918962,6409.34822701947
153,19,105400.074257658,1,1,3713.50044958489,0.776299001113512,2,0.240862259918962,6409.34822701947
153,20,111775.9251431,1,1,3713.50044958489,0.776299001113512,2,0.240862259918962,6409.34822701947
153,21,109220.559620798,1,1,3713.50044958489,0.776299001113512,2,0.240862259918962,6409.34822701947
153,22,110972.108544089,1,1,3713.50044958489,0.776299001113512,2,0.240862259918962,6409.34822701947
153,23,111892.227464779,1,1,3713.50044958489,0.776299001113512,2,0.240862259918962,6409.34822701947
153,24,117683.459621894,1,1,3713.50044958489,0.776299001113512,2,0.240862259918962,6409.34822701947
154,1,102382.5267391,0,0,3871.14501656251,0.882832564308774,1,0.364821343989004,0
154,2,101988.571416882,0,0,3871.14501656251,0.882832564308774,1,0.364821343989004,0
154,3,105678.994358605,0,0,3871.14501656251,0.882832564308774,1,0.364821343989004,0
154,4,107717.310731638,0,0,3871.14501656251,0.882832564308774,1,0.364821343989004,0
154,5,103345.767285787,0,0,3871.14501656251,0.882832564308774,1,0.364821343989004,0
154,6,104211.647201298,0,0,3871.14501656251,0.882832564308774,1,0.364821343989004,0
154,7,98558.7767300259,0,0,3871.14501656251,0.882832564308774,1,0.364821343989004,0
154,8,101168.54787842,0,0,3871.14501656251,0.882832564308774,1,0.364821343989004,0
154,9,103801.139574818,0,0,3871.14501656251,0.882832564308774,1,0.364821343989004,0
154,10,100418.21203166,0,0,3871.14501656251,0.882832564308774,1,0.364821343989004,0
154,11,107548.003961025,0,0,3871.14501656251,0.882832564308774,1,0.364821343989004,0
154,12,105135.253494153,0,0,3871.14501656251,0.882832564308774,1,0.364821343989004,0
154,13,113245.005699608,0,1,3871.14501656251,0.882832564308774,1,0.364821343989004,0
154,14,111008.374045425,0,1,3871.14501656251,0.882832564308774,1,0.364821343989004,0
154,15,114324.178238515,0,1,3871.14501656251,0.882832564308774,1,0.364821343989004,0
154,16,117958.956112905,0,1,3871.14501656251,0.882832564308774,1,0.364821343989004,0
154,17,112317.877078204,0,1,3871.14501656251,0.882832564308774,1,0.364821343989004,0
154,18,108787.004778913,0,1,3871.14501656251,0.882832564308774,1,0.364821343989004,0
154,19,109130.022380373,0,1,3871.14501656251,0.882832564308774,1,0.364821343989004,0
154,20,112503.537998501,0,1,3871.14501656251,0.882832564308774,1,0.364821343989004,0
154,21,109794.266459497,0,1,3871.14501656251,0.882832564308774,1,0.364821343989004,0
154,22,107829.11004507,0,1,3871.14501656251,0.882832564308774,1,0.364821343989004,0
154,23,108345.570047811,0,1,3871.14501656251,0.882832564308774,1,0.364821343989004,0
154,24,117945.505750017,0,1,3871.14501656251,0.882832564308774,1,0.364821343989004,0
155,1,74670.4076658443,0,0,2264.13862647794,0.565026928856969,4,-0.683453773374646,0
155,2,74495.1900313594,0,0,2264.13862647794,0.565026928856969,4,-0.683453773374646,0
155,3,80130.6659919479,0,0,2264.13862647794,0.565026928856969,4,-0.683453773374646,0
155,4,80479.5672986771,0,0,2264.13862647794,0.565026928856969,4,-0.683453773374646,0
155,5,75461.9372105282,0,0,2264.13862647794,0.565026928856969,4,-0.683453773374646,0
155,6,73285.3962074401,0,0,2264.13862647794,0.565026928856969,4,-0.683453773374646,0
155,7,69770.4339676556,0,0,2264.13862647794,0.565026928856969,4,-0.683453773374646,0
155,8,68279.8233023739,0,0,2264.13862647794,0.565026928856969,4,-0.683453773374646,0
155,9,68699.5669956212,0,0,2264.13862647794,0.565026928856969,4,-0.683453773374646,0
155,10,70017.9643511475,0,0,2264.13862647794,0.565026928856969,4,-0.683453773374646,0
155,11,72467.2725880927,0,0,2264.13862647794,0.565026928856969,4,-0.683453773374646,0
155,12,79944.8686852129,0,0,2264.13862647794,0.565026928856969,4,-0.683453773374646,0
155,13,78917.3119890403,0,1,2264.13862647794,0.565026928856969,4,-0.683453773374646,0
155,14,81288.2068545735,0,1,2264.13862647794,0.565026928856969,4,-0.683453773374646,0
155,15,79541.7260225912,0,1,2264.13862647794,0.565026928856969,4,-0.683453773374646,0
155,16,80809.197794541,0,1,2264.13862647794,0.565026928856969,4,-0.683453773374646,0
155,17,80411.1789996743,0,1,2264.13862647794,0.565026928856969,4,-0.683453773374646,0
155,18,81725.0198749075,0,1,2264.13862647794,0.565026928856969,4,-0.683453773374646,0
155,19,76679.427894344,0,1,2264.13862647794,0.565026928856969,4,-0.683453773374646,0
155,20,72865.7846489886,0,1,2264.13862647794,0.565026928856969,4,-0.683453773374646,0
155,21,72859.5724726995,0,1,2264.13862647794,0.565026928856969,4,-0.683453773374646,0
155,22,77771.0597645578,0,1,2264.13862647794,0.565026928856969,4,-0.683453773374646,0
155,23,78202.1316669858,0,1,2264.13862647794,0.565026928856969,4,-0.683453773374646,0
155,24,81178.2180225099,0,1,2264.13862647794,0.565026928856969,4,-0.683453773374646,0
156,1,92141.295652374,1,0,3013.72459053611,0.715768265514634,0,0.0319661400794198,0
156,2,97417.8682626444,1,0,3013.72459053611,0.715768265514634,0,0.0319661400794198,0
156,3,102311.158639323,1,0,3013.72459053611,0.715768265514634,0,0.0319661400794198,0
156,4,97643.8463629262,1,0,3013.72459053611,0.715768265514634,0,0.0319661400794198,0
156,5,97019.9347496496,1,0,3013.72459053611,0.715768265514634,0,0.0319661400794198,0
156,6,94248.1286289877,1,0,3013.72459053611,0.715768265514634,0,0.0319661400794198,0
156,7,90912.3191997883,1,0,3013.72459053611,0.715768265514634,0,0.0319661400794198,0
156,8,91340.7981177057,1,0,3013.72459053611,0.715768265514634,0,0.0319661400794198,0
156,9,87587.2971185761,1,0,3013.72459053611,0.715768265514634,0,0.0319661400794198,0
156,10,90274.4399895096,1,0,3013.72459053611,0.715768265514634,0,0.0319661400794198,0
156,11,93678.9559919838,1,0,3013.72459053611,0.715768265514634,0,0.0319661400794198,0
156,12,97457.9465768671,1,0,3013.72459053611,0.715768265514634,0,0.0319661400794198,0
156,13,102217.846214349,1,1,3013.72459053611,0.715768265514634,0,0.0319661400794198,5938.39882629732
156,14,108786.156246278,1,1,3013.72459053611,0.715768265514634,0,0.0319661400794198,5938.39882629732
156,15,109537.835132877,1,1,3013.72459053611,0.715768265514634,0,0.0319661400794198,5938.39882629732
156,16,102798.050820049,1,1,3013.72459053611,0.715768265514634,0,0.0319661400794198,5938.39882629732
156,17,111668.672491241,1,1,3013.72459053611,0.715768265514634,0,0.0319661400794198,5938.39882629732
156,18,105854.048753397,1,1,3013.72459053611,0.715768265514634,0,0.0319661400794198,5938.39882629732
156,19,105208.937265081,1,1,3013.72459053611,0.715768265514634,0,0.0319661400794198,5938.39882629732
156,20,99248.5851627656,1,1,3013.72459053611,0.715768265514634,0,0.0319661400794198,5938.39882629732
156,21,104291.742608519,1,1,3013.72459053611,0.715768265514634,0,0.0319661400794198,5938.39882629732
156,22,104093.908859514,1,1,3013.72459053611,0.715768265514634,0,0.0319661400794198,5938.39882629732
156,23,105666.711274766,1,1,3013.72459053611,0.715768265514634,0,0.0319661400794198,5938.39882629732
156,24,112996.050130993,1,1,3013.72459053611,0.715768265514634,0,0.0319661400794198,5938.39882629732
157,1,86704.6829811916,1,0,2504.25532815744,0.846573808009271,2,0.512590952795785,0
157,2,94040.0331936897,1,0,2504.25532815744,0.846573808009271,2,0.512590952795785,0
157,3,86685.7523634971,1,0,2504.25532815744,0.846573808009271,2,0.512590952795785,0
157,4,90610.1572252419,1,0,2504.25532815744,0.846573808009271,2,0.512590952795785,0
157,5,88250.6576341745,1,0,2504.25532815744,0.846573808009271,2,0.512590952795785,0
157,6,87838.9222789466,1,0,2504.25532815744,0.846573808009271,2,0.512590952795785,0
157,7,84942.0220688523,1,0,2504.25532815744,0.846573808009271,2,0.512590952795785,0
157,8,84573.5712466761,1,0,2504.25532815744,0.846573808009271,2,0.512590952795785,0
157,9,84890.8633590691,1,0,2504.25532815744,0.846573808009271,2,0.512590952795785,0
157,10,83401.7719434184,1,0,2504.25532815744,0.846573808009271,2,0.512590952795785,0
157,11,89643.1915205054,1,0,2504.25532815744,0.846573808009271,2,0.512590952795785,0
157,12,92510.2816534521,1,0,2504.25532815744,0.846573808009271,2,0.512590952795785,0
157,13,99760.6243052935,1,1,2504.25532815744,0.846573808009271,2,0.512590952795785,5945.27528009726
157,14,104109.635834669,1,1,2504.25532815744,0.846573808009271,2,0.512590952795785,5945.27528009726
157,15,103239.894166551,1,1,2504.25532815744,0.846573808009271,2,0.512590952795785,5945.27528009726
157,16,102190.173077285,1,1,2504.25532815744,0.846573808009271,2,0.512590952795785,5945.27528009726
157,17,103320.062967803,1,1,2504.25532815744,0.846573808009271,2,0.512590952795785,5945.27528009726
157,18,102160.670668124,1,1,2504.25532815744,0.846573808009271,2,0.512590952795785,5945.27528009726
157,19,98996.7627538055,1,1,2504.25532815744,0.846573808009271,2,0.512590952795785,5945.27528009726
157,20,97393.7757879195,1,1,2504.25532815744,0.846573808009271,2,0.512590952795785,5945.27528009726
157,21,99191.1154158289,1,1,2504.25532815744,0.846573808009271,2,0.512590952795785,5945.27528009726
157,22,100347.768518317,1,1,2504.25532815744,0.846573808009271,2,0.512590952795785,5945.27528009726
157,23,100711.918172858,1,1,2504.25532815744,0.846573808009271,2,0.512590952795785,5945.27528009726
157,24,107313.302094676,1,1,2504.25532815744,0.846573808009271,2,0.512590952795785,5945.27528009726
158,1,102020.396450553,1,0,3764.77412603919,0.758381155587267,0,0.391800321042763,0
158,2,105989.459312384,1,0,3764.77412603919,0.758381155587267,0,0.391800321042763,0
158,3,105374.721449412,1,0,3764.77412603919,0.758381155587267,0,0.391800321042763,0
158,4,104799.054318822,1,0,3764.77412603919,0.758381155587267,0,0.391800321042763,0
158,5,103240.186902654,1,0,3764.77412603919,0.758381155587267,0,0.391800321042763,0
158,6,104368.371719174,1,0,3764.77412603919,0.758381155587267,0,0.391800321042763,0
158,7,99390.5503507219,1,0,3764.77412603919,0.758381155587267,0,0.391800321042763,0
158,8,101613.966643355,1,0,3764.77412603919,0.758381155587267,0,0.391800321042763,0
158,9,98169.4484988959,1,0,3764.77412603919,0.758381155587267,0,0.391800321042763,0
158,10,102102.08833846,1,0,3764.77412603919,0.758381155587267,0,0.391800321042763,0
158,11,106155.470549288,1,0,3764.77412603919,0.758381155587267,0,0.391800321042763,0
158,12,104791.578960849,1,0,3764.77412603919,0.758381155587267,0,0.391800321042763,0
158,13,112903.397179274,1,1,3764.77412603919,0.758381155587267,0,0.391800321042763,6399.14937419413
158,14,117479.202334875,1,1,3764.77412603919,0.758381155587267,0,0.391800321042763,6399.14937419413
158,15,120303.705809596,1,1,3764.77412603919,0.758381155587267,0,0.391800321042763,6399.14937419413
158,16,120271.935397104,1,1,3764.77412603919,0.758381155587267,0,0.391800321042763,6399.14937419413
158,17,119449.774029617,1,1,3764.77412603919,0.758381155587267,0,0.391800321042763,6399.14937419413
158,18,114370.622927595,1,1,3764.77412603919,0.758381155587267,0,0.391800321042763,6399.14937419413
158,19,112634.604519173,1,1,3764.77412603919,0.758381155587267,0,0.391800321042763,6399.14937419413
158,20,115200.5033126,1,1,3764.77412603919,0.758381155587267,0,0.391800321042763,6399.14937419413
158,21,108577.264313099,1,1,3764.77412603919,0.758381155587267,0,0.391800321042763,6399.14937419413
158,22,113618.470287379,1,1,3764.77412603919,0.758381155587267,0,0.391800321042763,6399.14937419413
158,23,116979.609198763,1,1,3764.77412603919,0.758381155587267,0,0.391800321042763,6399.14937419413
158,24,122972.369114764,1,1,3764.77412603919,0.758381155587267,0,0.391800321042763,6399.14937419413
159,1,81776.1896814538,0,0,2182.26243650844,0.771973966632504,1,-0.0257730740249203,0
159,2,88071.5248266098,0,0,2182.26243650844,0.771973966632504,1,-0.0257730740249203,0
159,3,89357.5393993068,0,0,2182.26243650844,0.771973966632504,1,-0.0257730740249203,0
159,4,87980.5329797925,0,0,2182.26243650844,0.771973966632504,1,-0.0257730740249203,0
159,5,86946.3440380943,0,0,2182.26243650844,0.771973966632504,1,-0.0257730740249203,0
159,6,82083.0203168093,0,0,2182.26243650844,0.771973966632504,1,-0.0257730740249203,0
159,7,78277.7483528481,0,0,2182.26243650844,0.771973966632504,1,-0.0257730740249203,0
159,8,78682.2899079386,0,0,2182.26243650844,0.771973966632504,1,-0.0257730740249203,0
159,9,81096.8473745203,0,0,2182.26243650844,0.771973966632504,1,-0.0257730740249203,0
159,10,80708.9431342085,0,0,2182.26243650844,0.771973966632504,1,-0.0257730740249203,0
159,11,85459.9732831901,0,0,2182.26243650844,0.771973966632504,1,-0.0257730740249203,0
159,12,84487.2583012044,0,0,2182.26243650844,0.771973966632504,1,-0.0257730740249203,0
159,13,92928.6474968919,0,1,2182.26243650844,0.771973966632504,1,-0.0257730740249203,0
159,14,90600.8289027958,0,1,2182.26243650844,0.771973966632504,1,-0.0257730740249203,0
159,15,90576.1865338904,0,1,2182.26243650844,0.771973966632504,1,-0.0257730740249203,0
159,16,92958.9692132973,0,1,2182.26243650844,0.771973966632504,1,-0.0257730740249203,0
159,17,94009.0993020436,0,1,2182.26243650844,0.771973966632504,1,-0.0257730740249203,0
159,18,89227.5877129703,0,1,2182.26243650844,0.771973966632504,1,-0.0257730740249203,0
159,19,86961.3817603977,0,1,2182.26243650844,0.771973966632504,1,-0.0257730740249203,0
159,20,85189.1588992865,0,1,2182.26243650844,0.771973966632504,1,-0.0257730740249203,0
159,21,86474.7850730018,0,1,2182.26243650844,0.771973966632504,1,-0.0257730740249203,0
159,22,88471.8443513897,0,1,2182.26243650844,0.771973966632504,1,-0.0257730740249203,0
159,23,93423.9035098148,0,1,2182.26243650844,0.771973966632504,1,-0.0257730740249203,0
159,24,90568.7988124611,0,1,2182.26243650844,0.771973966632504,1,-0.0257730740249203,0
160,1,83934.8375556879,0,0,2552.22917824181,0.755867626296822,3,0.0412589383236397,0
160,2,83623.4843623215,0,0,2552.22917824181,0.755867626296822,3,0.0412589383236397,0
160,3,85675.0468890742,0,0,2552.22917824181,0.755867626296822,3,0.0412589383236397,0
160,4,89111.4300907518,0,0,2552.22917824181,0.755867626296822,3,0.0412589383236397,0
160,5,84135.8713249389,0,0,2552.22917824181,0.755867626296822,3,0.0412589383236397,0
160,6,79260.1406561547,0,0,2552.22917824181,0.755867626296822,3,0.0412589383236397,0
160,7,78931.2364022223,0,0,2552.22917824181,0.755867626296822,3,0.0412589383236397,0
160,8,79135.5621014246,0,0,2552.22917824181,0.755867626296822,3,0.0412589383236397,0
160,9,79931.6868144269,0,0,2552.22917824181,0.755867626296822,3,0.0412589383236397,0
160,10,81592.0063447392,0,0,2552.22917824181,0.755867626296822,3,0.0412589383236397,0
160,11,84375.7123448622,0,0,2552.22917824181,0.755867626296822,3,0.0412589383236397,0
160,12,87215.0739530573,0,0,2552.22917824181,0.755867626296822,3,0.0412589383236397,0
160,13,90742.3025768106,0,1,2552.22917824181,0.755867626296822,3,0.0412589383236397,0
160,14,91056.7644814984,0,1,2552.22917824181,0.755867626296822,3,0.0412589383236397,0
160,15,96994.0060627092,0,1,2552.22917824181,0.755867626296822,3,0.0412589383236397,0
160,16,93349.7918870561,0,1,2552.22917824181,0.755867626296822,3,0.0412589383236397,0
160,17,92098.6355663299,0,1,2552.22917824181,0.755867626296822,3,0.0412589383236397,0
160,18,88425.2136809607,0,1,2552.22917824181,0.755867626296822,3,0.0412589383236397,0
160,19,86914.4156678813,0,1,2552.22917824181,0.755867626296822,3,0.0412589383236397,0
160,20,87736.111100852,0,1,2552.22917824181,0.755867626296822,3,0.0412589383236397,0
160,21,88482.5777441072,0,1,2552.22917824181,0.755867626296822,3,0.0412589383236397,0
160,22,87473.6422118679,0,1,2552.22917824181,0.755867626296822,3,0.0412589383236397,0
160,23,89819.2324341088,0,1,2552.22917824181,0.755867626296822,3,0.0412589383236397,0
160,24,92941.9442402906,0,1,2552.22917824181,0.755867626296822,3,0.0412589383236397,0
161,1,98800.5093931774,0,0,4100.72811296849,0.749158228700981,4,0.606332647073509,0
161,2,103602.230113236,0,0,4100.72811296849,0.749158228700981,4,0.606332647073509,0
161,3,100340.061141811,0,0,4100.72811296849,0.749158228700981,4,0.606332647073509,0
161,4,106019.631344949,0,0,4100.72811296849,0.749158228700981,4,0.606332647073509,0
161,5,101244.562398528,0,0,4100.72811296849,0.749158228700981,4,0.606332647073509,0
161,6,97031.949859357,0,0,4100.72811296849,0.749158228700981,4,0.606332647073509,0
161,7,91753.6281335146,0,0,4100.72811296849,0.749158228700981,4,0.606332647073509,0
161,8,96653.3600683414,0,0,4100.72811296849,0.749158228700981,4,0.606332647073509,0
161,9,97455.8235152725,0,0,4100.72811296849,0.749158228700981,4,0.606332647073509,0
161,10,96130.6077345158,0,0,4100.72811296849,0.749158228700981,4,0.606332647073509,0
161,11,101650.63704297,0,0,4100.72811296849,0.749158228700981,4,0.606332647073509,0
161,12,103663.904720523,0,0,4100.72811296849,0.749158228700981,4,0.606332647073509,0
161,13,107615.684579906,0,1,4100.72811296849,0.749158228700981,4,0.606332647073509,0
161,14,106748.651290827,0,1,4100.72811296849,0.749158228700981,4,0.606332647073509,0
161,15,110460.041238211,0,1,4100.72811296849,0.749158228700981,4,0.606332647073509,0
161,16,108568.46096906,0,1,4100.72811296849,0.749158228700981,4,0.606332647073509,0
161,17,107974.631750408,0,1,4100.72811296849,0.749158228700981,4,0.606332647073509,0
161,18,104148.734819715,0,1,4100.72811296849,0.749158228700981,4,0.606332647073509,0
161,19,104667.187897551,0,1,4100.72811296849,0.749158228700981,4,0.606332647073509,0
161,20,103070.277928174,0,1,4100.72811296849,0.749158228700981,4,0.606332647073509,0
161,21,103483.506003834,0,1,4100.72811296849,0.749158228700981,4,0.606332647073509,0
161,22,105109.560896287,0,1,4100.72811296849,0.749158228700981,4,0.606332647073509,0
161,23,107080.111110895,0,1,4100.72811296849,0.749158228700981,4,0.606332647073509,0
161,24,109502.497474516,0,1,4100.72811296849,0.749158228700981,4,0.606332647073509,0
162,1,78127.8115000115,1,0,1780.13390506751,0.685247647180222,2,-0.67088720665309,0
162,2,78663.0169012394,1,0,1780.13390506751,0.685247647180222,2,-0.67088720665309,0
162,3,81957.242855403,1,0,1780.13390506751,0.685247647180222,2,-0.67088720665309,0
162,4,80383.8926171878,1,0,1780.13390506751,0.685247647180222,2,-0.67088720665309,0
162,5,75998.636660282,1,0,1780.13390506751,0.685247647180222,2,-0.67088720665309,0
162,6,78430.0492444685,1,0,1780.13390506751,0.685247647180222,2,-0.67088720665309,0
162,7,74136.4105097301,1,0,1780.13390506751,0.685247647180222,2,-0.67088720665309,0
162,8,71115.7910108426,1,0,1780.13390506751,0.685247647180222,2,-0.67088720665309,0
162,9,71709.9346771132,1,0,1780.13390506751,0.685247647180222,2,-0.67088720665309,0
162,10,70298.0861270747,1,0,1780.13390506751,0.685247647180222,2,-0.67088720665309,0
162,11,73468.3335701294,1,0,1780.13390506751,0.685247647180222,2,-0.67088720665309,0
162,12,82121.1188894277,1,0,1780.13390506751,0.685247647180222,2,-0.67088720665309,0
162,13,90442.3260231764,1,1,1780.13390506751,0.685247647180222,2,-0.67088720665309,5260.5622468942
162,14,86914.9269705525,1,1,1780.13390506751,0.685247647180222,2,-0.67088720665309,5260.5622468942
162,15,83500.4969647296,1,1,1780.13390506751,0.685247647180222,2,-0.67088720665309,5260.5622468942
162,16,85348.6595605328,1,1,1780.13390506751,0.685247647180222,2,-0.67088720665309,5260.5622468942
162,17,88894.8452904599,1,1,1780.13390506751,0.685247647180222,2,-0.67088720665309,5260.5622468942
162,18,85115.6448875164,1,1,1780.13390506751,0.685247647180222,2,-0.67088720665309,5260.5622468942
162,19,83697.9837705419,1,1,1780.13390506751,0.685247647180222,2,-0.67088720665309,5260.5622468942
162,20,80656.8380502584,1,1,1780.13390506751,0.685247647180222,2,-0.67088720665309,5260.5622468942
162,21,81261.5205356338,1,1,1780.13390506751,0.685247647180222,2,-0.67088720665309,5260.5622468942
162,22,81895.7317766866,1,1,1780.13390506751,0.685247647180222,2,-0.67088720665309,5260.5622468942
162,23,84618.4375070243,1,1,1780.13390506751,0.685247647180222,2,-0.67088720665309,5260.5622468942
162,24,86989.8738796204,1,1,1780.13390506751,0.685247647180222,2,-0.67088720665309,5260.5622468942
163,1,77559.0329598853,1,0,3261.5466762558,0.5524633503519,7,-0.374151153329202,0
163,2,81706.2354311674,1,0,3261.5466762558,0.5524633503519,7,-0.374151153329202,0
163,3,85537.7834913893,1,0,3261.5466762558,0.5524633503519,7,-0.374151153329202,0
163,4,84062.022086923,1,0,3261.5466762558,0.5524633503519,7,-0.374151153329202,0
163,5,80448.1241975222,1,0,3261.5466762558,0.5524633503519,7,-0.374151153329202,0
163,6,81826.5421706524,1,0,3261.5466762558,0.5524633503519,7,-0.374151153329202,0
163,7,77317.6018321309,1,0,3261.5466762558,0.5524633503519,7,-0.374151153329202,0
163,8,77898.116147676,1,0,3261.5466762558,0.5524633503519,7,-0.374151153329202,0
163,9,77786.1313019586,1,0,3261.5466762558,0.5524633503519,7,-0.374151153329202,0
163,10,77240.2736460903,1,0,3261.5466762558,0.5524633503519,7,-0.374151153329202,0
163,11,79199.0596803116,1,0,3261.5466762558,0.5524633503519,7,-0.374151153329202,0
163,12,78530.3647961444,1,0,3261.5466762558,0.5524633503519,7,-0.374151153329202,0
163,13,90752.8796979059,1,1,3261.5466762558,0.5524633503519,7,-0.374151153329202,5735.7000388317
163,14,93268.5942269167,1,1,3261.5466762558,0.5524633503519,7,-0.374151153329202,5735.7000388317
163,15,89506.6626941592,1,1,3261.5466762558,0.5524633503519,7,-0.374151153329202,5735.7000388317
163,16,92596.3301096691,1,1,3261.5466762558,0.5524633503519,7,-0.374151153329202,5735.7000388317
163,17,92169.9974816911,1,1,3261.5466762558,0.5524633503519,7,-0.374151153329202,5735.7000388317
163,18,89230.3612700325,1,1,3261.5466762558,0.5524633503519,7,-0.374151153329202,5735.7000388317
163,19,88553.2141026322,1,1,3261.5466762558,0.5524633503519,7,-0.374151153329202,5735.7000388317
163,20,85212.5074219548,1,1,3261.5466762558,0.5524633503519,7,-0.374151153329202,5735.7000388317
163,21,84896.4402210032,1,1,3261.5466762558,0.5524633503519,7,-0.374151153329202,5735.7000388317
163,22,83927.7162822236,1,1,3261.5466762558,0.5524633503519,7,-0.374151153329202,5735.7000388317
163,23,90177.4137674024,1,1,3261.5466762558,0.5524633503519,7,-0.374151153329202,5735.7000388317
163,24,92965.2315848205,1,1,3261.5466762558,0.5524633503519,7,-0.374151153329202,5735.7000388317
164,1,85753.0708791535,1,0,2949.32262132114,0.643265125364996,4,-0.232790307418584,0
164,2,83842.2152354068,1,0,2949.32262132114,0.643265125364996,4,-0.232790307418584,0
164,3,86237.1669972118,1,0,2949.32262132114,0.643265125364996,4,-0.232790307418584,0
164,4,84964.7849058595,1,0,2949.32262132114,0.643265125364996,4,-0.232790307418584,0
164,5,85282.1314054757,1,0,2949.32262132114,0.643265125364996,4,-0.232790307418584,0
164,6,82900.5620182765,1,0,2949.32262132114,0.643265125364996,4,-0.232790307418584,0
164,7,79380.357098138,1,0,2949.32262132114,0.643265125364996,4,-0.232790307418584,0
164,8,81578.3189404022,1,0,2949.32262132114,0.643265125364996,4,-0.232790307418584,0
164,9,79803.8917796404,1,0,2949.32262132114,0.643265125364996,4,-0.232790307418584,0
164,10,80526.513762733,1,0,2949.32262132114,0.643265125364996,4,-0.232790307418584,0
164,11,84111.1279647377,1,0,2949.32262132114,0.643265125364996,4,-0.232790307418584,0
164,12,82091.327905172,1,0,2949.32262132114,0.643265125364996,4,-0.232790307418584,0
164,13,94189.7191406288,1,1,2949.32262132114,0.643265125364996,4,-0.232790307418584,5761.19156139056
164,14,94292.399643784,1,1,2949.32262132114,0.643265125364996,4,-0.232790307418584,5761.19156139056
164,15,101404.080056169,1,1,2949.32262132114,0.643265125364996,4,-0.232790307418584,5761.19156139056
164,16,95975.2761995445,1,1,2949.32262132114,0.643265125364996,4,-0.232790307418584,5761.19156139056
164,17,94164.048004871,1,1,2949.32262132114,0.643265125364996,4,-0.232790307418584,5761.19156139056
164,18,97262.0676630494,1,1,2949.32262132114,0.643265125364996,4,-0.232790307418584,5761.19156139056
164,19,90879.3787662011,1,1,2949.32262132114,0.643265125364996,4,-0.232790307418584,5761.19156139056
164,20,90255.6758064357,1,1,2949.32262132114,0.643265125364996,4,-0.232790307418584,5761.19156139056
164,21,93986.5591349299,1,1,2949.32262132114,0.643265125364996,4,-0.232790307418584,5761.19156139056
164,22,91563.1323374608,1,1,2949.32262132114,0.643265125364996,4,-0.232790307418584,5761.19156139056
164,23,97080.6707635295,1,1,2949.32262132114,0.643265125364996,4,-0.232790307418584,5761.19156139056
164,24,98455.1261529773,1,1,2949.32262132114,0.643265125364996,4,-0.232790307418584,5761.19156139056
165,1,70897.6921315486,1,0,2001.45429409942,0.723285575688351,6,-0.0976652822618603,0
165,2,72609.6946100072,1,0,2001.45429409942,0.723285575688351,6,-0.0976652822618603,0
165,3,72814.6357571484,1,0,2001.45429409942,0.723285575688351,6,-0.0976652822618603,0
165,4,75358.2761216321,1,0,2001.45429409942,0.723285575688351,6,-0.0976652822618603,0
165,5,74735.848540274,1,0,2001.45429409942,0.723285575688351,6,-0.0976652822618603,0
165,6,68083.113902544,1,0,2001.45429409942,0.723285575688351,6,-0.0976652822618603,0
165,7,65243.5889044477,1,0,2001.45429409942,0.723285575688351,6,-0.0976652822618603,0
165,8,70285.6827210333,1,0,2001.45429409942,0.723285575688351,6,-0.0976652822618603,0
165,9,67371.3584857484,1,0,2001.45429409942,0.723285575688351,6,-0.0976652822618603,0
165,10,68993.3612928757,1,0,2001.45429409942,0.723285575688351,6,-0.0976652822618603,0
165,11,73355.9459724203,1,0,2001.45429409942,0.723285575688351,6,-0.0976652822618603,0
165,12,70998.789664247,1,0,2001.45429409942,0.723285575688351,6,-0.0976652822618603,0
165,13,83144.3264480789,1,1,2001.45429409942,0.723285575688351,6,-0.0976652822618603,5447.29829842641
165,14,84775.1109620757,1,1,2001.45429409942,0.723285575688351,6,-0.0976652822618603,5447.29829842641
165,15,82231.8665011198,1,1,2001.45429409942,0.723285575688351,6,-0.0976652822618603,5447.29829842641
165,16,88772.1435638631,1,1,2001.45429409942,0.723285575688351,6,-0.0976652822618603,5447.29829842641
165,17,86353.5061502608,1,1,2001.45429409942,0.723285575688351,6,-0.0976652822618603,5447.29829842641
165,18,84348.7486170137,1,1,2001.45429409942,0.723285575688351,6,-0.0976652822618603,5447.29829842641
165,19,78683.4244098915,1,1,2001.45429409942,0.723285575688351,6,-0.0976652822618603,5447.29829842641
165,20,80262.4748264967,1,1,2001.45429409942,0.723285575688351,6,-0.0976652822618603,5447.29829842641
165,21,73645.2407857576,1,1,2001.45429409942,0.723285575688351,6,-0.0976652822618603,5447.29829842641
165,22,78845.0716887123,1,1,2001.45429409942,0.723285575688351,6,-0.0976652822618603,5447.29829842641
165,23,78598.476919098,1,1,2001.45429409942,0.723285575688351,6,-0.0976652822618603,5447.29829842641
165,24,88373.6836870803,1,1,2001.45429409942,0.723285575688351,6,-0.0976652822618603,5447.29829842641
166,1,77274.4349582819,1,0,2192.00792354958,0.590451689844485,2,-0.402627950119356,0
166,2,80058.0062620603,1,0,2192.00792354958,0.590451689844485,2,-0.402627950119356,0
166,3,83201.6840299057,1,0,2192.00792354958,0.590451689844485,2,-0.402627950119356,0
166,4,84410.2259489674,1,0,2192.00792354958,0.590451689844485,2,-0.402627950119356,0
166,5,80660.0396215833,1,0,2192.00792354958,0.590451689844485,2,-0.402627950119356,0
166,6,80318.4003830766,1,0,2192.00792354958,0.590451689844485,2,-0.402627950119356,0
166,7,77754.110246564,1,0,2192.00792354958,0.590451689844485,2,-0.402627950119356,0
166,8,75638.2122949261,1,0,2192.00792354958,0.590451689844485,2,-0.402627950119356,0
166,9,74099.0878362879,1,0,2192.00792354958,0.590451689844485,2,-0.402627950119356,0
166,10,77809.0214790871,1,0,2192.00792354958,0.590451689844485,2,-0.402627950119356,0
166,11,81481.7791630997,1,0,2192.00792354958,0.590451689844485,2,-0.402627950119356,0
166,12,80926.9792772925,1,0,2192.00792354958,0.590451689844485,2,-0.402627950119356,0
166,13,87488.2896591167,1,1,2192.00792354958,0.590451689844485,2,-0.402627950119356,5276.90734146376
166,14,92580.5029703339,1,1,2192.00792354958,0.590451689844485,2,-0.402627950119356,5276.90734146376
166,15,94027.1040773458,1,1,2192.00792354958,0.590451689844485,2,-0.402627950119356,5276.90734146376
166,16,90838.5406491784,1,1,2192.00792354958,0.590451689844485,2,-0.402627950119356,5276.90734146376
166,17,91143.7232705936,1,1,2192.00792354958,0.590451689844485,2,-0.402627950119356,5276.90734146376
166,18,86316.879377127,1,1,2192.00792354958,0.590451689844485,2,-0.402627950119356,5276.90734146376
166,19,86243.1062564518,1,1,2192.00792354958,0.590451689844485,2,-0.402627950119356,5276.90734146376
166,20,84068.313236035,1,1,2192.00792354958,0.590451689844485,2,-0.402627950119356,5276.90734146376
166,21,84232.6095385506,1,1,2192.00792354958,0.590451689844485,2,-0.402627950119356,5276.90734146376
166,22,85437.445405109,1,1,2192.00792354958,0.590451689844485,2,-0.402627950119356,5276.90734146376
166,23,88387.0462964647,1,1,2192.00792354958,0.590451689844485,2,-0.402627950119356,5276.90734146376
166,24,92001.5138396163,1,1,2192.00792354958,0.590451689844485,2,-0.402627950119356,5276.90734146376
167,1,80984.0682229183,1,0,2665.26489589539,0.662197565799579,4,-0.251985527148013,0
167,2,86477.9898960586,1,0,2665.26489589539,0.662197565799579,4,-0.251985527148013,0
167,3,84377.6627955231,1,0,2665.26489589539,0.662197565799579,4,-0.251985527148013,0
167,4,85510.7020788892,1,0,2665.26489589539,0.662197565799579,4,-0.251985527148013,0
167,5,81979.1586418794,1,0,2665.26489589539,0.662197565799579,4,-0.251985527148013,0
167,6,80603.9852362941,1,0,2665.26489589539,0.662197565799579,4,-0.251985527148013,0
167,7,81916.7432631475,1,0,2665.26489589539,0.662197565799579,4,-0.251985527148013,0
167,8,77819.4445517537,1,0,2665.26489589539,0.662197565799579,4,-0.251985527148013,0
167,9,77707.4397845182,1,0,2665.26489589539,0.662197565799579,4,-0.251985527148013,0
167,10,76882.3259408077,1,0,2665.26489589539,0.662197565799579,4,-0.251985527148013,0
167,11,79207.4105800182,1,0,2665.26489589539,0.662197565799579,4,-0.251985527148013,0
167,12,86796.8240694214,1,0,2665.26489589539,0.662197565799579,4,-0.251985527148013,0
167,13,91857.0325111737,1,1,2665.26489589539,0.662197565799579,4,-0.251985527148013,5657.02757954686
167,14,96129.3261075128,1,1,2665.26489589539,0.662197565799579,4,-0.251985527148013,5657.02757954686
167,15,99536.774450754,1,1,2665.26489589539,0.662197565799579,4,-0.251985527148013,5657.02757954686
167,16,97780.754704002,1,1,2665.26489589539,0.662197565799579,4,-0.251985527148013,5657.02757954686
167,17,92733.6715999185,1,1,2665.26489589539,0.662197565799579,4,-0.251985527148013,5657.02757954686
167,18,88858.3028392466,1,1,2665.26489589539,0.662197565799579,4,-0.251985527148013,5657.02757954686
167,19,89870.6964056238,1,1,2665.26489589539,0.662197565799579,4,-0.251985527148013,5657.02757954686
167,20,92852.670570582,1,1,2665.26489589539,0.662197565799579,4,-0.251985527148013,5657.02757954686
167,21,86809.1752918381,1,1,2665.26489589539,0.662197565799579,4,-0.251985527148013,5657.02757954686
167,22,91481.690442837,1,1,2665.26489589539,0.662197565799579,4,-0.251985527148013,5657.02757954686
167,23,90341.8856889065,1,1,2665.26489589539,0.662197565799579,4,-0.251985527148013,5657.02757954686
167,24,93962.7599526777,1,1,2665.26489589539,0.662197565799579,4,-0.251985527148013,5657.02757954686
168,1,97928.8000040959,1,0,3956.44290868634,0.574585029820446,0,0.0387803668721342,0
168,2,98656.0641708579,1,0,3956.44290868634,0.574585029820446,0,0.0387803668721342,0
168,3,100680.920286476,1,0,3956.44290868634,0.574585029820446,0,0.0387803668721342,0
168,4,105457.399625475,1,0,3956.44290868634,0.574585029820446,0,0.0387803668721342,0
168,5,101297.3525061,1,0,3956.44290868634,0.574585029820446,0,0.0387803668721342,0
168,6,100166.166767465,1,0,3956.44290868634,0.574585029820446,0,0.0387803668721342,0
168,7,97466.0233228536,1,0,3956.44290868634,0.574585029820446,0,0.0387803668721342,0
168,8,96435.7269402355,1,0,3956.44290868634,0.574585029820446,0,0.0387803668721342,0
168,9,97808.0367481748,1,0,3956.44290868634,0.574585029820446,0,0.0387803668721342,0
168,10,97517.553410137,1,0,3956.44290868634,0.574585029820446,0,0.0387803668721342,0
168,11,102057.045117021,1,0,3956.44290868634,0.574585029820446,0,0.0387803668721342,0
168,12,100892.358139691,1,0,3956.44290868634,0.574585029820446,0,0.0387803668721342,0
168,13,115267.219423489,1,1,3956.44290868634,0.574585029820446,0,0.0387803668721342,6127.39151398406
168,14,116866.572992851,1,1,3956.44290868634,0.574585029820446,0,0.0387803668721342,6127.39151398406
168,15,117829.47251039,1,1,3956.44290868634,0.574585029820446,0,0.0387803668721342,6127.39151398406
168,16,119223.716286783,1,1,3956.44290868634,0.574585029820446,0,0.0387803668721342,6127.39151398406
168,17,114647.050646125,1,1,3956.44290868634,0.574585029820446,0,0.0387803668721342,6127.39151398406
168,18,116165.813969235,1,1,3956.44290868634,0.574585029820446,0,0.0387803668721342,6127.39151398406
168,19,110987.671543527,1,1,3956.44290868634,0.574585029820446,0,0.0387803668721342,6127.39151398406
168,20,110445.801543242,1,1,3956.44290868634,0.574585029820446,0,0.0387803668721342,6127.39151398406
168,21,109491.020397439,1,1,3956.44290868634,0.574585029820446,0,0.0387803668721342,6127.39151398406
168,22,110971.352974865,1,1,3956.44290868634,0.574585029820446,0,0.0387803668721342,6127.39151398406
168,23,113780.183631501,1,1,3956.44290868634,0.574585029820446,0,0.0387803668721342,6127.39151398406
168,24,118941.061166552,1,1,3956.44290868634,0.574585029820446,0,0.0387803668721342,6127.39151398406
169,1,93085.5146325416,1,0,3181.69342189262,0.857641196472105,2,0.411675496554716,0
169,2,102057.790344657,1,0,3181.69342189262,0.857641196472105,2,0.411675496554716,0
169,3,100376.20794161,1,0,3181.69342189262,0.857641196472105,2,0.411675496554716,0
169,4,98929.7608278531,1,0,3181.69342189262,0.857641196472105,2,0.411675496554716,0
169,5,98200.0726861632,1,0,3181.69342189262,0.857641196472105,2,0.411675496554716,0
169,6,96422.1471162567,1,0,3181.69342189262,0.857641196472105,2,0.411675496554716,0
169,7,89569.5240058899,1,0,3181.69342189262,0.857641196472105,2,0.411675496554716,0
169,8,91917.6328273438,1,0,3181.69342189262,0.857641196472105,2,0.411675496554716,0
169,9,90148.2056736013,1,0,3181.69342189262,0.857641196472105,2,0.411675496554716,0
169,10,90858.5408424276,1,0,3181.69342189262,0.857641196472105,2,0.411675496554716,0
169,11,94358.0444730913,1,0,3181.69342189262,0.857641196472105,2,0.411675496554716,0
169,12,97740.20895824,1,0,3181.69342189262,0.857641196472105,2,0.411675496554716,0
169,13,104395.22621535,1,1,3181.69342189262,0.857641196472105,2,0.411675496554716,6306.12910389052
169,14,109696.303128806,1,1,3181.69342189262,0.857641196472105,2,0.411675496554716,6306.12910389052
169,15,111427.109623675,1,1,3181.69342189262,0.857641196472105,2,0.411675496554716,6306.12910389052
169,16,109294.980698966,1,1,3181.69342189262,0.857641196472105,2,0.411675496554716,6306.12910389052
169,17,112303.170859155,1,1,3181.69342189262,0.857641196472105,2,0.411675496554716,6306.12910389052
169,18,105039.078837159,1,1,3181.69342189262,0.857641196472105,2,0.411675496554716,6306.12910389052
169,19,109357.410715084,1,1,3181.69342189262,0.857641196472105,2,0.411675496554716,6306.12910389052
169,20,103835.801525764,1,1,3181.69342189262,0.857641196472105,2,0.411675496554716,6306.12910389052
169,21,105137.961950939,1,1,3181.69342189262,0.857641196472105,2,0.411675496554716,6306.12910389052
169,22,104530.684886818,1,1,3181.69342189262,0.857641196472105,2,0.411675496554716,6306.12910389052
169,23,109625.55255533,1,1,3181.69342189262,0.857641196472105,2,0.411675496554716,6306.12910389052
169,24,109521.25221515,1,1,3181.69342189262,0.857641196472105,2,0.411675496554716,6306.12910389052
170,1,78131.5361489522,1,0,2091.02992752402,0.75362583254464,4,-0.108863174536016,0
170,2,81825.5431519791,1,0,2091.02992752402,0.75362583254464,4,-0.108863174536016,0
170,3,76452.2452768397,1,0,2091.02992752402,0.75362583254464,4,-0.108863174536016,0
170,4,83655.7600348991,1,0,2091.02992752402,0.75362583254464,4,-0.108863174536016,0
170,5,80044.5673839677,1,0,2091.02992752402,0.75362583254464,4,-0.108863174536016,0
170,6,78983.2644587653,1,0,2091.02992752402,0.75362583254464,4,-0.108863174536016,0
170,7,79523.7268221323,1,0,2091.02992752402,0.75362583254464,4,-0.108863174536016,0
170,8,74335.9536419643,1,0,2091.02992752402,0.75362583254464,4,-0.108863174536016,0
170,9,74191.1654147189,1,0,2091.02992752402,0.75362583254464,4,-0.108863174536016,0
170,10,75222.9672510615,1,0,2091.02992752402,0.75362583254464,4,-0.108863174536016,0
170,11,77649.5503597852,1,0,2091.02992752402,0.75362583254464,4,-0.108863174536016,0
170,12,74686.1660512926,1,0,2091.02992752402,0.75362583254464,4,-0.108863174536016,0
170,13,86361.1127526917,1,1,2091.02992752402,0.75362583254464,4,-0.108863174536016,5552.76662885129
170,14,87132.7064000739,1,1,2091.02992752402,0.75362583254464,4,-0.108863174536016,5552.76662885129
170,15,95481.4216011603,1,1,2091.02992752402,0.75362583254464,4,-0.108863174536016,5552.76662885129
170,16,88422.8202782986,1,1,2091.02992752402,0.75362583254464,4,-0.108863174536016,5552.76662885129
170,17,90866.1380330125,1,1,2091.02992752402,0.75362583254464,4,-0.108863174536016,5552.76662885129
170,18,86904.5266295172,1,1,2091.02992752402,0.75362583254464,4,-0.108863174536016,5552.76662885129
170,19,80838.4503299515,1,1,2091.02992752402,0.75362583254464,4,-0.108863174536016,5552.76662885129
170,20,85155.5655567249,1,1,2091.02992752402,0.75362583254464,4,-0.108863174536016,5552.76662885129
170,21,80751.2276314381,1,1,2091.02992752402,0.75362583254464,4,-0.108863174536016,5552.76662885129
170,22,85550.0033931049,1,1,2091.02992752402,0.75362583254464,4,-0.108863174536016,5552.76662885129
170,23,86947.8478967613,1,1,2091.02992752402,0.75362583254464,4,-0.108863174536016,5552.76662885129
170,24,89590.434602886,1,1,2091.02992752402,0.75362583254464,4,-0.108863174536016,5552.76662885129
171,1,94922.1340709813,1,0,3585.16305427329,0.674906881712377,3,-0.142859425276384,0
171,2,95857.5681804817,1,0,3585.16305427329,0.674906881712377,3,-0.142859425276384,0
171,3,94225.8796463822,1,0,3585.16305427329,0.674906881712377,3,-0.142859425276384,0
171,4,96090.1735965218,1,0,3585.16305427329,0.674906881712377,3,-0.142859425276384,0
171,5,91945.7469262825,1,0,3585.16305427329,0.674906881712377,3,-0.142859425276384,0
171,6,90870.040621978,1,0,3585.16305427329,0.674906881712377,3,-0.142859425276384,0
171,7,92239.9883270473,1,0,3585.16305427329,0.674906881712377,3,-0.142859425276384,0
171,8,88979.9503300136,1,0,3585.16305427329,0.674906881712377,3,-0.142859425276384,0
171,9,84538.43856388,1,0,3585.16305427329,0.674906881712377,3,-0.142859425276384,0
171,10,88610.9698030847,1,0,3585.16305427329,0.674906881712377,3,-0.142859425276384,0
171,11,92506.7287232493,1,0,3585.16305427329,0.674906881712377,3,-0.142859425276384,0
171,12,94508.3739270395,1,0,3585.16305427329,0.674906881712377,3,-0.142859425276384,0
171,13,102311.427567246,1,1,3585.16305427329,0.674906881712377,3,-0.142859425276384,6142.3952905614
171,14,108667.886513028,1,1,3585.16305427329,0.674906881712377,3,-0.142859425276384,6142.3952905614
171,15,105465.739928395,1,1,3585.16305427329,0.674906881712377,3,-0.142859425276384,6142.3952905614
171,16,106444.991787651,1,1,3585.16305427329,0.674906881712377,3,-0.142859425276384,6142.3952905614
171,17,107907.619271399,1,1,3585.16305427329,0.674906881712377,3,-0.142859425276384,6142.3952905614
171,18,103465.161947035,1,1,3585.16305427329,0.674906881712377,3,-0.142859425276384,6142.3952905614
171,19,105475.509702394,1,1,3585.16305427329,0.674906881712377,3,-0.142859425276384,6142.3952905614
171,20,101605.609499391,1,1,3585.16305427329,0.674906881712377,3,-0.142859425276384,6142.3952905614
171,21,98887.0173179813,1,1,3585.16305427329,0.674906881712377,3,-0.142859425276384,6142.3952905614
171,22,105679.126733021,1,1,3585.16305427329,0.674906881712377,3,-0.142859425276384,6142.3952905614
171,23,102643.435127705,1,1,3585.16305427329,0.674906881712377,3,-0.142859425276384,6142.3952905614
171,24,104565.638241148,1,1,3585.16305427329,0.674906881712377,3,-0.142859425276384,6142.3952905614
172,1,97783.3648361756,0,0,3551.47582859961,0.707741381519008,1,0.277809937825211,0
172,2,100524.869149333,0,0,3551.47582859961,0.707741381519008,1,0.277809937825211,0
172,3,100276.122321937,0,0,3551.47582859961,0.707741381519008,1,0.277809937825211,0
172,4,98271.1839739139,0,0,3551.47582859961,0.707741381519008,1,0.277809937825211,0
172,5,97619.5971154758,0,0,3551.47582859961,0.707741381519008,1,0.277809937825211,0
172,6,99131.9582508187,0,0,3551.47582859961,0.707741381519008,1,0.277809937825211,0
172,7,97343.6995249612,0,0,3551.47582859961,0.707741381519008,1,0.277809937825211,0
172,8,94824.3030081566,0,0,3551.47582859961,0.707741381519008,1,0.277809937825211,0
172,9,92687.4456652108,0,0,3551.47582859961,0.707741381519008,1,0.277809937825211,0
172,10,94596.2117684872,0,0,3551.47582859961,0.707741381519008,1,0.277809937825211,0
172,11,97786.4482683265,0,0,3551.47582859961,0.707741381519008,1,0.277809937825211,0
172,12,98560.3632013144,0,0,3551.47582859961,0.707741381519008,1,0.277809937825211,0
172,13,108130.716907895,0,1,3551.47582859961,0.707741381519008,1,0.277809937825211,0
172,14,99622.7147812248,0,1,3551.47582859961,0.707741381519008,1,0.277809937825211,0
172,15,104885.39824506,0,1,3551.47582859961,0.707741381519008,1,0.277809937825211,0
172,16,105959.744173638,0,1,3551.47582859961,0.707741381519008,1,0.277809937825211,0
172,17,105387.873214693,0,1,3551.47582859961,0.707741381519008,1,0.277809937825211,0
172,18,104818.312116429,0,1,3551.47582859961,0.707741381519008,1,0.277809937825211,0
172,19,102378.936981364,0,1,3551.47582859961,0.707741381519008,1,0.277809937825211,0
172,20,99895.2166523756,0,1,3551.47582859961,0.707741381519008,1,0.277809937825211,0
172,21,99071.4657339349,0,1,3551.47582859961,0.707741381519008,1,0.277809937825211,0
172,22,102497.38691971,0,1,3551.47582859961,0.707741381519008,1,0.277809937825211,0
172,23,102075.720530893,0,1,3551.47582859961,0.707741381519008,1,0.277809937825211,0
172,24,111033.023263892,0,1,3551.47582859961,0.707741381519008,1,0.277809937825211,0
173,1,89558.0460152315,0,0,2885.41843664336,0.649918269284535,3,-0.528096956440865,0
173,2,87094.9402631571,0,0,2885.41843664336,0.649918269284535,3,-0.528096956440865,0
173,3,89979.7119768134,0,0,2885.41843664336,0.649918269284535,3,-0.528096956440865,0
173,4,88561.0046389527,0,0,2885.41843664336,0.649918269284535,3,-0.528096956440865,0
173,5,89759.5645005553,0,0,2885.41843664336,0.649918269284535,3,-0.528096956440865,0
173,6,84852.3006459657,0,0,2885.41843664336,0.649918269284535,3,-0.528096956440865,0
173,7,82264.4824749035,0,0,2885.41843664336,0.649918269284535,3,-0.528096956440865,0
173,8,81185.8642478788,0,0,2885.41843664336,0.649918269284535,3,-0.528096956440865,0
173,9,84765.3511440189,0,0,2885.41843664336,0.649918269284535,3,-0.528096956440865,0
173,10,80313.3043893295,0,0,2885.41843664336,0.649918269284535,3,-0.528096956440865,0
173,11,81886.1637577731,0,0,2885.41843664336,0.649918269284535,3,-0.528096956440865,0
173,12,87269.3835414247,0,0,2885.41843664336,0.649918269284535,3,-0.528096956440865,0
173,13,88720.2543978729,0,1,2885.41843664336,0.649918269284535,3,-0.528096956440865,0
173,14,90850.9829250718,0,1,2885.41843664336,0.649918269284535,3,-0.528096956440865,0
173,15,93147.6999639498,0,1,2885.41843664336,0.649918269284535,3,-0.528096956440865,0
173,16,91892.7075399734,0,1,2885.41843664336,0.649918269284535,3,-0.528096956440865,0
173,17,92500.1122319662,0,1,2885.41843664336,0.649918269284535,3,-0.528096956440865,0
173,18,91162.5653020994,0,1,2885.41843664336,0.649918269284535,3,-0.528096956440865,0
173,19,84757.7557435869,0,1,2885.41843664336,0.649918269284535,3,-0.528096956440865,0
173,20,83509.1164297294,0,1,2885.41843664336,0.649918269284535,3,-0.528096956440865,0
173,21,86798.3628215277,0,1,2885.41843664336,0.649918269284535,3,-0.528096956440865,0
173,22,89171.059130739,0,1,2885.41843664336,0.649918269284535,3,-0.528096956440865,0
173,23,90189.9750720668,0,1,2885.41843664336,0.649918269284535,3,-0.528096956440865,0
173,24,89700.140101671,0,1,2885.41843664336,0.649918269284535,3,-0.528096956440865,0
174,1,86618.2585960949,0,0,2686.80519701215,0.590329932433087,0,-0.286113811244734,0
174,2,90550.3120634066,0,0,2686.80519701215,0.590329932433087,0,-0.286113811244734,0
174,3,88541.3489330635,0,0,2686.80519701215,0.590329932433087,0,-0.286113811244734,0
174,4,91348.3144263469,0,0,2686.80519701215,0.590329932433087,0,-0.286113811244734,0
174,5,90464.4499751558,0,0,2686.80519701215,0.590329932433087,0,-0.286113811244734,0
174,6,86725.0378141569,0,0,2686.80519701215,0.590329932433087,0,-0.286113811244734,0
174,7,85366.2781971631,0,0,2686.80519701215,0.590329932433087,0,-0.286113811244734,0
174,8,83074.38572638,0,0,2686.80519701215,0.590329932433087,0,-0.286113811244734,0
174,9,86985.1847388841,0,0,2686.80519701215,0.590329932433087,0,-0.286113811244734,0
174,10,85594.8047063115,0,0,2686.80519701215,0.590329932433087,0,-0.286113811244734,0
174,11,88872.3753155834,0,0,2686.80519701215,0.590329932433087,0,-0.286113811244734,0
174,12,88612.3347512138,0,0,2686.80519701215,0.590329932433087,0,-0.286113811244734,0
174,13,94442.0516816203,0,1,2686.80519701215,0.590329932433087,0,-0.286113811244734,0
174,14,94304.434051813,0,1,2686.80519701215,0.590329932433087,0,-0.286113811244734,0
174,15,98104.565473888,0,1,2686.80519701215,0.590329932433087,0,-0.286113811244734,0
174,16,95944.6922778114,0,1,2686.80519701215,0.590329932433087,0,-0.286113811244734,0
174,17,94377.5752322475,0,1,2686.80519701215,0.590329932433087,0,-0.286113811244734,0
174,18,93564.8780147065,0,1,2686.80519701215,0.590329932433087,0,-0.286113811244734,0
174,19,87762.9826679196,0,1,2686.80519701215,0.590329932433087,0,-0.286113811244734,0
174,20,89941.8553924267,0,1,2686.80519701215,0.590329932433087,0,-0.286113811244734,0
174,21,89684.1459778975,0,1,2686.80519701215,0.590329932433087,0,-0.286113811244734,0
174,22,90825.9600976996,0,1,2686.80519701215,0.590329932433087,0,-0.286113811244734,0
174,23,93264.6742759689,0,1,2686.80519701215,0.590329932433087,0,-0.286113811244734,0
174,24,91293.82282571,0,1,2686.80519701215,0.590329932433087,0,-0.286113811244734,0
175,1,92423.6235355121,0,0,4188.45725980617,0.543316068360582,3,-0.463045506105884,0
175,2,101291.112052143,0,0,4188.45725980617,0.543316068360582,3,-0.463045506105884,0
175,3,100333.773325272,0,0,4188.45725980617,0.543316068360582,3,-0.463045506105884,0
175,4,101868.098347178,0,0,4188.45725980617,0.543316068360582,3,-0.463045506105884,0
175,5,97896.5038417314,0,0,4188.45725980617,0.543316068360582,3,-0.463045506105884,0
175,6,97378.0268734031,0,0,4188.45725980617,0.543316068360582,3,-0.463045506105884,0
175,7,93407.7486901775,0,0,4188.45725980617,0.543316068360582,3,-0.463045506105884,0
175,8,89504.7365148225,0,0,4188.45725980617,0.543316068360582,3,-0.463045506105884,0
175,9,94484.8811853356,0,0,4188.45725980617,0.543316068360582,3,-0.463045506105884,0
175,10,91098.8077436546,0,0,4188.45725980617,0.543316068360582,3,-0.463045506105884,0
175,11,93097.8067930037,0,0,4188.45725980617,0.543316068360582,3,-0.463045506105884,0
175,12,99086.9309948001,0,0,4188.45725980617,0.543316068360582,3,-0.463045506105884,0
175,13,103322.497787699,0,1,4188.45725980617,0.543316068360582,3,-0.463045506105884,0
175,14,104564.283457063,0,1,4188.45725980617,0.543316068360582,3,-0.463045506105884,0
175,15,102545.624414807,0,1,4188.45725980617,0.543316068360582,3,-0.463045506105884,0
175,16,105594.100114199,0,1,4188.45725980617,0.543316068360582,3,-0.463045506105884,0
175,17,101832.952371994,0,1,4188.45725980617,0.543316068360582,3,-0.463045506105884,0
175,18,99799.7926520537,0,1,4188.45725980617,0.543316068360582,3,-0.463045506105884,0
175,19,97325.7250967455,0,1,4188.45725980617,0.543316068360582,3,-0.463045506105884,0
175,20,96139.2331437606,0,1,4188.45725980617,0.543316068360582,3,-0.463045506105884,0
175,21,99262.0918088156,0,1,4188.45725980617,0.543316068360582,3,-0.463045506105884,0
175,22,96465.9806753548,0,1,4188.45725980617,0.543316068360582,3,-0.463045506105884,0
175,23,99360.4987598586,0,1,4188.45725980617,0.543316068360582,3,-0.463045506105884,0
175,24,103362.530288801,0,1,4188.45725980617,0.543316068360582,3,-0.463045506105884,0
176,1,81588.7810348397,1,0,2283.81287123175,0.825668036541902,4,0.0630450535993711,0
176,2,80144.6308405315,1,0,2283.81287123175,0.825668036541902,4,0.0630450535993711,0
176,3,83464.518158677,1,0,2283.81287123175,0.825668036541902,4,0.0630450535993711,0
176,4,83985.414375357,1,0,2283.81287123175,0.825668036541902,4,0.0630450535993711,0
176,5,81355.1729546471,1,0,2283.81287123175,0.825668036541902,4,0.0630450535993711,0
176,6,83147.5438118681,1,0,2283.81287123175,0.825668036541902,4,0.0630450535993711,0
176,7,80385.0362357767,1,0,2283.81287123175,0.825668036541902,4,0.0630450535993711,0
176,8,78875.4660810234,1,0,2283.81287123175,0.825668036541902,4,0.0630450535993711,0
176,9,77478.8071045081,1,0,2283.81287123175,0.825668036541902,4,0.0630450535993711,0
176,10,77589.3820753562,1,0,2283.81287123175,0.825668036541902,4,0.0630450535993711,0
176,11,82122.1802357396,1,0,2283.81287123175,0.825668036541902,4,0.0630450535993711,0
176,12,84390.3589906347,1,0,2283.81287123175,0.825668036541902,4,0.0630450535993711,0
176,13,90055.7727366806,1,1,2283.81287123175,0.825668036541902,4,0.0630450535993711,5793.24250869968
176,14,96629.4152150503,1,1,2283.81287123175,0.825668036541902,4,0.0630450535993711,5793.24250869968
176,15,99618.9850919433,1,1,2283.81287123175,0.825668036541902,4,0.0630450535993711,5793.24250869968
176,16,93851.5506600541,1,1,2283.81287123175,0.825668036541902,4,0.0630450535993711,5793.24250869968
176,17,94418.0542494121,1,1,2283.81287123175,0.825668036541902,4,0.0630450535993711,5793.24250869968
176,18,93077.3721257914,1,1,2283.81287123175,0.825668036541902,4,0.0630450535993711,5793.24250869968
176,19,91662.9778907766,1,1,2283.81287123175,0.825668036541902,4,0.0630450535993711,5793.24250869968
176,20,89143.0073072946,1,1,2283.81287123175,0.825668036541902,4,0.0630450535993711,5793.24250869968
176,21,90453.924741402,1,1,2283.81287123175,0.825668036541902,4,0.0630450535993711,5793.24250869968
176,22,87062.6565241637,1,1,2283.81287123175,0.825668036541902,4,0.0630450535993711,5793.24250869968
176,23,90983.727758582,1,1,2283.81287123175,0.825668036541902,4,0.0630450535993711,5793.24250869968
176,24,93316.0515587667,1,1,2283.81287123175,0.825668036541902,4,0.0630450535993711,5793.24250869968
177,1,84949.6017881556,1,0,2729.74494806188,0.554654335731175,2,-0.613689892631158,0
177,2,84961.0142735257,1,0,2729.74494806188,0.554654335731175,2,-0.613689892631158,0
177,3,89318.6767342563,1,0,2729.74494806188,0.554654335731175,2,-0.613689892631158,0
177,4,85828.3310859409,1,0,2729.74494806188,0.554654335731175,2,-0.613689892631158,0
177,5,86342.5255655266,1,0,2729.74494806188,0.554654335731175,2,-0.613689892631158,0
177,6,84575.5061258509,1,0,2729.74494806188,0.554654335731175,2,-0.613689892631158,0
177,7,82802.6044296988,1,0,2729.74494806188,0.554654335731175,2,-0.613689892631158,0
177,8,81041.1312936798,1,0,2729.74494806188,0.554654335731175,2,-0.613689892631158,0
177,9,78043.2297679291,1,0,2729.74494806188,0.554654335731175,2,-0.613689892631158,0
177,10,86221.7000191375,1,0,2729.74494806188,0.554654335731175,2,-0.613689892631158,0
177,11,83702.9454103142,1,0,2729.74494806188,0.554654335731175,2,-0.613689892631158,0
177,12,85019.0532140343,1,0,2729.74494806188,0.554654335731175,2,-0.613689892631158,0
177,13,94703.9739637433,1,1,2729.74494806188,0.554654335731175,2,-0.613689892631158,5474.18114549329
177,14,96981.6844915481,1,1,2729.74494806188,0.554654335731175,2,-0.613689892631158,5474.18114549329
177,15,98513.9244757899,1,1,2729.74494806188,0.554654335731175,2,-0.613689892631158,5474.18114549329
177,16,94963.4479360824,1,1,2729.74494806188,0.554654335731175,2,-0.613689892631158,5474.18114549329
177,17,95198.788730943,1,1,2729.74494806188,0.554654335731175,2,-0.613689892631158,5474.18114549329
177,18,91337.6059184891,1,1,2729.74494806188,0.554654335731175,2,-0.613689892631158,5474.18114549329
177,19,88591.6556050551,1,1,2729.74494806188,0.554654335731175,2,-0.613689892631158,5474.18114549329
177,20,91880.7744534395,1,1,2729.74494806188,0.554654335731175,2,-0.613689892631158,5474.18114549329
177,21,85299.4588779298,1,1,2729.74494806188,0.554654335731175,2,-0.613689892631158,5474.18114549329
177,22,89563.6825893021,1,1,2729.74494806188,0.554654335731175,2,-0.613689892631158,5474.18114549329
177,23,92426.0468177991,1,1,2729.74494806188,0.554654335731175,2,-0.613689892631158,5474.18114549329
177,24,94386.0723531975,1,1,2729.74494806188,0.554654335731175,2,-0.613689892631158,5474.18114549329
178,1,89318.9294791466,1,0,3076.12762433269,0.699848498485517,3,-0.322177093470029,0
178,2,89449.5630592232,1,0,3076.12762433269,0.699848498485517,3,-0.322177093470029,0
178,3,89497.5890176466,1,0,3076.12762433269,0.699848498485517,3,-0.322177093470029,0
178,4,94373.2782231751,1,0,3076.12762433269,0.699848498485517,3,-0.322177093470029,0
178,5,91246.7314190541,1,0,3076.12762433269,0.699848498485517,3,-0.322177093470029,0
178,6,90414.3711535107,1,0,3076.12762433269,0.699848498485517,3,-0.322177093470029,0
178,7,85843.1301338734,1,0,3076.12762433269,0.699848498485517,3,-0.322177093470029,0
178,8,86132.1229992074,1,0,3076.12762433269,0.699848498485517,3,-0.322177093470029,0
178,9,83041.6344943615,1,0,3076.12762433269,0.699848498485517,3,-0.322177093470029,0
178,10,84539.0163401611,1,0,3076.12762433269,0.699848498485517,3,-0.322177093470029,0
178,11,85071.0000241584,1,0,3076.12762433269,0.699848498485517,3,-0.322177093470029,0
178,12,91487.4715676217,1,0,3076.12762433269,0.699848498485517,3,-0.322177093470029,0
178,13,101756.153622941,1,1,3076.12762433269,0.699848498485517,3,-0.322177093470029,5937.76080913738
178,14,101936.358776223,1,1,3076.12762433269,0.699848498485517,3,-0.322177093470029,5937.76080913738
178,15,100679.965765153,1,1,3076.12762433269,0.699848498485517,3,-0.322177093470029,5937.76080913738
178,16,99883.4590379296,1,1,3076.12762433269,0.699848498485517,3,-0.322177093470029,5937.76080913738
178,17,98890.7856819489,1,1,3076.12762433269,0.699848498485517,3,-0.322177093470029,5937.76080913738
178,18,96802.7247369669,1,1,3076.12762433269,0.699848498485517,3,-0.322177093470029,5937.76080913738
178,19,95198.3496727595,1,1,3076.12762433269,0.699848498485517,3,-0.322177093470029,5937.76080913738
178,20,95566.6227151959,1,1,3076.12762433269,0.699848498485517,3,-0.322177093470029,5937.76080913738
178,21,97005.9946726766,1,1,3076.12762433269,0.699848498485517,3,-0.322177093470029,5937.76080913738
178,22,94936.942351145,1,1,3076.12762433269,0.699848498485517,3,-0.322177093470029,5937.76080913738
178,23,100680.438060751,1,1,3076.12762433269,0.699848498485517,3,-0.322177093470029,5937.76080913738
178,24,101687.161797041,1,1,3076.12762433269,0.699848498485517,3,-0.322177093470029,5937.76080913738
179,1,84215.3097524932,1,0,2175.7981185207,0.846905886440072,1,0.0477624157121987,0
179,2,84584.3495535716,1,0,2175.7981185207,0.846905886440072,1,0.0477624157121987,0
179,3,88358.5732424738,1,0,2175.7981185207,0.846905886440072,1,0.0477624157121987,0
179,4,93331.487155013,1,0,2175.7981185207,0.846905886440072,1,0.0477624157121987,0
179,5,91167.3986177875,1,0,2175.7981185207,0.846905886440072,1,0.0477624157121987,0
179,6,86120.4569539804,1,0,2175.7981185207,0.846905886440072,1,0.0477624157121987,0
179,7,82758.789744651,1,0,2175.7981185207,0.846905886440072,1,0.0477624157121987,0
179,8,78961.7544659821,1,0,2175.7981185207,0.846905886440072,1,0.0477624157121987,0
179,9,81883.7038529621,1,0,2175.7981185207,0.846905886440072,1,0.0477624157121987,0
179,10,86749.6378257922,1,0,2175.7981185207,0.846905886440072,1,0.0477624157121987,0
179,11,87723.4182586348,1,0,2175.7981185207,0.846905886440072,1,0.0477624157121987,0
179,12,83639.1766365618,1,0,2175.7981185207,0.846905886440072,1,0.0477624157121987,0
179,13,100024.753385563,1,1,2175.7981185207,0.846905886440072,1,0.0477624157121987,5781.7108321405
179,14,104000.120254686,1,1,2175.7981185207,0.846905886440072,1,0.0477624157121987,5781.7108321405
179,15,101943.708390079,1,1,2175.7981185207,0.846905886440072,1,0.0477624157121987,5781.7108321405
179,16,101441.311717232,1,1,2175.7981185207,0.846905886440072,1,0.0477624157121987,5781.7108321405
179,17,98741.7865082765,1,1,2175.7981185207,0.846905886440072,1,0.0477624157121987,5781.7108321405
179,18,97661.2790337896,1,1,2175.7981185207,0.846905886440072,1,0.0477624157121987,5781.7108321405
179,19,94300.8846864571,1,1,2175.7981185207,0.846905886440072,1,0.0477624157121987,5781.7108321405
179,20,96244.6759177798,1,1,2175.7981185207,0.846905886440072,1,0.0477624157121987,5781.7108321405
179,21,94524.6945544995,1,1,2175.7981185207,0.846905886440072,1,0.0477624157121987,5781.7108321405
179,22,95994.3049188055,1,1,2175.7981185207,0.846905886440072,1,0.0477624157121987,5781.7108321405
179,23,97093.1663819204,1,1,2175.7981185207,0.846905886440072,1,0.0477624157121987,5781.7108321405
179,24,99585.5446915681,1,1,2175.7981185207,0.846905886440072,1,0.0477624157121987,5781.7108321405
180,1,84480.8329176768,1,0,2221.72317982525,0.895940501219593,3,0.144624177513806,0
180,2,84525.7780691446,1,0,2221.72317982525,0.895940501219593,3,0.144624177513806,0
180,3,88892.5051281828,1,0,2221.72317982525,0.895940501219593,3,0.144624177513806,0
180,4,86968.37727159,1,0,2221.72317982525,0.895940501219593,3,0.144624177513806,0
180,5,83192.2976966405,1,0,2221.72317982525,0.895940501219593,3,0.144624177513806,0
180,6,83090.2863970181,1,0,2221.72317982525,0.895940501219593,3,0.144624177513806,0
180,7,79858.7154069366,1,0,2221.72317982525,0.895940501219593,3,0.144624177513806,0
180,8,78403.705645099,1,0,2221.72317982525,0.895940501219593,3,0.144624177513806,0
180,9,80058.3857699471,1,0,2221.72317982525,0.895940501219593,3,0.144624177513806,0
180,10,79367.3714912946,1,0,2221.72317982525,0.895940501219593,3,0.144624177513806,0
180,11,83519.8122006528,1,0,2221.72317982525,0.895940501219593,3,0.144624177513806,0
180,12,87826.2412763531,1,0,2221.72317982525,0.895940501219593,3,0.144624177513806,0
180,13,93656.1479387273,1,1,2221.72317982525,0.895940501219593,3,0.144624177513806,5902.74259235181
180,14,98006.8839531863,1,1,2221.72317982525,0.895940501219593,3,0.144624177513806,5902.74259235181
180,15,96800.8112349444,1,1,2221.72317982525,0.895940501219593,3,0.144624177513806,5902.74259235181
180,16,98485.715625864,1,1,2221.72317982525,0.895940501219593,3,0.144624177513806,5902.74259235181
180,17,101234.822925813,1,1,2221.72317982525,0.895940501219593,3,0.144624177513806,5902.74259235181
180,18,94688.7550158689,1,1,2221.72317982525,0.895940501219593,3,0.144624177513806,5902.74259235181
180,19,94408.0182691665,1,1,2221.72317982525,0.895940501219593,3,0.144624177513806,5902.74259235181
180,20,95524.3554553556,1,1,2221.72317982525,0.895940501219593,3,0.144624177513806,5902.74259235181
180,21,91023.2001304584,1,1,2221.72317982525,0.895940501219593,3,0.144624177513806,5902.74259235181
180,22,94899.9403760709,1,1,2221.72317982525,0.895940501219593,3,0.144624177513806,5902.74259235181
180,23,95710.2699396092,1,1,2221.72317982525,0.895940501219593,3,0.144624177513806,5902.74259235181
180,24,102161.73788073,1,1,2221.72317982525,0.895940501219593,3,0.144624177513806,5902.74259235181
181,1,90510.3920355824,1,0,2883.8894647391,0.94692294173874,4,0.586908558356636,0
181,2,89457.8564034589,1,0,2883.8894647391,0.94692294173874,4,0.586908558356636,0
181,3,87549.6272293383,1,0,2883.8894647391,0.94692294173874,4,0.586908558356636,0
181,4,92014.8621473094,1,0,2883.8894647391,0.94692294173874,4,0.586908558356636,0
181,5,89190.9427331496,1,0,2883.8894647391,0.94692294173874,4,0.586908558356636,0
181,6,89435.4539115652,1,0,2883.8894647391,0.94692294173874,4,0.586908558356636,0
181,7,84640.8157285601,1,0,2883.8894647391,0.94692294173874,4,0.586908558356636,0
181,8,91664.5527382651,1,0,2883.8894647391,0.94692294173874,4,0.586908558356636,0
181,9,84997.4342515155,1,0,2883.8894647391,0.94692294173874,4,0.586908558356636,0
181,10,83420.6350954314,1,0,2883.8894647391,0.94692294173874,4,0.586908558356636,0
181,11,87538.1319043312,1,0,2883.8894647391,0.94692294173874,4,0.586908558356636,0
181,12,91179.6992358495,1,0,2883.8894647391,0.94692294173874,4,0.586908558356636,0
181,13,106372.403072117,1,1,2883.8894647391,0.94692294173874,4,0.586908558356636,6335.79061584703
181,14,104472.486771199,1,1,2883.8894647391,0.94692294173874,4,0.586908558356636,6335.79061584703
181,15,108192.891862941,1,1,2883.8894647391,0.94692294173874,4,0.586908558356636,6335.79061584703
181,16,105968.584427416,1,1,2883.8894647391,0.94692294173874,4,0.586908558356636,6335.79061584703
181,17,105202.445515268,1,1,2883.8894647391,0.94692294173874,4,0.586908558356636,6335.79061584703
181,18,107504.071887013,1,1,2883.8894647391,0.94692294173874,4,0.586908558356636,6335.79061584703
181,19,102597.526981292,1,1,2883.8894647391,0.94692294173874,4,0.586908558356636,6335.79061584703
181,20,100308.025040125,1,1,2883.8894647391,0.94692294173874,4,0.586908558356636,6335.79061584703
181,21,99351.3132232259,1,1,2883.8894647391,0.94692294173874,4,0.586908558356636,6335.79061584703
181,22,101607.375523713,1,1,2883.8894647391,0.94692294173874,4,0.586908558356636,6335.79061584703
181,23,103470.47599887,1,1,2883.8894647391,0.94692294173874,4,0.586908558356636,6335.79061584703
181,24,106013.236716645,1,1,2883.8894647391,0.94692294173874,4,0.586908558356636,6335.79061584703
182,1,97048.4586020573,0,0,4188.38028068158,0.591329731920268,5,-0.0525500909592441,0
182,2,94316.9614378433,0,0,4188.38028068158,0.591329731920268,5,-0.0525500909592441,0
182,3,97623.2151677347,0,0,4188.38028068158,0.591329731920268,5,-0.0525500909592441,0
182,4,97228.0147816191,0,0,4188.38028068158,0.591329731920268,5,-0.0525500909592441,0
182,5,97258.8435330261,0,0,4188.38028068158,0.591329731920268,5,-0.0525500909592441,0
182,6,95134.142299704,0,0,4188.38028068158,0.591329731920268,5,-0.0525500909592441,0
182,7,88495.0388153077,0,0,4188.38028068158,0.591329731920268,5,-0.0525500909592441,0
182,8,93952.5441941093,0,0,4188.38028068158,0.591329731920268,5,-0.0525500909592441,0
182,9,90856.2887994904,0,0,4188.38028068158,0.591329731920268,5,-0.0525500909592441,0
182,10,92508.8981922324,0,0,4188.38028068158,0.591329731920268,5,-0.0525500909592441,0
182,11,94858.5564186918,0,0,4188.38028068158,0.591329731920268,5,-0.0525500909592441,0
182,12,97263.8429969311,0,0,4188.38028068158,0.591329731920268,5,-0.0525500909592441,0
182,13,100411.543347406,0,1,4188.38028068158,0.591329731920268,5,-0.0525500909592441,0
182,14,102326.936362961,0,1,4188.38028068158,0.591329731920268,5,-0.0525500909592441,0
182,15,105090.381277414,0,1,4188.38028068158,0.591329731920268,5,-0.0525500909592441,0
182,16,106044.240816451,0,1,4188.38028068158,0.591329731920268,5,-0.0525500909592441,0
182,17,102095.464952671,0,1,4188.38028068158,0.591329731920268,5,-0.0525500909592441,0
182,18,101134.967213551,0,1,4188.38028068158,0.591329731920268,5,-0.0525500909592441,0
182,19,99294.792468774,0,1,4188.38028068158,0.591329731920268,5,-0.0525500909592441,0
182,20,95391.4317752599,0,1,4188.38028068158,0.591329731920268,5,-0.0525500909592441,0
182,21,96409.8523617256,0,1,4188.38028068158,0.591329731920268,5,-0.0525500909592441,0
182,22,98036.7603584816,0,1,4188.38028068158,0.591329731920268,5,-0.0525500909592441,0
182,23,102039.468057305,0,1,4188.38028068158,0.591329731920268,5,-0.0525500909592441,0
182,24,99606.1309637839,0,1,4188.38028068158,0.591329731920268,5,-0.0525500909592441,0
183,1,67819.2717388007,1,0,1030.70207329496,0.71706103682518,2,-0.94140783179257,0
183,2,71011.8221036983,1,0,1030.70207329496,0.71706103682518,2,-0.94140783179257,0
183,3,69742.7103188247,1,0,1030.70207329496,0.71706103682518,2,-0.94140783179257,0
183,4,72605.0875873347,1,0,1030.70207329496,0.71706103682518,2,-0.94140783179257,0
183,5,70928.7765230156,1,0,1030.70207329496,0.71706103682518,2,-0.94140783179257,0
183,6,68095.4080117066,1,0,1030.70207329496,0.71706103682518,2,-0.94140783179257,0
183,7,67986.8314978834,1,0,1030.70207329496,0.71706103682518,2,-0.94140783179257,0
183,8,65767.1565754595,1,0,1030.70207329496,0.71706103682518,2,-0.94140783179257,0
183,9,65931.728923098,1,0,1030.70207329496,0.71706103682518,2,-0.94140783179257,0
183,10,66386.3237507695,1,0,1030.70207329496,0.71706103682518,2,-0.94140783179257,0
183,11,68271.4348040703,1,0,1030.70207329496,0.71706103682518,2,-0.94140783179257,0
183,12,71434.215129813,1,0,1030.70207329496,0.71706103682518,2,-0.94140783179257,0
183,13,78268.3917488301,1,1,1030.70207329496,0.71706103682518,2,-0.94140783179257,4949.47311029784
183,14,79726.6054495322,1,1,1030.70207329496,0.71706103682518,2,-0.94140783179257,4949.47311029784
183,15,81293.6859122763,1,1,1030.70207329496,0.71706103682518,2,-0.94140783179257,4949.47311029784
183,16,77094.0223294886,1,1,1030.70207329496,0.71706103682518,2,-0.94140783179257,4949.47311029784
183,17,78710.0668933573,1,1,1030.70207329496,0.71706103682518,2,-0.94140783179257,4949.47311029784
183,18,74421.6826547758,1,1,1030.70207329496,0.71706103682518,2,-0.94140783179257,4949.47311029784
183,19,75022.6886595072,1,1,1030.70207329496,0.71706103682518,2,-0.94140783179257,4949.47311029784
183,20,74713.7937731953,1,1,1030.70207329496,0.71706103682518,2,-0.94140783179257,4949.47311029784
183,21,71360.0924420657,1,1,1030.70207329496,0.71706103682518,2,-0.94140783179257,4949.47311029784
183,22,71337.750337724,1,1,1030.70207329496,0.71706103682518,2,-0.94140783179257,4949.47311029784
183,23,76978.0490244527,1,1,1030.70207329496,0.71706103682518,2,-0.94140783179257,4949.47311029784
183,24,79382.8927560176,1,1,1030.70207329496,0.71706103682518,2,-0.94140783179257,4949.47311029784
184,1,74248.9343868971,0,0,2332.99329072813,0.571394428936765,6,-0.911774568113894,0
184,2,73431.120257672,0,0,2332.99329072813,0.571394428936765,6,-0.911774568113894,0
184,3,73905.0991649496,0,0,2332.99329072813,0.571394428936765,6,-0.911774568113894,0
184,4,71626.3290846205,0,0,2332.99329072813,0.571394428936765,6,-0.911774568113894,0
184,5,72411.023782019,0,0,2332.99329072813,0.571394428936765,6,-0.911774568113894,0
184,6,68020.5269762846,0,0,2332.99329072813,0.571394428936765,6,-0.911774568113894,0
184,7,68659.8697377005,0,0,2332.99329072813,0.571394428936765,6,-0.911774568113894,0
184,8,67083.2633302629,0,0,2332.99329072813,0.571394428936765,6,-0.911774568113894,0
184,9,69279.0150462454,0,0,2332.99329072813,0.571394428936765,6,-0.911774568113894,0
184,10,66705.5464248535,0,0,2332.99329072813,0.571394428936765,6,-0.911774568113894,0
184,11,69280.790597131,0,0,2332.99329072813,0.571394428936765,6,-0.911774568113894,0
184,12,71846.3641102309,0,0,2332.99329072813,0.571394428936765,6,-0.911774568113894,0
184,13,74586.4390103426,0,1,2332.99329072813,0.571394428936765,6,-0.911774568113894,0
184,14,76700.1266888134,0,1,2332.99329072813,0.571394428936765,6,-0.911774568113894,0
184,15,78173.4746615538,0,1,2332.99329072813,0.571394428936765,6,-0.911774568113894,0
184,16,78711.7693983893,0,1,2332.99329072813,0.571394428936765,6,-0.911774568113894,0
184,17,76531.6811130315,0,1,2332.99329072813,0.571394428936765,6,-0.911774568113894,0
184,18,71282.0412833483,0,1,2332.99329072813,0.571394428936765,6,-0.911774568113894,0
184,19,71757.9498865104,0,1,2332.99329072813,0.571394428936765,6,-0.911774568113894,0
184,20,73042.0130051763,0,1,2332.99329072813,0.571394428936765,6,-0.911774568113894,0
184,21,67004.3261536677,0,1,2332.99329072813,0.571394428936765,6,-0.911774568113894,0
184,22,68969.0736763433,0,1,2332.99329072813,0.571394428936765,6,-0.911774568113894,0
184,23,75952.3986328121,0,1,2332.99329072813,0.571394428936765,6,-0.911774568113894,0
184,24,77482.0053232973,0,1,2332.99329072813,0.571394428936765,6,-0.911774568113894,0
185,1,98826.7397254009,1,0,3758.6225601721,0.911168146214913,2,1.08455705192466,0
185,2,105019.149793022,1,0,3758.6225601721,0.911168146214913,2,1.08455705192466,0
185,3,104367.963362005,1,0,3758.6225601721,0.911168146214913,2,1.08455705192466,0
185,4,102296.088583585,1,0,3758.6225601721,0.911168146214913,2,1.08455705192466,0
185,5,101477.539879275,1,0,3758.6225601721,0.911168146214913,2,1.08455705192466,0
185,6,100702.680577768,1,0,3758.6225601721,0.911168146214913,2,1.08455705192466,0
185,7,100699.326838872,1,0,3758.6225601721,0.911168146214913,2,1.08455705192466,0
185,8,98105.6724036067,1,0,3758.6225601721,0.911168146214913,2,1.08455705192466,0
185,9,98259.8001214908,1,0,3758.6225601721,0.911168146214913,2,1.08455705192466,0
185,10,101057.393748629,1,0,3758.6225601721,0.911168146214913,2,1.08455705192466,0
185,11,104350.862862226,1,0,3758.6225601721,0.911168146214913,2,1.08455705192466,0
185,12,104434.897507542,1,0,3758.6225601721,0.911168146214913,2,1.08455705192466,0
185,13,114993.916291836,1,1,3758.6225601721,0.911168146214913,2,1.08455705192466,6701.64757251588
185,14,117773.09744797,1,1,3758.6225601721,0.911168146214913,2,1.08455705192466,6701.64757251588
185,15,123891.754708552,1,1,3758.6225601721,0.911168146214913,2,1.08455705192466,6701.64757251588
185,16,119475.067044152,1,1,3758.6225601721,0.911168146214913,2,1.08455705192466,6701.64757251588
185,17,117042.801682519,1,1,3758.6225601721,0.911168146214913,2,1.08455705192466,6701.64757251588
185,18,118312.252548586,1,1,3758.6225601721,0.911168146214913,2,1.08455705192466,6701.64757251588
185,19,118675.978482819,1,1,3758.6225601721,0.911168146214913,2,1.08455705192466,6701.64757251588
185,20,114677.378341408,1,1,3758.6225601721,0.911168146214913,2,1.08455705192466,6701.64757251588
185,21,116316.604952518,1,1,3758.6225601721,0.911168146214913,2,1.08455705192466,6701.64757251588
185,22,117956.06530314,1,1,3758.6225601721,0.911168146214913,2,1.08455705192466,6701.64757251588
185,23,121581.34131945,1,1,3758.6225601721,0.911168146214913,2,1.08455705192466,6701.64757251588
185,24,122890.738460016,1,1,3758.6225601721,0.911168146214913,2,1.08455705192466,6701.64757251588
186,1,92861.4180395084,1,0,3769.63963104761,0.540908743964974,5,-0.255782886057875,0
186,2,92283.7290318514,1,0,3769.63963104761,0.540908743964974,5,-0.255782886057875,0
186,3,88962.6031526755,1,0,3769.63963104761,0.540908743964974,5,-0.255782886057875,0
186,4,93135.4150708016,1,0,3769.63963104761,0.540908743964974,5,-0.255782886057875,0
186,5,89426.3014494149,1,0,3769.63963104761,0.540908743964974,5,-0.255782886057875,0
186,6,88248.8517537109,1,0,3769.63963104761,0.540908743964974,5,-0.255782886057875,0
186,7,86788.2098085702,1,0,3769.63963104761,0.540908743964974,5,-0.255782886057875,0
186,8,85424.3766585531,1,0,3769.63963104761,0.540908743964974,5,-0.255782886057875,0
186,9,85268.1817665562,1,0,3769.63963104761,0.540908743964974,5,-0.255782886057875,0
186,10,82725.4200534209,1,0,3769.63963104761,0.540908743964974,5,-0.255782886057875,0
186,11,88793.7408301943,1,0,3769.63963104761,0.540908743964974,5,-0.255782886057875,0
186,12,88969.3277877525,1,0,3769.63963104761,0.540908743964974,5,-0.255782886057875,0
186,13,99462.4101434486,1,1,3769.63963104761,0.540908743964974,5,-0.255782886057875,5966.63730345375
186,14,102957.041351794,1,1,3769.63963104761,0.540908743964974,5,-0.255782886057875,5966.63730345375
186,15,101320.385701042,1,1,3769.63963104761,0.540908743964974,5,-0.255782886057875,5966.63730345375
186,16,105006.678245188,1,1,3769.63963104761,0.540908743964974,5,-0.255782886057875,5966.63730345375
186,17,103980.664418613,1,1,3769.63963104761,0.540908743964974,5,-0.255782886057875,5966.63730345375
186,18,101807.729148808,1,1,3769.63963104761,0.540908743964974,5,-0.255782886057875,5966.63730345375
186,19,96144.1997592815,1,1,3769.63963104761,0.540908743964974,5,-0.255782886057875,5966.63730345375
186,20,95672.7872765412,1,1,3769.63963104761,0.540908743964974,5,-0.255782886057875,5966.63730345375
186,21,91045.3533091584,1,1,3769.63963104761,0.540908743964974,5,-0.255782886057875,5966.63730345375
186,22,98337.1921624957,1,1,3769.63963104761,0.540908743964974,5,-0.255782886057875,5966.63730345375
186,23,98395.3550644965,1,1,3769.63963104761,0.540908743964974,5,-0.255782886057875,5966.63730345375
186,24,103717.074025619,1,1,3769.63963104761,0.540908743964974,5,-0.255782886057875,5966.63730345375
187,1,85723.3140688413,1,0,2198.89652874133,0.789098676037975,1,-0.180465871350174,0
187,2,87607.6094668757,1,0,2198.89652874133,0.789098676037975,1,-0.180465871350174,0
187,3,88583.1229920122,1,0,2198.89652874133,0.789098676037975,1,-0.180465871350174,0
187,4,87563.2903720983,1,0,2198.89652874133,0.789098676037975,1,-0.180465871350174,0
187,5,87296.2116023961,1,0,2198.89652874133,0.789098676037975,1,-0.180465871350174,0
187,6,83750.0257757224,1,0,2198.89652874133,0.789098676037975,1,-0.180465871350174,0
187,7,81552.8880997048,1,0,2198.89652874133,0.789098676037975,1,-0.180465871350174,0
187,8,81031.8876680662,1,0,2198.89652874133,0.789098676037975,1,-0.180465871350174,0
187,9,78187.6337935631,1,0,2198.89652874133,0.789098676037975,1,-0.180465871350174,0
187,10,82124.6177288785,1,0,2198.89652874133,0.789098676037975,1,-0.180465871350174,0
187,11,85035.3105344054,1,0,2198.89652874133,0.789098676037975,1,-0.180465871350174,0
187,12,85017.6258572564,1,0,2198.89652874133,0.789098676037975,1,-0.180465871350174,0
187,13,96375.8874319521,1,1,2198.89652874133,0.789098676037975,1,-0.180465871350174,5677.64561644662
187,14,96706.8298001289,1,1,2198.89652874133,0.789098676037975,1,-0.180465871350174,5677.64561644662
187,15,98960.5941581543,1,1,2198.89652874133,0.789098676037975,1,-0.180465871350174,5677.64561644662
187,16,95463.6983175991,1,1,2198.89652874133,0.789098676037975,1,-0.180465871350174,5677.64561644662
187,17,99097.946230951,1,1,2198.89652874133,0.789098676037975,1,-0.180465871350174,5677.64561644662
187,18,97100.8611709367,1,1,2198.89652874133,0.789098676037975,1,-0.180465871350174,5677.64561644662
187,19,92148.5882705339,1,1,2198.89652874133,0.789098676037975,1,-0.180465871350174,5677.64561644662
187,20,90180.1998707037,1,1,2198.89652874133,0.789098676037975,1,-0.180465871350174,5677.64561644662
187,21,92437.9850149489,1,1,2198.89652874133,0.789098676037975,1,-0.180465871350174,5677.64561644662
187,22,91018.0434755111,1,1,2198.89652874133,0.789098676037975,1,-0.180465871350174,5677.64561644662
187,23,98568.5690055386,1,1,2198.89652874133,0.789098676037975,1,-0.180465871350174,5677.64561644662
187,24,99527.7743343644,1,1,2198.89652874133,0.789098676037975,1,-0.180465871350174,5677.64561644662
188,1,91925.1945880342,1,0,3388.79611776434,0.742348229093477,3,0.466964370075032,0
188,2,95724.4167687749,1,0,3388.79611776434,0.742348229093477,3,0.466964370075032,0
188,3,96471.5057674822,1,0,3388.79611776434,0.742348229093477,3,0.466964370075032,0
188,4,95060.7640418813,1,0,3388.79611776434,0.742348229093477,3,0.466964370075032,0
188,5,93280.8967563616,1,0,3388.79611776434,0.742348229093477,3,0.466964370075032,0
188,6,93874.3824770244,1,0,3388.79611776434,0.742348229093477,3,0.466964370075032,0
188,7,91127.8261859446,1,0,3388.79611776434,0.742348229093477,3,0.466964370075032,0
188,8,90346.2095741852,1,0,3388.79611776434,0.742348229093477,3,0.466964370075032,0
188,9,92561.0648456791,1,0,3388.79611776434,0.742348229093477,3,0.466964370075032,0
188,10,93606.0999411293,1,0,3388.79611776434,0.742348229093477,3,0.466964370075032,0
188,11,92846.3434683644,1,0,3388.79611776434,0.742348229093477,3,0.466964370075032,0
188,12,96260.5900117585,1,0,3388.79611776434,0.742348229093477,3,0.466964370075032,0
188,13,105393.756031353,1,1,3388.79611776434,0.742348229093477,3,0.466964370075032,6179.09451706913
188,14,108736.449458908,1,1,3388.79611776434,0.742348229093477,3,0.466964370075032,6179.09451706913
188,15,109153.960948721,1,1,3388.79611776434,0.742348229093477,3,0.466964370075032,6179.09451706913
188,16,111185.953441072,1,1,3388.79611776434,0.742348229093477,3,0.466964370075032,6179.09451706913
188,17,109108.693321593,1,1,3388.79611776434,0.742348229093477,3,0.466964370075032,6179.09451706913
188,18,107514.155616362,1,1,3388.79611776434,0.742348229093477,3,0.466964370075032,6179.09451706913
188,19,103619.429355479,1,1,3388.79611776434,0.742348229093477,3,0.466964370075032,6179.09451706913
188,20,103500.207408362,1,1,3388.79611776434,0.742348229093477,3,0.466964370075032,6179.09451706913
188,21,102349.881872981,1,1,3388.79611776434,0.742348229093477,3,0.466964370075032,6179.09451706913
188,22,104136.664505578,1,1,3388.79611776434,0.742348229093477,3,0.466964370075032,6179.09451706913
188,23,107213.031132547,1,1,3388.79611776434,0.742348229093477,3,0.466964370075032,6179.09451706913
188,24,108022.641988192,1,1,3388.79611776434,0.742348229093477,3,0.466964370075032,6179.09451706913
189,1,86124.5332864312,1,0,3220.09633613133,0.792819132644217,4,0.406651973820047,0
189,2,94091.8123686574,1,0,3220.09633613133,0.792819132644217,4,0.406651973820047,0
189,3,92089.0669464048,1,0,3220.09633613133,0.792819132644217,4,0.406651973820047,0
189,4,91539.4729250185,1,0,3220.09633613133,0.792819132644217,4,0.406651973820047,0
189,5,94891.2740935826,1,0,3220.09633613133,0.792819132644217,4,0.406651973820047,0
189,6,94170.2437683552,1,0,3220.09633613133,0.792819132644217,4,0.406651973820047,0
189,7,87350.982945702,1,0,3220.09633613133,0.792819132644217,4,0.406651973820047,0
189,8,86525.8253793525,1,0,3220.09633613133,0.792819132644217,4,0.406651973820047,0
189,9,87353.5358749698,1,0,3220.09633613133,0.792819132644217,4,0.406651973820047,0
189,10,90801.3185862677,1,0,3220.09633613133,0.792819132644217,4,0.406651973820047,0
189,11,91369.7514921395,1,0,3220.09633613133,0.792819132644217,4,0.406651973820047,0
189,12,94567.387640913,1,0,3220.09633613133,0.792819132644217,4,0.406651973820047,0
189,13,99295.2330285086,1,1,3220.09633613133,0.792819132644217,4,0.406651973820047,6195.6864333541
189,14,105404.60972813,1,1,3220.09633613133,0.792819132644217,4,0.406651973820047,6195.6864333541
189,15,106503.197631718,1,1,3220.09633613133,0.792819132644217,4,0.406651973820047,6195.6864333541
189,16,108283.035297319,1,1,3220.09633613133,0.792819132644217,4,0.406651973820047,6195.6864333541
189,17,108339.784822496,1,1,3220.09633613133,0.792819132644217,4,0.406651973820047,6195.6864333541
189,18,104481.075133893,1,1,3220.09633613133,0.792819132644217,4,0.406651973820047,6195.6864333541
189,19,103704.442994759,1,1,3220.09633613133,0.792819132644217,4,0.406651973820047,6195.6864333541
189,20,97716.0505171041,1,1,3220.09633613133,0.792819132644217,4,0.406651973820047,6195.6864333541
189,21,99518.0566357337,1,1,3220.09633613133,0.792819132644217,4,0.406651973820047,6195.6864333541
189,22,102831.764570888,1,1,3220.09633613133,0.792819132644217,4,0.406651973820047,6195.6864333541
189,23,104630.328455622,1,1,3220.09633613133,0.792819132644217,4,0.406651973820047,6195.6864333541
189,24,109549.683550175,1,1,3220.09633613133,0.792819132644217,4,0.406651973820047,6195.6864333541
190,1,65490.5876158469,0,0,1806.50552019466,0.768543716869317,10,-0.643704903857537,0
190,2,61013.1958374045,0,0,1806.50552019466,0.768543716869317,10,-0.643704903857537,0
190,3,66759.0189712056,0,0,1806.50552019466,0.768543716869317,10,-0.643704903857537,0
190,4,60950.2330166284,0,0,1806.50552019466,0.768543716869317,10,-0.643704903857537,0
190,5,63686.4344383511,0,0,1806.50552019466,0.768543716869317,10,-0.643704903857537,0
190,6,60301.9784774468,0,0,1806.50552019466,0.768543716869317,10,-0.643704903857537,0
190,7,57341.5526236217,0,0,1806.50552019466,0.768543716869317,10,-0.643704903857537,0
190,8,58261.955660394,0,0,1806.50552019466,0.768543716869317,10,-0.643704903857537,0
190,9,55159.8440461279,0,0,1806.50552019466,0.768543716869317,10,-0.643704903857537,0
190,10,61738.3011380508,0,0,1806.50552019466,0.768543716869317,10,-0.643704903857537,0
190,11,62550.5995075736,0,0,1806.50552019466,0.768543716869317,10,-0.643704903857537,0
190,12,63867.6611760922,0,0,1806.50552019466,0.768543716869317,10,-0.643704903857537,0
190,13,65221.9592842008,0,1,1806.50552019466,0.768543716869317,10,-0.643704903857537,0
190,14,68399.4591638385,0,1,1806.50552019466,0.768543716869317,10,-0.643704903857537,0
190,15,69398.402615624,0,1,1806.50552019466,0.768543716869317,10,-0.643704903857537,0
190,16,69165.3035644307,0,1,1806.50552019466,0.768543716869317,10,-0.643704903857537,0
190,17,68070.6107914843,0,1,1806.50552019466,0.768543716869317,10,-0.643704903857537,0
190,18,64750.2614957192,0,1,1806.50552019466,0.768543716869317,10,-0.643704903857537,0
190,19,64488.0253283512,0,1,1806.50552019466,0.768543716869317,10,-0.643704903857537,0
190,20,58927.2824422591,0,1,1806.50552019466,0.768543716869317,10,-0.643704903857537,0
190,21,61092.5106027057,0,1,1806.50552019466,0.768543716869317,10,-0.643704903857537,0
190,22,57077.6204631204,0,1,1806.50552019466,0.768543716869317,10,-0.643704903857537,0
190,23,64609.9164414907,0,1,1806.50552019466,0.768543716869317,10,-0.643704903857537,0
190,24,66045.5752734206,0,1,1806.50552019466,0.768543716869317,10,-0.643704903857537,0
191,1,92607.8183023969,1,0,3368.64536930643,0.907145927054807,5,0.559847474203394,0
191,2,92429.8365199218,1,0,3368.64536930643,0.907145927054807,5,0.559847474203394,0
191,3,95818.7743427213,1,0,3368.64536930643,0.907145927054807,5,0.559847474203394,0
191,4,95606.6070287933,1,0,3368.64536930643,0.907145927054807,5,0.559847474203394,0
191,5,95147.2098391949,1,0,3368.64536930643,0.907145927054807,5,0.559847474203394,0
191,6,94344.7958442641,1,0,3368.64536930643,0.907145927054807,5,0.559847474203394,0
191,7,90211.3047545892,1,0,3368.64536930643,0.907145927054807,5,0.559847474203394,0
191,8,86548.3225779709,1,0,3368.64536930643,0.907145927054807,5,0.559847474203394,0
191,9,88785.6148584489,1,0,3368.64536930643,0.907145927054807,5,0.559847474203394,0
191,10,88280.6398867733,1,0,3368.64536930643,0.907145927054807,5,0.559847474203394,0
191,11,91687.2287958962,1,0,3368.64536930643,0.907145927054807,5,0.559847474203394,0
191,12,91445.9478469525,1,0,3368.64536930643,0.907145927054807,5,0.559847474203394,0
191,13,107762.872605269,1,1,3368.64536930643,0.907145927054807,5,0.559847474203394,6498.61453876283
191,14,106174.679043601,1,1,3368.64536930643,0.907145927054807,5,0.559847474203394,6498.61453876283
191,15,107462.245204109,1,1,3368.64536930643,0.907145927054807,5,0.559847474203394,6498.61453876283
191,16,109872.9644678,1,1,3368.64536930643,0.907145927054807,5,0.559847474203394,6498.61453876283
191,17,104265.009979534,1,1,3368.64536930643,0.907145927054807,5,0.559847474203394,6498.61453876283
191,18,102204.684400031,1,1,3368.64536930643,0.907145927054807,5,0.559847474203394,6498.61453876283
191,19,103767.717713484,1,1,3368.64536930643,0.907145927054807,5,0.559847474203394,6498.61453876283
191,20,100382.08653853,1,1,3368.64536930643,0.907145927054807,5,0.559847474203394,6498.61453876283
191,21,103567.978530473,1,1,3368.64536930643,0.907145927054807,5,0.559847474203394,6498.61453876283
191,22,105560.161647949,1,1,3368.64536930643,0.907145927054807,5,0.559847474203394,6498.61453876283
191,23,105837.899894199,1,1,3368.64536930643,0.907145927054807,5,0.559847474203394,6498.61453876283
191,24,111421.709343605,1,1,3368.64536930643,0.907145927054807,5,0.559847474203394,6498.61453876283
192,1,93281.8941747271,1,0,3922.28533688007,0.876749853219371,4,0.766316045816257,0
192,2,101374.477946325,1,0,3922.28533688007,0.876749853219371,4,0.766316045816257,0
192,3,101388.476589552,1,0,3922.28533688007,0.876749853219371,4,0.766316045816257,0
192,4,101356.346346864,1,0,3922.28533688007,0.876749853219371,4,0.766316045816257,0
192,5,101389.473022981,1,0,3922.28533688007,0.876749853219371,4,0.766316045816257,0
192,6,98744.8916850463,1,0,3922.28533688007,0.876749853219371,4,0.766316045816257,0
192,7,100014.314941562,1,0,3922.28533688007,0.876749853219371,4,0.766316045816257,0
192,8,97309.5547368709,1,0,3922.28533688007,0.876749853219371,4,0.766316045816257,0
192,9,96257.2798912983,1,0,3922.28533688007,0.876749853219371,4,0.766316045816257,0
192,10,95989.3447353038,1,0,3922.28533688007,0.876749853219371,4,0.766316045816257,0
192,11,101627.503417407,1,0,3922.28533688007,0.876749853219371,4,0.766316045816257,0
192,12,105716.479180959,1,0,3922.28533688007,0.876749853219371,4,0.766316045816257,0
192,13,111823.303435579,1,1,3922.28533688007,0.876749853219371,4,0.766316045816257,6714.64237487878
192,14,113669.89501817,1,1,3922.28533688007,0.876749853219371,4,0.766316045816257,6714.64237487878
192,15,117272.167350863,1,1,3922.28533688007,0.876749853219371,4,0.766316045816257,6714.64237487878
192,16,117125.708141579,1,1,3922.28533688007,0.876749853219371,4,0.766316045816257,6714.64237487878
192,17,119368.423537112,1,1,3922.28533688007,0.876749853219371,4,0.766316045816257,6714.64237487878
192,18,112818.87523897,1,1,3922.28533688007,0.876749853219371,4,0.766316045816257,6714.64237487878
192,19,114191.454082185,1,1,3922.28533688007,0.876749853219371,4,0.766316045816257,6714.64237487878
192,20,111191.036439709,1,1,3922.28533688007,0.876749853219371,4,0.766316045816257,6714.64237487878
192,21,109848.280037876,1,1,3922.28533688007,0.876749853219371,4,0.766316045816257,6714.64237487878
192,22,112870.679345155,1,1,3922.28533688007,0.876749853219371,4,0.766316045816257,6714.64237487878
192,23,112857.087275461,1,1,3922.28533688007,0.876749853219371,4,0.766316045816257,6714.64237487878
192,24,119856.453081052,1,1,3922.28533688007,0.876749853219371,4,0.766316045816257,6714.64237487878
193,1,80521.3401636268,0,0,2083.93000406872,0.501839408441447,1,-1.118840508562,0
193,2,84584.0275302095,0,0,2083.93000406872,0.501839408441447,1,-1.118840508562,0
193,3,82395.8394810479,0,0,2083.93000406872,0.501839408441447,1,-1.118840508562,0
193,4,84229.7919635465,0,0,2083.93000406872,0.501839408441447,1,-1.118840508562,0
193,5,76911.8103485477,0,0,2083.93000406872,0.501839408441447,1,-1.118840508562,0
193,6,75081.0298671652,0,0,2083.93000406872,0.501839408441447,1,-1.118840508562,0
193,7,78164.7939196484,0,0,2083.93000406872,0.501839408441447,1,-1.118840508562,0
193,8,72166.5651965778,0,0,2083.93000406872,0.501839408441447,1,-1.118840508562,0
193,9,73160.7882140631,0,0,2083.93000406872,0.501839408441447,1,-1.118840508562,0
193,10,73382.9413716475,0,0,2083.93000406872,0.501839408441447,1,-1.118840508562,0
193,11,72739.0591266842,0,0,2083.93000406872,0.501839408441447,1,-1.118840508562,0
193,12,78122.8444012145,0,0,2083.93000406872,0.501839408441447,1,-1.118840508562,0
193,13,77838.7062424964,0,1,2083.93000406872,0.501839408441447,1,-1.118840508562,0
193,14,86322.4138165375,0,1,2083.93000406872,0.501839408441447,1,-1.118840508562,0
193,15,82917.654587205,0,1,2083.93000406872,0.501839408441447,1,-1.118840508562,0
193,16,83338.9845313336,0,1,2083.93000406872,0.501839408441447,1,-1.118840508562,0
193,17,79663.4304131287,0,1,2083.93000406872,0.501839408441447,1,-1.118840508562,0
193,18,78812.3381204665,0,1,2083.93000406872,0.501839408441447,1,-1.118840508562,0
193,19,77287.8670382703,0,1,2083.93000406872,0.501839408441447,1,-1.118840508562,0
193,20,75911.2456808753,0,1,2083.93000406872,0.501839408441447,1,-1.118840508562,0
193,21,75521.3775711478,0,1,2083.93000406872,0.501839408441447,1,-1.118840508562,0
193,22,70338.0073385852,0,1,2083.93000406872,0.501839408441447,1,-1.118840508562,0
193,23,78287.130840925,0,1,2083.93000406872,0.501839408441447,1,-1.118840508562,0
193,24,84511.8059945402,0,1,2083.93000406872,0.501839408441447,1,-1.118840508562,0
194,1,84392.6720215766,1,0,2448.74774058436,0.670640133414418,2,-0.548817769642395,0
194,2,87614.859089042,1,0,2448.74774058436,0.670640133414418,2,-0.548817769642395,0
194,3,86496.911315016,1,0,2448.74774058436,0.670640133414418,2,-0.548817769642395,0
194,4,85196.1708763529,1,0,2448.74774058436,0.670640133414418,2,-0.548817769642395,0
194,5,84421.859606967,1,0,2448.74774058436,0.670640133414418,2,-0.548817769642395,0
194,6,79925.8542286954,1,0,2448.74774058436,0.670640133414418,2,-0.548817769642395,0
194,7,81436.6595089524,1,0,2448.74774058436,0.670640133414418,2,-0.548817769642395,0
194,8,76505.2029452094,1,0,2448.74774058436,0.670640133414418,2,-0.548817769642395,0
194,9,78590.1963278164,1,0,2448.74774058436,0.670640133414418,2,-0.548817769642395,0
194,10,78638.8456585495,1,0,2448.74774058436,0.670640133414418,2,-0.548817769642395,0
194,11,82247.5613956677,1,0,2448.74774058436,0.670640133414418,2,-0.548817769642395,0
194,12,84928.3535261075,1,0,2448.74774058436,0.670640133414418,2,-0.548817769642395,0
194,13,91484.5353558049,1,1,2448.74774058436,0.670640133414418,2,-0.548817769642395,5565.65413712101
194,14,96786.5637241419,1,1,2448.74774058436,0.670640133414418,2,-0.548817769642395,5565.65413712101
194,15,97314.8188148091,1,1,2448.74774058436,0.670640133414418,2,-0.548817769642395,5565.65413712101
194,16,98340.2377155471,1,1,2448.74774058436,0.670640133414418,2,-0.548817769642395,5565.65413712101
194,17,93680.2543950888,1,1,2448.74774058436,0.670640133414418,2,-0.548817769642395,5565.65413712101
194,18,90857.4021528857,1,1,2448.74774058436,0.670640133414418,2,-0.548817769642395,5565.65413712101
194,19,87319.8538043723,1,1,2448.74774058436,0.670640133414418,2,-0.548817769642395,5565.65413712101
194,20,86776.3866461041,1,1,2448.74774058436,0.670640133414418,2,-0.548817769642395,5565.65413712101
194,21,88859.8066291669,1,1,2448.74774058436,0.670640133414418,2,-0.548817769642395,5565.65413712101
194,22,90491.9389948554,1,1,2448.74774058436,0.670640133414418,2,-0.548817769642395,5565.65413712101
194,23,89394.1281213593,1,1,2448.74774058436,0.670640133414418,2,-0.548817769642395,5565.65413712101
194,24,93482.6821941001,1,1,2448.74774058436,0.670640133414418,2,-0.548817769642395,5565.65413712101
195,1,93900.3716149923,0,0,4442.64332630663,0.534821809025016,6,-0.21420565871009,0
195,2,92400.7964827702,0,0,4442.64332630663,0.534821809025016,6,-0.21420565871009,0
195,3,98073.7780606126,0,0,4442.64332630663,0.534821809025016,6,-0.21420565871009,0
195,4,95985.6748641499,0,0,4442.64332630663,0.534821809025016,6,-0.21420565871009,0
195,5,94477.6472078236,0,0,4442.64332630663,0.534821809025016,6,-0.21420565871009,0
195,6,89735.5009770025,0,0,4442.64332630663,0.534821809025016,6,-0.21420565871009,0
195,7,89385.4396396534,0,0,4442.64332630663,0.534821809025016,6,-0.21420565871009,0
195,8,90052.6733151879,0,0,4442.64332630663,0.534821809025016,6,-0.21420565871009,0
195,9,89566.2448527364,0,0,4442.64332630663,0.534821809025016,6,-0.21420565871009,0
195,10,85132.0780559221,0,0,4442.64332630663,0.534821809025016,6,-0.21420565871009,0
195,11,92766.0815332726,0,0,4442.64332630663,0.534821809025016,6,-0.21420565871009,0
195,12,96821.0596418698,0,0,4442.64332630663,0.534821809025016,6,-0.21420565871009,0
195,13,97012.2652719653,0,1,4442.64332630663,0.534821809025016,6,-0.21420565871009,0
195,14,99449.1858339102,0,1,4442.64332630663,0.534821809025016,6,-0.21420565871009,0
195,15,101147.296513094,0,1,4442.64332630663,0.534821809025016,6,-0.21420565871009,0
195,16,102539.806254402,0,1,4442.64332630663,0.534821809025016,6,-0.21420565871009,0
195,17,100693.396723597,0,1,4442.64332630663,0.534821809025016,6,-0.21420565871009,0
195,18,97219.5524572096,0,1,4442.64332630663,0.534821809025016,6,-0.21420565871009,0
195,19,95358.8394752832,0,1,4442.64332630663,0.534821809025016,6,-0.21420565871009,0
195,20,95996.159706022,0,1,4442.64332630663,0.534821809025016,6,-0.21420565871009,0
195,21,95426.5287192339,0,1,4442.64332630663,0.534821809025016,6,-0.21420565871009,0
195,22,95040.4376578485,0,1,4442.64332630663,0.534821809025016,6,-0.21420565871009,0
195,23,98167.6975431618,0,1,4442.64332630663,0.534821809025016,6,-0.21420565871009,0
195,24,103581.045220851,0,1,4442.64332630663,0.534821809025016,6,-0.21420565871009,0
196,1,102719.739823422,1,0,3852.68079570252,0.69975555051351,1,0.250227082266266,0
196,2,100455.994245599,1,0,3852.68079570252,0.69975555051351,1,0.250227082266266,0
196,3,103857.860820778,1,0,3852.68079570252,0.69975555051351,1,0.250227082266266,0
196,4,103528.851313933,1,0,3852.68079570252,0.69975555051351,1,0.250227082266266,0
196,5,104267.4369812,1,0,3852.68079570252,0.69975555051351,1,0.250227082266266,0
196,6,96206.0634126656,1,0,3852.68079570252,0.69975555051351,1,0.250227082266266,0
196,7,99877.7980254761,1,0,3852.68079570252,0.69975555051351,1,0.250227082266266,0
196,8,94202.5378506238,1,0,3852.68079570252,0.69975555051351,1,0.250227082266266,0
196,9,99038.4599715443,1,0,3852.68079570252,0.69975555051351,1,0.250227082266266,0
196,10,99544.1628918923,1,0,3852.68079570252,0.69975555051351,1,0.250227082266266,0
196,11,98725.1211076279,1,0,3852.68079570252,0.69975555051351,1,0.250227082266266,0
196,12,105192.374201181,1,0,3852.68079570252,0.69975555051351,1,0.250227082266266,0
196,13,114080.093962684,1,1,3852.68079570252,0.69975555051351,1,0.250227082266266,6325.85149887828
196,14,119921.572311565,1,1,3852.68079570252,0.69975555051351,1,0.250227082266266,6325.85149887828
196,15,119613.038567727,1,1,3852.68079570252,0.69975555051351,1,0.250227082266266,6325.85149887828
196,16,116301.27556076,1,1,3852.68079570252,0.69975555051351,1,0.250227082266266,6325.85149887828
196,17,112897.615641292,1,1,3852.68079570252,0.69975555051351,1,0.250227082266266,6325.85149887828
196,18,113886.551621133,1,1,3852.68079570252,0.69975555051351,1,0.250227082266266,6325.85149887828
196,19,108543.200154831,1,1,3852.68079570252,0.69975555051351,1,0.250227082266266,6325.85149887828
196,20,107860.366712935,1,1,3852.68079570252,0.69975555051351,1,0.250227082266266,6325.85149887828
196,21,110208.740358823,1,1,3852.68079570252,0.69975555051351,1,0.250227082266266,6325.85149887828
196,22,110749.255291479,1,1,3852.68079570252,0.69975555051351,1,0.250227082266266,6325.85149887828
196,23,114436.372761388,1,1,3852.68079570252,0.69975555051351,1,0.250227082266266,6325.85149887828
196,24,115976.765050185,1,1,3852.68079570252,0.69975555051351,1,0.250227082266266,6325.85149887828
197,1,97212.7986505371,1,0,3475.00193713314,0.928188671497628,2,0.796256234692407,0
197,2,100209.799431474,1,0,3475.00193713314,0.928188671497628,2,0.796256234692407,0
197,3,105984.206446614,1,0,3475.00193713314,0.928188671497628,2,0.796256234692407,0
197,4,103528.144684631,1,0,3475.00193713314,0.928188671497628,2,0.796256234692407,0
197,5,99894.8899838149,1,0,3475.00193713314,0.928188671497628,2,0.796256234692407,0
197,6,100938.497184258,1,0,3475.00193713314,0.928188671497628,2,0.796256234692407,0
197,7,93255.8981853386,1,0,3475.00193713314,0.928188671497628,2,0.796256234692407,0
197,8,96602.4925232943,1,0,3475.00193713314,0.928188671497628,2,0.796256234692407,0
197,9,95458.540811415,1,0,3475.00193713314,0.928188671497628,2,0.796256234692407,0
197,10,96409.1619193444,1,0,3475.00193713314,0.928188671497628,2,0.796256234692407,0
197,11,98821.9328687617,1,0,3475.00193713314,0.928188671497628,2,0.796256234692407,0
197,12,102439.975967087,1,0,3475.00193713314,0.928188671497628,2,0.796256234692407,0
197,13,114309.86607089,1,1,3475.00193713314,0.928188671497628,2,0.796256234692407,6593.87831156183
197,14,118485.782101034,1,1,3475.00193713314,0.928188671497628,2,0.796256234692407,6593.87831156183
197,15,116309.060454991,1,1,3475.00193713314,0.928188671497628,2,0.796256234692407,6593.87831156183
197,16,120803.754487522,1,1,3475.00193713314,0.928188671497628,2,0.796256234692407,6593.87831156183
197,17,117652.485955914,1,1,3475.00193713314,0.928188671497628,2,0.796256234692407,6593.87831156183
197,18,116921.214857055,1,1,3475.00193713314,0.928188671497628,2,0.796256234692407,6593.87831156183
197,19,111511.079559218,1,1,3475.00193713314,0.928188671497628,2,0.796256234692407,6593.87831156183
197,20,111614.973843628,1,1,3475.00193713314,0.928188671497628,2,0.796256234692407,6593.87831156183
197,21,111187.22506042,1,1,3475.00193713314,0.928188671497628,2,0.796256234692407,6593.87831156183
197,22,114633.907224124,1,1,3475.00193713314,0.928188671497628,2,0.796256234692407,6593.87831156183
197,23,114368.768197075,1,1,3475.00193713314,0.928188671497628,2,0.796256234692407,6593.87831156183
197,24,123247.173368841,1,1,3475.00193713314,0.928188671497628,2,0.796256234692407,6593.87831156183
198,1,83479.6328649349,0,0,2947.87474048666,0.628204217168968,4,-0.523424108965081,0
198,2,86212.4809089128,0,0,2947.87474048666,0.628204217168968,4,-0.523424108965081,0
198,3,90276.4400617226,0,0,2947.87474048666,0.628204217168968,4,-0.523424108965081,0
198,4,86416.6269075795,0,0,2947.87474048666,0.628204217168968,4,-0.523424108965081,0
198,5,85043.732986599,0,0,2947.87474048666,0.628204217168968,4,-0.523424108965081,0
198,6,81453.5617173278,0,0,2947.87474048666,0.628204217168968,4,-0.523424108965081,0
198,7,79910.2945305397,0,0,2947.87474048666,0.628204217168968,4,-0.523424108965081,0
198,8,80513.2093358639,0,0,2947.87474048666,0.628204217168968,4,-0.523424108965081,0
198,9,76624.0309186899,0,0,2947.87474048666,0.628204217168968,4,-0.523424108965081,0
198,10,80644.7209730714,0,0,2947.87474048666,0.628204217168968,4,-0.523424108965081,0
198,11,86234.7003002754,0,0,2947.87474048666,0.628204217168968,4,-0.523424108965081,0
198,12,82652.0224174054,0,0,2947.87474048666,0.628204217168968,4,-0.523424108965081,0
198,13,87746.804507432,0,1,2947.87474048666,0.628204217168968,4,-0.523424108965081,0
198,14,90968.5756864208,0,1,2947.87474048666,0.628204217168968,4,-0.523424108965081,0
198,15,91891.269920775,0,1,2947.87474048666,0.628204217168968,4,-0.523424108965081,0
198,16,88829.6817572052,0,1,2947.87474048666,0.628204217168968,4,-0.523424108965081,0
198,17,89554.0322737327,0,1,2947.87474048666,0.628204217168968,4,-0.523424108965081,0
198,18,89440.3918117307,0,1,2947.87474048666,0.628204217168968,4,-0.523424108965081,0
198,19,87981.759725932,0,1,2947.87474048666,0.628204217168968,4,-0.523424108965081,0
198,20,81860.1300664629,0,1,2947.87474048666,0.628204217168968,4,-0.523424108965081,0
198,21,77884.3710144309,0,1,2947.87474048666,0.628204217168968,4,-0.523424108965081,0
198,22,85918.8556882329,0,1,2947.87474048666,0.628204217168968,4,-0.523424108965081,0
198,23,84246.4058110218,0,1,2947.87474048666,0.628204217168968,4,-0.523424108965081,0
198,24,94421.1473774403,0,1,2947.87474048666,0.628204217168968,4,-0.523424108965081,0
199,1,81705.4385690244,1,0,2589.4863179085,0.503764723218046,2,-0.705838276890397,0
199,2,83873.8711074294,1,0,2589.4863179085,0.503764723218046,2,-0.705838276890397,0
199,3,85144.8578398253,1,0,2589.4863179085,0.503764723218046,2,-0.705838276890397,0
199,4,87537.2858488499,1,0,2589.4863179085,0.503764723218046,2,-0.705838276890397,0
199,5,83220.8773866907,1,0,2589.4863179085,0.503764723218046,2,-0.705838276890397,0
199,6,81456.0633542627,1,0,2589.4863179085,0.503764723218046,2,-0.705838276890397,0
199,7,76743.6370534056,1,0,2589.4863179085,0.503764723218046,2,-0.705838276890397,0
199,8,78843.1135457315,1,0,2589.4863179085,0.503764723218046,2,-0.705838276890397,0
199,9,78673.1006056333,1,0,2589.4863179085,0.503764723218046,2,-0.705838276890397,0
199,10,77122.2600389955,1,0,2589.4863179085,0.503764723218046,2,-0.705838276890397,0
199,11,81987.159631593,1,0,2589.4863179085,0.503764723218046,2,-0.705838276890397,0
199,12,79919.0317400652,1,0,2589.4863179085,0.503764723218046,2,-0.705838276890397,0
199,13,89350.8446240198,1,1,2589.4863179085,0.503764723218046,2,-0.705838276890397,5302.27260539034
199,14,91636.8105417342,1,1,2589.4863179085,0.503764723218046,2,-0.705838276890397,5302.27260539034
199,15,95804.1042017491,1,1,2589.4863179085,0.503764723218046,2,-0.705838276890397,5302.27260539034
199,16,94498.0220055977,1,1,2589.4863179085,0.503764723218046,2,-0.705838276890397,5302.27260539034
199,17,90718.3493475353,1,1,2589.4863179085,0.503764723218046,2,-0.705838276890397,5302.27260539034
199,18,88924.6650248816,1,1,2589.4863179085,0.503764723218046,2,-0.705838276890397,5302.27260539034
199,19,88318.1262272496,1,1,2589.4863179085,0.503764723218046,2,-0.705838276890397,5302.27260539034
199,20,82997.1324168256,1,1,2589.4863179085,0.503764723218046,2,-0.705838276890397,5302.27260539034
199,21,87688.5852062413,1,1,2589.4863179085,0.503764723218046,2,-0.705838276890397,5302.27260539034
199,22,87626.9472442386,1,1,2589.4863179085,0.503764723218046,2,-0.705838276890397,5302.27260539034
199,23,87347.8721892559,1,1,2589.4863179085,0.503764723218046,2,-0.705838276890397,5302.27260539034
199,24,90795.7206658375,1,1,2589.4863179085,0.503764723218046,2,-0.705838276890397,5302.27260539034
200,1,92297.9922526542,0,0,3509.36592969974,0.852479437773582,5,0.424120363423756,0
200,2,89887.9233798093,0,0,3509.36592969974,0.852479437773582,5,0.424120363423756,0
200,3,94574.2754371231,0,0,3509.36592969974,0.852479437773582,5,0.424120363423756,0
200,4,95806.8850593736,0,0,3509.36592969974,0.852479437773582,5,0.424120363423756,0
200,5,92815.920906336,0,0,3509.36592969974,0.852479437773582,5,0.424120363423756,0
200,6,96192.296806869,0,0,3509.36592969974,0.852479437773582,5,0.424120363423756,0
200,7,93069.1515822057,0,0,3509.36592969974,0.852479437773582,5,0.424120363423756,0
200,8,89587.3306930148,0,0,3509.36592969974,0.852479437773582,5,0.424120363423756,0
200,9,89331.4564569689,0,0,3509.36592969974,0.852479437773582,5,0.424120363423756,0
200,10,91858.9486859969,0,0,3509.36592969974,0.852479437773582,5,0.424120363423756,0
200,11,88630.1338468651,0,0,3509.36592969974,0.852479437773582,5,0.424120363423756,0
200,12,94826.1263420695,0,0,3509.36592969974,0.852479437773582,5,0.424120363423756,0
200,13,101301.349564551,0,1,3509.36592969974,0.852479437773582,5,0.424120363423756,0
200,14,106165.947981695,0,1,3509.36592969974,0.852479437773582,5,0.424120363423756,0
200,15,97884.9249660575,0,1,3509.36592969974,0.852479437773582,5,0.424120363423756,0
200,16,100473.950914938,0,1,3509.36592969974,0.852479437773582,5,0.424120363423756,0
200,17,99295.2685809639,0,1,3509.36592969974,0.852479437773582,5,0.424120363423756,0
200,18,100199.2383061,0,1,3509.36592969974,0.852479437773582,5,0.424120363423756,0
200,19,98255.3496335178,0,1,3509.36592969974,0.852479437773582,5,0.424120363423756,0
200,20,97209.533952645,0,1,3509.36592969974,0.852479437773582,5,0.424120363423756,0
200,21,96329.1071731709,0,1,3509.36592969974,0.852479437773582,5,0.424120363423756,0
200,22,98823.4091441701,0,1,3509.36592969974,0.852479437773582,5,0.424120363423756,0
200,23,98110.5295870747,0,1,3509.36592969974,0.852479437773582,5,0.424120363423756,0
200,24,105627.862388022,0,1,3509.36592969974,0.852479437773582,5,0.424120363423756,0
201,1,93306.4885643266,1,0,2964.19585262382,0.946267190249637,2,0.943058328672751,0
201,2,96938.3584792803,1,0,2964.19585262382,0.946267190249637,2,0.943058328672751,0
201,3,98912.392225324,1,0,2964.19585262382,0.946267190249637,2,0.943058328672751,0
201,4,98738.8472822485,1,0,2964.19585262382,0.946267190249637,2,0.943058328672751,0
201,5,96277.2382379566,1,0,2964.19585262382,0.946267190249637,2,0.943058328672751,0
201,6,92811.05071896,1,0,2964.19585262382,0.946267190249637,2,0.943058328672751,0
201,7,89433.8050940762,1,0,2964.19585262382,0.946267190249637,2,0.943058328672751,0
201,8,94968.4922337401,1,0,2964.19585262382,0.946267190249637,2,0.943058328672751,0
201,9,90179.1735196887,1,0,2964.19585262382,0.946267190249637,2,0.943058328672751,0
201,10,90068.8590530468,1,0,2964.19585262382,0.946267190249637,2,0.943058328672751,0
201,11,95425.5422439091,1,0,2964.19585262382,0.946267190249637,2,0.943058328672751,0
201,12,101277.657908,1,0,2964.19585262382,0.946267190249637,2,0.943058328672751,0
201,13,109620.842750458,1,1,2964.19585262382,0.946267190249637,2,0.943058328672751,6374.63230681118
201,14,110002.056764075,1,1,2964.19585262382,0.946267190249637,2,0.943058328672751,6374.63230681118
201,15,113722.142136521,1,1,2964.19585262382,0.946267190249637,2,0.943058328672751,6374.63230681118
201,16,112986.377795771,1,1,2964.19585262382,0.946267190249637,2,0.943058328672751,6374.63230681118
201,17,109317.343608447,1,1,2964.19585262382,0.946267190249637,2,0.943058328672751,6374.63230681118
201,18,112270.650190345,1,1,2964.19585262382,0.946267190249637,2,0.943058328672751,6374.63230681118
201,19,106853.275997885,1,1,2964.19585262382,0.946267190249637,2,0.943058328672751,6374.63230681118
201,20,108163.553898879,1,1,2964.19585262382,0.946267190249637,2,0.943058328672751,6374.63230681118
201,21,111049.00642161,1,1,2964.19585262382,0.946267190249637,2,0.943058328672751,6374.63230681118
201,22,108946.104982174,1,1,2964.19585262382,0.946267190249637,2,0.943058328672751,6374.63230681118
201,23,111799.414120669,1,1,2964.19585262382,0.946267190249637,2,0.943058328672751,6374.63230681118
201,24,118369.75876658,1,1,2964.19585262382,0.946267190249637,2,0.943058328672751,6374.63230681118
202,1,85736.8849731678,1,0,2696.00228848287,0.687277653813362,2,-0.0908794440446945,0
202,2,90219.7323239693,1,0,2696.00228848287,0.687277653813362,2,-0.0908794440446945,0
202,3,94327.3784965916,1,0,2696.00228848287,0.687277653813362,2,-0.0908794440446945,0
202,4,90053.656611356,1,0,2696.00228848287,0.687277653813362,2,-0.0908794440446945,0
202,5,90436.2008708864,1,0,2696.00228848287,0.687277653813362,2,-0.0908794440446945,0
202,6,87516.710333191,1,0,2696.00228848287,0.687277653813362,2,-0.0908794440446945,0
202,7,86709.7072853652,1,0,2696.00228848287,0.687277653813362,2,-0.0908794440446945,0
202,8,84167.5501416042,1,0,2696.00228848287,0.687277653813362,2,-0.0908794440446945,0
202,9,81222.7897107947,1,0,2696.00228848287,0.687277653813362,2,-0.0908794440446945,0
202,10,87183.9074566047,1,0,2696.00228848287,0.687277653813362,2,-0.0908794440446945,0
202,11,86447.6373243884,1,0,2696.00228848287,0.687277653813362,2,-0.0908794440446945,0
202,12,89820.4770340555,1,0,2696.00228848287,0.687277653813362,2,-0.0908794440446945,0
202,13,92113.3603114115,1,1,2696.00228848287,0.687277653813362,2,-0.0908794440446945,5722.55645186816
202,14,100400.409663343,1,1,2696.00228848287,0.687277653813362,2,-0.0908794440446945,5722.55645186816
202,15,101136.630876311,1,1,2696.00228848287,0.687277653813362,2,-0.0908794440446945,5722.55645186816
202,16,99597.399594601,1,1,2696.00228848287,0.687277653813362,2,-0.0908794440446945,5722.55645186816
202,17,98296.3622141511,1,1,2696.00228848287,0.687277653813362,2,-0.0908794440446945,5722.55645186816
202,18,98307.8578658141,1,1,2696.00228848287,0.687277653813362,2,-0.0908794440446945,5722.55645186816
202,19,97077.4725877454,1,1,2696.00228848287,0.687277653813362,2,-0.0908794440446945,5722.55645186816
202,20,94351.4277753335,1,1,2696.00228848287,0.687277653813362,2,-0.0908794440446945,5722.55645186816
202,21,90993.7306842431,1,1,2696.00228848287,0.687277653813362,2,-0.0908794440446945,5722.55645186816
202,22,93167.6757312965,1,1,2696.00228848287,0.687277653813362,2,-0.0908794440446945,5722.55645186816
202,23,96604.8323454019,1,1,2696.00228848287,0.687277653813362,2,-0.0908794440446945,5722.55645186816
202,24,98229.6253269539,1,1,2696.00228848287,0.687277653813362,2,-0.0908794440446945,5722.55645186816
203,1,88330.071880892,1,0,3366.16793664744,0.713357133639511,4,0.0124495186876412,0
203,2,92821.7080353224,1,0,3366.16793664744,0.713357133639511,4,0.0124495186876412,0
203,3,89232.817585422,1,0,3366.16793664744,0.713357133639511,4,0.0124495186876412,0
203,4,91256.3945448342,1,0,3366.16793664744,0.713357133639511,4,0.0124495186876412,0
203,5,88397.4258710858,1,0,3366.16793664744,0.713357133639511,4,0.0124495186876412,0
203,6,89255.1830386922,1,0,3366.16793664744,0.713357133639511,4,0.0124495186876412,0
203,7,89756.2243314289,1,0,3366.16793664744,0.713357133639511,4,0.0124495186876412,0
203,8,84130.4750556713,1,0,3366.16793664744,0.713357133639511,4,0.0124495186876412,0
203,9,84453.8480959266,1,0,3366.16793664744,0.713357133639511,4,0.0124495186876412,0
203,10,84833.3168416466,1,0,3366.16793664744,0.713357133639511,4,0.0124495186876412,0
203,11,88694.6641865587,1,0,3366.16793664744,0.713357133639511,4,0.0124495186876412,0
203,12,95648.3680764426,1,0,3366.16793664744,0.713357133639511,4,0.0124495186876412,0
203,13,101083.062795542,1,1,3366.16793664744,0.713357133639511,4,0.0124495186876412,6109.79823560274
203,14,103231.717822817,1,1,3366.16793664744,0.713357133639511,4,0.0124495186876412,6109.79823560274
203,15,106652.263523909,1,1,3366.16793664744,0.713357133639511,4,0.0124495186876412,6109.79823560274
203,16,103459.240711485,1,1,3366.16793664744,0.713357133639511,4,0.0124495186876412,6109.79823560274
203,17,104876.961459072,1,1,3366.16793664744,0.713357133639511,4,0.0124495186876412,6109.79823560274
203,18,104457.802240354,1,1,3366.16793664744,0.713357133639511,4,0.0124495186876412,6109.79823560274
203,19,96307.3166883115,1,1,3366.16793664744,0.713357133639511,4,0.0124495186876412,6109.79823560274
203,20,97813.5006830279,1,1,3366.16793664744,0.713357133639511,4,0.0124495186876412,6109.79823560274
203,21,98507.45952615,1,1,3366.16793664744,0.713357133639511,4,0.0124495186876412,6109.79823560274
203,22,97983.5776577661,1,1,3366.16793664744,0.713357133639511,4,0.0124495186876412,6109.79823560274
203,23,102940.018683301,1,1,3366.16793664744,0.713357133639511,4,0.0124495186876412,6109.79823560274
203,24,103157.014068525,1,1,3366.16793664744,0.713357133639511,4,0.0124495186876412,6109.79823560274
204,1,100378.612249501,1,0,3871.59378041447,0.92153772279853,3,0.680159888418371,0
204,2,103593.831262225,1,0,3871.59378041447,0.92153772279853,3,0.680159888418371,0
204,3,103256.552105195,1,0,3871.59378041447,0.92153772279853,3,0.680159888418371,0
204,4,102710.994819951,1,0,3871.59378041447,0.92153772279853,3,0.680159888418371,0
204,5,104539.643080152,1,0,3871.59378041447,0.92153772279853,3,0.680159888418371,0
204,6,102083.932582896,1,0,3871.59378041447,0.92153772279853,3,0.680159888418371,0
204,7,98566.9370555183,1,0,3871.59378041447,0.92153772279853,3,0.680159888418371,0
204,8,96304.4415963937,1,0,3871.59378041447,0.92153772279853,3,0.680159888418371,0
204,9,98345.0616190002,1,0,3871.59378041447,0.92153772279853,3,0.680159888418371,0
204,10,98259.5457686697,1,0,3871.59378041447,0.92153772279853,3,0.680159888418371,0
204,11,102680.287010561,1,0,3871.59378041447,0.92153772279853,3,0.680159888418371,0
204,12,106395.679851473,1,0,3871.59378041447,0.92153772279853,3,0.680159888418371,0
204,13,112419.90773882,1,1,3871.59378041447,0.92153772279853,3,0.680159888418371,6778.8723358043
204,14,119211.758248784,1,1,3871.59378041447,0.92153772279853,3,0.680159888418371,6778.8723358043
204,15,118548.069149684,1,1,3871.59378041447,0.92153772279853,3,0.680159888418371,6778.8723358043
204,16,120951.709477301,1,1,3871.59378041447,0.92153772279853,3,0.680159888418371,6778.8723358043
204,17,117816.075429775,1,1,3871.59378041447,0.92153772279853,3,0.680159888418371,6778.8723358043
204,18,117465.317209715,1,1,3871.59378041447,0.92153772279853,3,0.680159888418371,6778.8723358043
204,19,119447.114620418,1,1,3871.59378041447,0.92153772279853,3,0.680159888418371,6778.8723358043
204,20,115516.061785518,1,1,3871.59378041447,0.92153772279853,3,0.680159888418371,6778.8723358043
204,21,114652.048837238,1,1,3871.59378041447,0.92153772279853,3,0.680159888418371,6778.8723358043
204,22,112121.332144481,1,1,3871.59378041447,0.92153772279853,3,0.680159888418371,6778.8723358043
204,23,118209.031036642,1,1,3871.59378041447,0.92153772279853,3,0.680159888418371,6778.8723358043
204,24,120346.417010036,1,1,3871.59378041447,0.92153772279853,3,0.680159888418371,6778.8723358043
205,1,71785.6840457009,1,0,1136.07703041142,0.901976188994013,6,-0.107247532116539,0
205,2,70772.2948522698,1,0,1136.07703041142,0.901976188994013,6,-0.107247532116539,0
205,3,67959.0599711386,1,0,1136.07703041142,0.901976188994013,6,-0.107247532116539,0
205,4,67532.2367686837,1,0,1136.07703041142,0.901976188994013,6,-0.107247532116539,0
205,5,68587.022145209,1,0,1136.07703041142,0.901976188994013,6,-0.107247532116539,0
205,6,68443.6021620704,1,0,1136.07703041142,0.901976188994013,6,-0.107247532116539,0
205,7,65641.5937825855,1,0,1136.07703041142,0.901976188994013,6,-0.107247532116539,0
205,8,62723.6671785622,1,0,1136.07703041142,0.901976188994013,6,-0.107247532116539,0
205,9,61288.8098674439,1,0,1136.07703041142,0.901976188994013,6,-0.107247532116539,0
205,10,64988.8522094123,1,0,1136.07703041142,0.901976188994013,6,-0.107247532116539,0
205,11,66149.7929486389,1,0,1136.07703041142,0.901976188994013,6,-0.107247532116539,0
205,12,70935.0820727616,1,0,1136.07703041142,0.901976188994013,6,-0.107247532116539,0
205,13,79681.2046886834,1,1,1136.07703041142,0.901976188994013,6,-0.107247532116539,5371.99089319374
205,14,75252.2375354565,1,1,1136.07703041142,0.901976188994013,6,-0.107247532116539,5371.99089319374
205,15,79395.3782886726,1,1,1136.07703041142,0.901976188994013,6,-0.107247532116539,5371.99089319374
205,16,82308.7135240288,1,1,1136.07703041142,0.901976188994013,6,-0.107247532116539,5371.99089319374
205,17,82438.8806203226,1,1,1136.07703041142,0.901976188994013,6,-0.107247532116539,5371.99089319374
205,18,75820.789275185,1,1,1136.07703041142,0.901976188994013,6,-0.107247532116539,5371.99089319374
205,19,76925.8533810979,1,1,1136.07703041142,0.901976188994013,6,-0.107247532116539,5371.99089319374
205,20,71024.8048832924,1,1,1136.07703041142,0.901976188994013,6,-0.107247532116539,5371.99089319374
205,21,72483.4354822231,1,1,1136.07703041142,0.901976188994013,6,-0.107247532116539,5371.99089319374
205,22,74900.2259270448,1,1,1136.07703041142,0.901976188994013,6,-0.107247532116539,5371.99089319374
205,23,76758.814866747,1,1,1136.07703041142,0.901976188994013,6,-0.107247532116539,5371.99089319374
205,24,79321.1263200279,1,1,1136.07703041142,0.901976188994013,6,-0.107247532116539,5371.99089319374
206,1,71408.0122155774,1,0,1149.28681364597,0.914490745938383,2,-0.0651233409112783,0
206,2,79277.6272801797,1,0,1149.28681364597,0.914490745938383,2,-0.0651233409112783,0
206,3,78623.0691189424,1,0,1149.28681364597,0.914490745938383,2,-0.0651233409112783,0
206,4,77119.8815033884,1,0,1149.28681364597,0.914490745938383,2,-0.0651233409112783,0
206,5,81384.6580406787,1,0,1149.28681364597,0.914490745938383,2,-0.0651233409112783,0
206,6,75498.0579334295,1,0,1149.28681364597,0.914490745938383,2,-0.0651233409112783,0
206,7,74471.6132033144,1,0,1149.28681364597,0.914490745938383,2,-0.0651233409112783,0
206,8,72632.0430728575,1,0,1149.28681364597,0.914490745938383,2,-0.0651233409112783,0
206,9,74282.6377888938,1,0,1149.28681364597,0.914490745938383,2,-0.0651233409112783,0
206,10,73392.1216342894,1,0,1149.28681364597,0.914490745938383,2,-0.0651233409112783,0
206,11,74050.9782329096,1,0,1149.28681364597,0.914490745938383,2,-0.0651233409112783,0
206,12,74906.9285395504,1,0,1149.28681364597,0.914490745938383,2,-0.0651233409112783,0
206,13,81590.7785315781,1,1,1149.28681364597,0.914490745938383,2,-0.0651233409112783,5403.62489869975
206,14,87828.6151509956,1,1,1149.28681364597,0.914490745938383,2,-0.0651233409112783,5403.62489869975
206,15,87271.1791727845,1,1,1149.28681364597,0.914490745938383,2,-0.0651233409112783,5403.62489869975
206,16,86148.4783322218,1,1,1149.28681364597,0.914490745938383,2,-0.0651233409112783,5403.62489869975
206,17,86238.4429635103,1,1,1149.28681364597,0.914490745938383,2,-0.0651233409112783,5403.62489869975
206,18,84339.5485321256,1,1,1149.28681364597,0.914490745938383,2,-0.0651233409112783,5403.62489869975
206,19,82003.1870150723,1,1,1149.28681364597,0.914490745938383,2,-0.0651233409112783,5403.62489869975
206,20,80923.5736244476,1,1,1149.28681364597,0.914490745938383,2,-0.0651233409112783,5403.62489869975
206,21,80893.4249685443,1,1,1149.28681364597,0.914490745938383,2,-0.0651233409112783,5403.62489869975
206,22,84947.6509195936,1,1,1149.28681364597,0.914490745938383,2,-0.0651233409112783,5403.62489869975
206,23,87347.1110227779,1,1,1149.28681364597,0.914490745938383,2,-0.0651233409112783,5403.62489869975
206,24,91382.3166307773,1,1,1149.28681364597,0.914490745938383,2,-0.0651233409112783,5403.62489869975
207,1,80512.5765452503,1,0,2606.73282756423,0.519749027339276,3,-0.961016325960898,0
207,2,81007.20529253,1,0,2606.73282756423,0.519749027339276,3,-0.961016325960898,0
207,3,83016.4645863183,1,0,2606.73282756423,0.519749027339276,3,-0.961016325960898,0
207,4,84625.9126924924,1,0,2606.73282756423,0.519749027339276,3,-0.961016325960898,0
207,5,79061.1557112423,1,0,2606.73282756423,0.519749027339276,3,-0.961016325960898,0
207,6,79089.8815555409,1,0,2606.73282756423,0.519749027339276,3,-0.961016325960898,0
207,7,76913.6219593244,1,0,2606.73282756423,0.519749027339276,3,-0.961016325960898,0
207,8,73938.9814319254,1,0,2606.73282756423,0.519749027339276,3,-0.961016325960898,0
207,9,77407.1670291417,1,0,2606.73282756423,0.519749027339276,3,-0.961016325960898,0
207,10,75262.068967793,1,0,2606.73282756423,0.519749027339276,3,-0.961016325960898,0
207,11,76305.3302446816,1,0,2606.73282756423,0.519749027339276,3,-0.961016325960898,0
207,12,80923.2008681812,1,0,2606.73282756423,0.519749027339276,3,-0.961016325960898,0
207,13,90797.6659337928,1,1,2606.73282756423,0.519749027339276,3,-0.961016325960898,5342.86446846067
207,14,92390.1608198635,1,1,2606.73282756423,0.519749027339276,3,-0.961016325960898,5342.86446846067
207,15,90195.0417773221,1,1,2606.73282756423,0.519749027339276,3,-0.961016325960898,5342.86446846067
207,16,89375.8314036736,1,1,2606.73282756423,0.519749027339276,3,-0.961016325960898,5342.86446846067
207,17,90530.5016740167,1,1,2606.73282756423,0.519749027339276,3,-0.961016325960898,5342.86446846067
207,18,88840.7753543947,1,1,2606.73282756423,0.519749027339276,3,-0.961016325960898,5342.86446846067
207,19,82762.5582031912,1,1,2606.73282756423,0.519749027339276,3,-0.961016325960898,5342.86446846067
207,20,81592.0050384861,1,1,2606.73282756423,0.519749027339276,3,-0.961016325960898,5342.86446846067
207,21,80891.7623619115,1,1,2606.73282756423,0.519749027339276,3,-0.961016325960898,5342.86446846067
207,22,81404.9117191298,1,1,2606.73282756423,0.519749027339276,3,-0.961016325960898,5342.86446846067
207,23,86148.7448073102,1,1,2606.73282756423,0.519749027339276,3,-0.961016325960898,5342.86446846067
207,24,84683.9868023426,1,1,2606.73282756423,0.519749027339276,3,-0.961016325960898,5342.86446846067
208,1,93484.4991609314,1,0,3414.89143088435,0.52086740215309,2,-0.70874373737958,0
208,2,94940.5901842637,1,0,3414.89143088435,0.52086740215309,2,-0.70874373737958,0
208,3,94429.6734819774,1,0,3414.89143088435,0.52086740215309,2,-0.70874373737958,0
208,4,94281.421413546,1,0,3414.89143088435,0.52086740215309,2,-0.70874373737958,0
208,5,93604.2924006789,1,0,3414.89143088435,0.52086740215309,2,-0.70874373737958,0
208,6,86685.9752001685,1,0,3414.89143088435,0.52086740215309,2,-0.70874373737958,0
208,7,89904.176784733,1,0,3414.89143088435,0.52086740215309,2,-0.70874373737958,0
208,8,85466.9618124404,1,0,3414.89143088435,0.52086740215309,2,-0.70874373737958,0
208,9,86209.917720559,1,0,3414.89143088435,0.52086740215309,2,-0.70874373737958,0
208,10,85478.8572250785,1,0,3414.89143088435,0.52086740215309,2,-0.70874373737958,0
208,11,87853.224544926,1,0,3414.89143088435,0.52086740215309,2,-0.70874373737958,0
208,12,92744.918167543,1,0,3414.89143088435,0.52086740215309,2,-0.70874373737958,0
208,13,98740.4733188716,1,1,3414.89143088435,0.52086740215309,2,-0.70874373737958,5749.18051974836
208,14,106685.378645358,1,1,3414.89143088435,0.52086740215309,2,-0.70874373737958,5749.18051974836
208,15,105878.917844457,1,1,3414.89143088435,0.52086740215309,2,-0.70874373737958,5749.18051974836
208,16,103233.062716526,1,1,3414.89143088435,0.52086740215309,2,-0.70874373737958,5749.18051974836
208,17,103266.510289695,1,1,3414.89143088435,0.52086740215309,2,-0.70874373737958,5749.18051974836
208,18,100526.55392932,1,1,3414.89143088435,0.52086740215309,2,-0.70874373737958,5749.18051974836
208,19,96569.3391932729,1,1,3414.89143088435,0.52086740215309,2,-0.70874373737958,5749.18051974836
208,20,97596.9184844388,1,1,3414.89143088435,0.52086740215309,2,-0.70874373737958,5749.18051974836
208,21,94238.5040087728,1,1,3414.89143088435,0.52086740215309,2,-0.70874373737958,5749.18051974836
208,22,89761.6655914509,1,1,3414.89143088435,0.52086740215309,2,-0.70874373737958,5749.18051974836
208,23,97158.5592076881,1,1,3414.89143088435,0.52086740215309,2,-0.70874373737958,5749.18051974836
208,24,102235.822457561,1,1,3414.89143088435,0.52086740215309,2,-0.70874373737958,5749.18051974836
209,1,84921.8277350057,0,0,2405.31070890803,0.685084142966662,3,-0.194796100691013,0
209,2,85358.5056581307,0,0,2405.31070890803,0.685084142966662,3,-0.194796100691013,0
209,3,88474.3544816543,0,0,2405.31070890803,0.685084142966662,3,-0.194796100691013,0
209,4,84884.4070107923,0,0,2405.31070890803,0.685084142966662,3,-0.194796100691013,0
209,5,82624.0292989256,0,0,2405.31070890803,0.685084142966662,3,-0.194796100691013,0
209,6,83123.0975531087,0,0,2405.31070890803,0.685084142966662,3,-0.194796100691013,0
209,7,79194.5777865034,0,0,2405.31070890803,0.685084142966662,3,-0.194796100691013,0
209,8,78007.220904,0,0,2405.31070890803,0.685084142966662,3,-0.194796100691013,0
209,9,76524.4452684449,0,0,2405.31070890803,0.685084142966662,3,-0.194796100691013,0
209,10,82222.7002809735,0,0,2405.31070890803,0.685084142966662,3,-0.194796100691013,0
209,11,80057.2174110524,0,0,2405.31070890803,0.685084142966662,3,-0.194796100691013,0
209,12,82457.8156747247,0,0,2405.31070890803,0.685084142966662,3,-0.194796100691013,0
209,13,83051.6899109815,0,1,2405.31070890803,0.685084142966662,3,-0.194796100691013,0
209,14,89461.3622918156,0,1,2405.31070890803,0.685084142966662,3,-0.194796100691013,0
209,15,89895.5627449236,0,1,2405.31070890803,0.685084142966662,3,-0.194796100691013,0
209,16,91901.8446565248,0,1,2405.31070890803,0.685084142966662,3,-0.194796100691013,0
209,17,92009.5060459116,0,1,2405.31070890803,0.685084142966662,3,-0.194796100691013,0
209,18,83842.1433922108,0,1,2405.31070890803,0.685084142966662,3,-0.194796100691013,0
209,19,81238.0789938713,0,1,2405.31070890803,0.685084142966662,3,-0.194796100691013,0
209,20,82030.3919292974,0,1,2405.31070890803,0.685084142966662,3,-0.194796100691013,0
209,21,82854.7508947424,0,1,2405.31070890803,0.685084142966662,3,-0.194796100691013,0
209,22,82048.153575788,0,1,2405.31070890803,0.685084142966662,3,-0.194796100691013,0
209,23,81334.2676426951,0,1,2405.31070890803,0.685084142966662,3,-0.194796100691013,0
209,24,92647.2780484914,0,1,2405.31070890803,0.685084142966662,3,-0.194796100691013,0
210,1,98925.4512198907,0,0,4309.30254582417,0.732712951756548,4,0.587041969437831,0
210,2,105074.559493762,0,0,4309.30254582417,0.732712951756548,4,0.587041969437831,0
210,3,104710.361393919,0,0,4309.30254582417,0.732712951756548,4,0.587041969437831,0
210,4,103088.84437089,0,0,4309.30254582417,0.732712951756548,4,0.587041969437831,0
210,5,103583.727650777,0,0,4309.30254582417,0.732712951756548,4,0.587041969437831,0
210,6,99857.5414183937,0,0,4309.30254582417,0.732712951756548,4,0.587041969437831,0
210,7,101028.123230532,0,0,4309.30254582417,0.732712951756548,4,0.587041969437831,0
210,8,94613.651290713,0,0,4309.30254582417,0.732712951756548,4,0.587041969437831,0
210,9,96814.5837191684,0,0,4309.30254582417,0.732712951756548,4,0.587041969437831,0
210,10,98872.2722805845,0,0,4309.30254582417,0.732712951756548,4,0.587041969437831,0
210,11,102610.124418769,0,0,4309.30254582417,0.732712951756548,4,0.587041969437831,0
210,12,103219.376671888,0,0,4309.30254582417,0.732712951756548,4,0.587041969437831,0
210,13,110206.678037335,0,1,4309.30254582417,0.732712951756548,4,0.587041969437831,0
210,14,108663.645687908,0,1,4309.30254582417,0.732712951756548,4,0.587041969437831,0
210,15,108640.614377172,0,1,4309.30254582417,0.732712951756548,4,0.587041969437831,0
210,16,112331.101700352,0,1,4309.30254582417,0.732712951756548,4,0.587041969437831,0
210,17,111237.529440285,0,1,4309.30254582417,0.732712951756548,4,0.587041969437831,0
210,18,106604.1247102,0,1,4309.30254582417,0.732712951756548,4,0.587041969437831,0
210,19,107497.783180041,0,1,4309.30254582417,0.732712951756548,4,0.587041969437831,0
210,20,104498.998206054,0,1,4309.30254582417,0.732712951756548,4,0.587041969437831,0
210,21,104374.303329494,0,1,4309.30254582417,0.732712951756548,4,0.587041969437831,0
210,22,102818.27073094,0,1,4309.30254582417,0.732712951756548,4,0.587041969437831,0
210,23,109162.281205509,0,1,4309.30254582417,0.732712951756548,4,0.587041969437831,0
210,24,112003.787681131,0,1,4309.30254582417,0.732712951756548,4,0.587041969437831,0
211,1,91523.9574423035,1,0,3214.54312860391,0.548287588031963,1,-0.225447518345816,0
211,2,91863.6887834269,1,0,3214.54312860391,0.548287588031963,1,-0.225447518345816,0
211,3,97603.0997733675,1,0,3214.54312860391,0.548287588031963,1,-0.225447518345816,0
211,4,98562.5083296561,1,0,3214.54312860391,0.548287588031963,1,-0.225447518345816,0
211,5,89764.1533212405,1,0,3214.54312860391,0.548287588031963,1,-0.225447518345816,0
211,6,92032.9111511475,1,0,3214.54312860391,0.548287588031963,1,-0.225447518345816,0
211,7,88314.1253449738,1,0,3214.54312860391,0.548287588031963,1,-0.225447518345816,0
211,8,89748.5601699829,1,0,3214.54312860391,0.548287588031963,1,-0.225447518345816,0
211,9,87259.0703767219,1,0,3214.54312860391,0.548287588031963,1,-0.225447518345816,0
211,10,86265.3819629543,1,0,3214.54312860391,0.548287588031963,1,-0.225447518345816,0
211,11,89142.4469328462,1,0,3214.54312860391,0.548287588031963,1,-0.225447518345816,0
211,12,96093.1245285621,1,0,3214.54312860391,0.548287588031963,1,-0.225447518345816,0
211,13,103108.672068889,1,1,3214.54312860391,0.548287588031963,1,-0.225447518345816,5703.84674036588
211,14,106792.098646098,1,1,3214.54312860391,0.548287588031963,1,-0.225447518345816,5703.84674036588
211,15,103493.807661277,1,1,3214.54312860391,0.548287588031963,1,-0.225447518345816,5703.84674036588
211,16,108604.099008137,1,1,3214.54312860391,0.548287588031963,1,-0.225447518345816,5703.84674036588
211,17,102382.174962251,1,1,3214.54312860391,0.548287588031963,1,-0.225447518345816,5703.84674036588
211,18,105542.820751328,1,1,3214.54312860391,0.548287588031963,1,-0.225447518345816,5703.84674036588
211,19,98938.321413595,1,1,3214.54312860391,0.548287588031963,1,-0.225447518345816,5703.84674036588
211,20,98759.1937631157,1,1,3214.54312860391,0.548287588031963,1,-0.225447518345816,5703.84674036588
211,21,97601.5362406775,1,1,3214.54312860391,0.548287588031963,1,-0.225447518345816,5703.84674036588
211,22,99262.8274359687,1,1,3214.54312860391,0.548287588031963,1,-0.225447518345816,5703.84674036588
211,23,101202.970986192,1,1,3214.54312860391,0.548287588031963,1,-0.225447518345816,5703.84674036588
211,24,102990.374247584,1,1,3214.54312860391,0.548287588031963,1,-0.225447518345816,5703.84674036588
212,1,76249.9904345733,1,0,2189.14501474133,0.723975470964797,5,-0.257052689790291,0
212,2,75054.5357354514,1,0,2189.14501474133,0.723975470964797,5,-0.257052689790291,0
212,3,78465.4477650676,1,0,2189.14501474133,0.723975470964797,5,-0.257052689790291,0
212,4,81086.2040399126,1,0,2189.14501474133,0.723975470964797,5,-0.257052689790291,0
212,5,76055.081189422,1,0,2189.14501474133,0.723975470964797,5,-0.257052689790291,0
212,6,76980.9616715171,1,0,2189.14501474133,0.723975470964797,5,-0.257052689790291,0
212,7,72821.0362457837,1,0,2189.14501474133,0.723975470964797,5,-0.257052689790291,0
212,8,68843.0242601814,1,0,2189.14501474133,0.723975470964797,5,-0.257052689790291,0
212,9,70560.016606871,1,0,2189.14501474133,0.723975470964797,5,-0.257052689790291,0
212,10,75109.3331928175,1,0,2189.14501474133,0.723975470964797,5,-0.257052689790291,0
212,11,74991.8623989435,1,0,2189.14501474133,0.723975470964797,5,-0.257052689790291,0
212,12,77348.8158284866,1,0,2189.14501474133,0.723975470964797,5,-0.257052689790291,0
212,13,86490.5196408948,1,1,2189.14501474133,0.723975470964797,5,-0.257052689790291,5542.52344930026
212,14,86884.0566372466,1,1,2189.14501474133,0.723975470964797,5,-0.257052689790291,5542.52344930026
212,15,90203.1296920054,1,1,2189.14501474133,0.723975470964797,5,-0.257052689790291,5542.52344930026
212,16,85856.4956474653,1,1,2189.14501474133,0.723975470964797,5,-0.257052689790291,5542.52344930026
212,17,89794.9775987937,1,1,2189.14501474133,0.723975470964797,5,-0.257052689790291,5542.52344930026
212,18,86969.0255491834,1,1,2189.14501474133,0.723975470964797,5,-0.257052689790291,5542.52344930026
212,19,84300.9169931101,1,1,2189.14501474133,0.723975470964797,5,-0.257052689790291,5542.52344930026
212,20,83706.7133939677,1,1,2189.14501474133,0.723975470964797,5,-0.257052689790291,5542.52344930026
212,21,81478.3338024383,1,1,2189.14501474133,0.723975470964797,5,-0.257052689790291,5542.52344930026
212,22,83497.7757639284,1,1,2189.14501474133,0.723975470964797,5,-0.257052689790291,5542.52344930026
212,23,87542.9265228388,1,1,2189.14501474133,0.723975470964797,5,-0.257052689790291,5542.52344930026
212,24,86476.7631346976,1,1,2189.14501474133,0.723975470964797,5,-0.257052689790291,5542.52344930026
213,1,92608.9160253933,0,0,3186.85739074223,0.783455279876944,2,0.00698346266206223,0
213,2,96276.4587801252,0,0,3186.85739074223,0.783455279876944,2,0.00698346266206223,0
213,3,96664.6223245016,0,0,3186.85739074223,0.783455279876944,2,0.00698346266206223,0
213,4,96179.9858597222,0,0,3186.85739074223,0.783455279876944,2,0.00698346266206223,0
213,5,96456.2953910915,0,0,3186.85739074223,0.783455279876944,2,0.00698346266206223,0
213,6,95757.9605478156,0,0,3186.85739074223,0.783455279876944,2,0.00698346266206223,0
213,7,91010.8094515328,0,0,3186.85739074223,0.783455279876944,2,0.00698346266206223,0
213,8,90178.1145707048,0,0,3186.85739074223,0.783455279876944,2,0.00698346266206223,0
213,9,88870.0242845338,0,0,3186.85739074223,0.783455279876944,2,0.00698346266206223,0
213,10,93235.9181634894,0,0,3186.85739074223,0.783455279876944,2,0.00698346266206223,0
213,11,92620.640166217,0,0,3186.85739074223,0.783455279876944,2,0.00698346266206223,0
213,12,94446.3719464371,0,0,3186.85739074223,0.783455279876944,2,0.00698346266206223,0
213,13,100818.128858959,0,1,3186.85739074223,0.783455279876944,2,0.00698346266206223,0
213,14,98293.5109975746,0,1,3186.85739074223,0.783455279876944,2,0.00698346266206223,0
213,15,100638.185282079,0,1,3186.85739074223,0.783455279876944,2,0.00698346266206223,0
213,16,99839.5703515151,0,1,3186.85739074223,0.783455279876944,2,0.00698346266206223,0
213,17,101053.923143301,0,1,3186.85739074223,0.783455279876944,2,0.00698346266206223,0
213,18,96148.9673298408,0,1,3186.85739074223,0.783455279876944,2,0.00698346266206223,0
213,19,97277.0954478078,0,1,3186.85739074223,0.783455279876944,2,0.00698346266206223,0
213,20,94259.0245811203,0,1,3186.85739074223,0.783455279876944,2,0.00698346266206223,0
213,21,95091.8946633323,0,1,3186.85739074223,0.783455279876944,2,0.00698346266206223,0
213,22,94539.2433381823,0,1,3186.85739074223,0.783455279876944,2,0.00698346266206223,0
213,23,100239.096560167,0,1,3186.85739074223,0.783455279876944,2,0.00698346266206223,0
213,24,100773.538694986,0,1,3186.85739074223,0.783455279876944,2,0.00698346266206223,0
214,1,86555.2456071363,0,0,3115.72908918009,0.75249054011656,5,0.126894622668046,0
214,2,88912.2572572511,0,0,3115.72908918009,0.75249054011656,5,0.126894622668046,0
214,3,86865.0670258091,0,0,3115.72908918009,0.75249054011656,5,0.126894622668046,0
214,4,92854.0256048712,0,0,3115.72908918009,0.75249054011656,5,0.126894622668046,0
214,5,88133.8414749829,0,0,3115.72908918009,0.75249054011656,5,0.126894622668046,0
214,6,86744.7860981528,0,0,3115.72908918009,0.75249054011656,5,0.126894622668046,0
214,7,85252.7933601711,0,0,3115.72908918009,0.75249054011656,5,0.126894622668046,0
214,8,82582.8137146497,0,0,3115.72908918009,0.75249054011656,5,0.126894622668046,0
214,9,82077.8299158232,0,0,3115.72908918009,0.75249054011656,5,0.126894622668046,0
214,10,91350.4490418355,0,0,3115.72908918009,0.75249054011656,5,0.126894622668046,0
214,11,88644.4342358255,0,0,3115.72908918009,0.75249054011656,5,0.126894622668046,0
214,12,86001.9680207329,0,0,3115.72908918009,0.75249054011656,5,0.126894622668046,0
214,13,93183.6607767573,0,1,3115.72908918009,0.75249054011656,5,0.126894622668046,0
214,14,98112.274188185,0,1,3115.72908918009,0.75249054011656,5,0.126894622668046,0
214,15,94393.3589185884,0,1,3115.72908918009,0.75249054011656,5,0.126894622668046,0
214,16,94060.6482706706,0,1,3115.72908918009,0.75249054011656,5,0.126894622668046,0
214,17,94049.9658757946,0,1,3115.72908918009,0.75249054011656,5,0.126894622668046,0
214,18,90562.0347355188,0,1,3115.72908918009,0.75249054011656,5,0.126894622668046,0
214,19,90234.7564000874,0,1,3115.72908918009,0.75249054011656,5,0.126894622668046,0
214,20,89838.9409278355,0,1,3115.72908918009,0.75249054011656,5,0.126894622668046,0
214,21,86377.2730709326,0,1,3115.72908918009,0.75249054011656,5,0.126894622668046,0
214,22,88513.0183025146,0,1,3115.72908918009,0.75249054011656,5,0.126894622668046,0
214,23,91793.1957472974,0,1,3115.72908918009,0.75249054011656,5,0.126894622668046,0
214,24,97771.2639712946,0,1,3115.72908918009,0.75249054011656,5,0.126894622668046,0
215,1,82722.4488348134,0,0,2200.47075645441,0.713477517990395,2,-0.196177430752998,0
215,2,84991.8688095118,0,0,2200.47075645441,0.713477517990395,2,-0.196177430752998,0
215,3,85917.3975504405,0,0,2200.47075645441,0.713477517990395,2,-0.196177430752998,0
215,4,85254.5973154347,0,0,2200.47075645441,0.713477517990395,2,-0.196177430752998,0
215,5,83950.3544208995,0,0,2200.47075645441,0.713477517990395,2,-0.196177430752998,0
215,6,83198.1388913724,0,0,2200.47075645441,0.713477517990395,2,-0.196177430752998,0
215,7,80911.0260078221,0,0,2200.47075645441,0.713477517990395,2,-0.196177430752998,0
215,8,77852.4054099852,0,0,2200.47075645441,0.713477517990395,2,-0.196177430752998,0
215,9,77271.7601599541,0,0,2200.47075645441,0.713477517990395,2,-0.196177430752998,0
215,10,80063.6758780424,0,0,2200.47075645441,0.713477517990395,2,-0.196177430752998,0
215,11,82106.3973845081,0,0,2200.47075645441,0.713477517990395,2,-0.196177430752998,0
215,12,84852.0685958276,0,0,2200.47075645441,0.713477517990395,2,-0.196177430752998,0
215,13,85772.6636586033,0,1,2200.47075645441,0.713477517990395,2,-0.196177430752998,0
215,14,86541.3225266523,0,1,2200.47075645441,0.713477517990395,2,-0.196177430752998,0
215,15,93428.2363543565,0,1,2200.47075645441,0.713477517990395,2,-0.196177430752998,0
215,16,89791.0147743557,0,1,2200.47075645441,0.713477517990395,2,-0.196177430752998,0
215,17,88710.3094402903,0,1,2200.47075645441,0.713477517990395,2,-0.196177430752998,0
215,18,86071.7107630424,0,1,2200.47075645441,0.713477517990395,2,-0.196177430752998,0
215,19,84135.48683655,0,1,2200.47075645441,0.713477517990395,2,-0.196177430752998,0
215,20,83363.660665511,0,1,2200.47075645441,0.713477517990395,2,-0.196177430752998,0
215,21,81169.5384022175,0,1,2200.47075645441,0.713477517990395,2,-0.196177430752998,0
215,22,86419.8060039022,0,1,2200.47075645441,0.713477517990395,2,-0.196177430752998,0
215,23,86883.4764693401,0,1,2200.47075645441,0.713477517990395,2,-0.196177430752998,0
215,24,91566.8448927451,0,1,2200.47075645441,0.713477517990395,2,-0.196177430752998,0
216,1,91856.5072433388,1,0,3310.84905968589,0.582266737404279,1,-0.507661461488379,0
216,2,94916.6682375888,1,0,3310.84905968589,0.582266737404279,1,-0.507661461488379,0
216,3,93011.8835883195,1,0,3310.84905968589,0.582266737404279,1,-0.507661461488379,0
216,4,91636.6069250843,1,0,3310.84905968589,0.582266737404279,1,-0.507661461488379,0
216,5,92087.9359467383,1,0,3310.84905968589,0.582266737404279,1,-0.507661461488379,0
216,6,92507.6088359999,1,0,3310.84905968589,0.582266737404279,1,-0.507661461488379,0
216,7,92162.9489717138,1,0,3310.84905968589,0.582266737404279,1,-0.507661461488379,0
216,8,91533.0026694273,1,0,3310.84905968589,0.582266737404279,1,-0.507661461488379,0
216,9,86357.1021140216,1,0,3310.84905968589,0.582266737404279,1,-0.507661461488379,0
216,10,88931.3163790464,1,0,3310.84905968589,0.582266737404279,1,-0.507661461488379,0
216,11,89476.7628500405,1,0,3310.84905968589,0.582266737404279,1,-0.507661461488379,0
216,12,92153.3728817723,1,0,3310.84905968589,0.582266737404279,1,-0.507661461488379,0
216,13,102165.07414927,1,1,3310.84905968589,0.582266737404279,1,-0.507661461488379,5819.9580046515
216,14,102459.249901731,1,1,3310.84905968589,0.582266737404279,1,-0.507661461488379,5819.9580046515
216,15,105961.767165259,1,1,3310.84905968589,0.582266737404279,1,-0.507661461488379,5819.9580046515
216,16,103955.389500736,1,1,3310.84905968589,0.582266737404279,1,-0.507661461488379,5819.9580046515
216,17,106719.601097396,1,1,3310.84905968589,0.582266737404279,1,-0.507661461488379,5819.9580046515
216,18,100804.39301781,1,1,3310.84905968589,0.582266737404279,1,-0.507661461488379,5819.9580046515
216,19,100346.846307007,1,1,3310.84905968589,0.582266737404279,1,-0.507661461488379,5819.9580046515
216,20,102502.568501483,1,1,3310.84905968589,0.582266737404279,1,-0.507661461488379,5819.9580046515
216,21,98694.2854714577,1,1,3310.84905968589,0.582266737404279,1,-0.507661461488379,5819.9580046515
216,22,99454.6649428156,1,1,3310.84905968589,0.582266737404279,1,-0.507661461488379,5819.9580046515
216,23,97844.732292111,1,1,3310.84905968589,0.582266737404279,1,-0.507661461488379,5819.9580046515
216,24,104190.279520438,1,1,3310.84905968589,0.582266737404279,1,-0.507661461488379,5819.9580046515
217,1,104692.519450238,1,0,4574.10029824608,0.857848109828774,4,0.99332195255812,0
217,2,107570.964368129,1,0,4574.10029824608,0.857848109828774,4,0.99332195255812,0
217,3,109489.775566702,1,0,4574.10029824608,0.857848109828774,4,0.99332195255812,0
217,4,107391.152198928,1,0,4574.10029824608,0.857848109828774,4,0.99332195255812,0
217,5,110384.568662225,1,0,4574.10029824608,0.857848109828774,4,0.99332195255812,0
217,6,102770.334929356,1,0,4574.10029824608,0.857848109828774,4,0.99332195255812,0
217,7,103980.007336836,1,0,4574.10029824608,0.857848109828774,4,0.99332195255812,0
217,8,102224.189760499,1,0,4574.10029824608,0.857848109828774,4,0.99332195255812,0
217,9,98778.3056746049,1,0,4574.10029824608,0.857848109828774,4,0.99332195255812,0
217,10,103468.862571554,1,0,4574.10029824608,0.857848109828774,4,0.99332195255812,0
217,11,107883.229342888,1,0,4574.10029824608,0.857848109828774,4,0.99332195255812,0
217,12,111989.932102438,1,0,4574.10029824608,0.857848109828774,4,0.99332195255812,0
217,13,116940.014201724,1,1,4574.10029824608,0.857848109828774,4,0.99332195255812,7002.74636878059
217,14,123399.682505414,1,1,4574.10029824608,0.857848109828774,4,0.99332195255812,7002.74636878059
217,15,125841.538263185,1,1,4574.10029824608,0.857848109828774,4,0.99332195255812,7002.74636878059
217,16,122799.199500978,1,1,4574.10029824608,0.857848109828774,4,0.99332195255812,7002.74636878059
217,17,122588.056434067,1,1,4574.10029824608,0.857848109828774,4,0.99332195255812,7002.74636878059
217,18,120517.502715643,1,1,4574.10029824608,0.857848109828774,4,0.99332195255812,7002.74636878059
217,19,119103.38259578,1,1,4574.10029824608,0.857848109828774,4,0.99332195255812,7002.74636878059
217,20,118718.239857201,1,1,4574.10029824608,0.857848109828774,4,0.99332195255812,7002.74636878059
217,21,117648.478887604,1,1,4574.10029824608,0.857848109828774,4,0.99332195255812,7002.74636878059
217,22,121041.636413643,1,1,4574.10029824608,0.857848109828774,4,0.99332195255812,7002.74636878059
217,23,122914.242830945,1,1,4574.10029824608,0.857848109828774,4,0.99332195255812,7002.74636878059
217,24,127979.608587509,1,1,4574.10029824608,0.857848109828774,4,0.99332195255812,7002.74636878059
218,1,85884.9994104421,1,0,2904.61382256621,0.763985799066722,5,-0.0271602554142827,0
218,2,85449.7912698193,1,0,2904.61382256621,0.763985799066722,5,-0.0271602554142827,0
218,3,88326.2706881778,1,0,2904.61382256621,0.763985799066722,5,-0.0271602554142827,0
218,4,87887.8845980135,1,0,2904.61382256621,0.763985799066722,5,-0.0271602554142827,0
218,5,87392.2353575795,1,0,2904.61382256621,0.763985799066722,5,-0.0271602554142827,0
218,6,83841.7928527713,1,0,2904.61382256621,0.763985799066722,5,-0.0271602554142827,0
218,7,80544.3291211914,1,0,2904.61382256621,0.763985799066722,5,-0.0271602554142827,0
218,8,77645.6827935224,1,0,2904.61382256621,0.763985799066722,5,-0.0271602554142827,0
218,9,83273.1299331412,1,0,2904.61382256621,0.763985799066722,5,-0.0271602554142827,0
218,10,80675.4566556731,1,0,2904.61382256621,0.763985799066722,5,-0.0271602554142827,0
218,11,82026.873923594,1,0,2904.61382256621,0.763985799066722,5,-0.0271602554142827,0
218,12,85828.2486244742,1,0,2904.61382256621,0.763985799066722,5,-0.0271602554142827,0
218,13,93360.3977039907,1,1,2904.61382256621,0.763985799066722,5,-0.0271602554142827,5980.27850941655
218,14,97645.4472868125,1,1,2904.61382256621,0.763985799066722,5,-0.0271602554142827,5980.27850941655
218,15,96394.9674142589,1,1,2904.61382256621,0.763985799066722,5,-0.0271602554142827,5980.27850941655
218,16,100464.128724654,1,1,2904.61382256621,0.763985799066722,5,-0.0271602554142827,5980.27850941655
218,17,97479.0684490904,1,1,2904.61382256621,0.763985799066722,5,-0.0271602554142827,5980.27850941655
218,18,95054.9738124702,1,1,2904.61382256621,0.763985799066722,5,-0.0271602554142827,5980.27850941655
218,19,94091.7775019663,1,1,2904.61382256621,0.763985799066722,5,-0.0271602554142827,5980.27850941655
218,20,93939.8191285943,1,1,2904.61382256621,0.763985799066722,5,-0.0271602554142827,5980.27850941655
218,21,94323.7279558359,1,1,2904.61382256621,0.763985799066722,5,-0.0271602554142827,5980.27850941655
218,22,87673.3247598597,1,1,2904.61382256621,0.763985799066722,5,-0.0271602554142827,5980.27850941655
218,23,97375.1264260222,1,1,2904.61382256621,0.763985799066722,5,-0.0271602554142827,5980.27850941655
218,24,101291.515380165,1,1,2904.61382256621,0.763985799066722,5,-0.0271602554142827,5980.27850941655
219,1,82687.5624416498,0,0,2622.52907532192,0.800668587360997,5,0.0301917140840445,0
219,2,83410.7471398752,0,0,2622.52907532192,0.800668587360997,5,0.0301917140840445,0
219,3,84887.5937223746,0,0,2622.52907532192,0.800668587360997,5,0.0301917140840445,0
219,4,86207.1139888474,0,0,2622.52907532192,0.800668587360997,5,0.0301917140840445,0
219,5,85371.2864438671,0,0,2622.52907532192,0.800668587360997,5,0.0301917140840445,0
219,6,82972.4872842143,0,0,2622.52907532192,0.800668587360997,5,0.0301917140840445,0
219,7,79658.4740386898,0,0,2622.52907532192,0.800668587360997,5,0.0301917140840445,0
219,8,77050.4432159513,0,0,2622.52907532192,0.800668587360997,5,0.0301917140840445,0
219,9,77650.9652473181,0,0,2622.52907532192,0.800668587360997,5,0.0301917140840445,0
219,10,76629.7614655453,0,0,2622.52907532192,0.800668587360997,5,0.0301917140840445,0
219,11,83357.041203955,0,0,2622.52907532192,0.800668587360997,5,0.0301917140840445,0
219,12,86987.1896307162,0,0,2622.52907532192,0.800668587360997,5,0.0301917140840445,0
219,13,88250.6319514656,0,1,2622.52907532192,0.800668587360997,5,0.0301917140840445,0
219,14,88778.9998985202,0,1,2622.52907532192,0.800668587360997,5,0.0301917140840445,0
219,15,89964.8820544424,0,1,2622.52907532192,0.800668587360997,5,0.0301917140840445,0
219,16,88426.5407517827,0,1,2622.52907532192,0.800668587360997,5,0.0301917140840445,0
219,17,90596.388118411,0,1,2622.52907532192,0.800668587360997,5,0.0301917140840445,0
219,18,88135.1217155292,0,1,2622.52907532192,0.800668587360997,5,0.0301917140840445,0
219,19,84072.7685309423,0,1,2622.52907532192,0.800668587360997,5,0.0301917140840445,0
219,20,86557.1044866715,0,1,2622.52907532192,0.800668587360997,5,0.0301917140840445,0
219,21,88357.5289858664,0,1,2622.52907532192,0.800668587360997,5,0.0301917140840445,0
219,22,85869.1943069735,0,1,2622.52907532192,0.800668587360997,5,0.0301917140840445,0
219,23,86538.8359820219,0,1,2622.52907532192,0.800668587360997,5,0.0301917140840445,0
219,24,91046.9920531828,0,1,2622.52907532192,0.800668587360997,5,0.0301917140840445,0
220,1,91661.3364978083,0,0,3013.16687992342,0.837154139520135,2,0.227915758430853,0
220,2,97747.3256158149,0,0,3013.16687992342,0.837154139520135,2,0.227915758430853,0
220,3,93310.7676068848,0,0,3013.16687992342,0.837154139520135,2,0.227915758430853,0
220,4,94304.9242977728,0,0,3013.16687992342,0.837154139520135,2,0.227915758430853,0
220,5,92603.1421082038,0,0,3013.16687992342,0.837154139520135,2,0.227915758430853,0
220,6,89587.6410634544,0,0,3013.16687992342,0.837154139520135,2,0.227915758430853,0
220,7,92515.6567382736,0,0,3013.16687992342,0.837154139520135,2,0.227915758430853,0
220,8,84193.4961422349,0,0,3013.16687992342,0.837154139520135,2,0.227915758430853,0
220,9,89386.8067142198,0,0,3013.16687992342,0.837154139520135,2,0.227915758430853,0
220,10,86679.9596665251,0,0,3013.16687992342,0.837154139520135,2,0.227915758430853,0
220,11,91478.0030908199,0,0,3013.16687992342,0.837154139520135,2,0.227915758430853,0
220,12,91521.6896144295,0,0,3013.16687992342,0.837154139520135,2,0.227915758430853,0
220,13,98294.7405430038,0,1,3013.16687992342,0.837154139520135,2,0.227915758430853,0
220,14,99907.61598245,0,1,3013.16687992342,0.837154139520135,2,0.227915758430853,0
220,15,107242.833895885,0,1,3013.16687992342,0.837154139520135,2,0.227915758430853,0
220,16,103583.329170654,0,1,3013.16687992342,0.837154139520135,2,0.227915758430853,0
220,17,101620.361608597,0,1,3013.16687992342,0.837154139520135,2,0.227915758430853,0
220,18,98361.9386810335,0,1,3013.16687992342,0.837154139520135,2,0.227915758430853,0
220,19,99060.7459825002,0,1,3013.16687992342,0.837154139520135,2,0.227915758430853,0
220,20,96729.0599518636,0,1,3013.16687992342,0.837154139520135,2,0.227915758430853,0
220,21,96443.6768527131,0,1,3013.16687992342,0.837154139520135,2,0.227915758430853,0
220,22,95818.4298820843,0,1,3013.16687992342,0.837154139520135,2,0.227915758430853,0
220,23,100075.639646035,0,1,3013.16687992342,0.837154139520135,2,0.227915758430853,0
220,24,103614.678645851,0,1,3013.16687992342,0.837154139520135,2,0.227915758430853,0
221,1,91617.5274702072,1,0,3224.44696705881,0.805303960444871,1,0.332462991025269,0
221,2,97897.2808203653,1,0,3224.44696705881,0.805303960444871,1,0.332462991025269,0
221,3,100348.463819961,1,0,3224.44696705881,0.805303960444871,1,0.332462991025269,0
221,4,97475.6286548517,1,0,3224.44696705881,0.805303960444871,1,0.332462991025269,0
221,5,98655.6174722507,1,0,3224.44696705881,0.805303960444871,1,0.332462991025269,0
221,6,96760.72642045,1,0,3224.44696705881,0.805303960444871,1,0.332462991025269,0
221,7,94072.7433161467,1,0,3224.44696705881,0.805303960444871,1,0.332462991025269,0
221,8,90451.2777228195,1,0,3224.44696705881,0.805303960444871,1,0.332462991025269,0
221,9,92062.2129188878,1,0,3224.44696705881,0.805303960444871,1,0.332462991025269,0
221,10,92869.1042216667,1,0,3224.44696705881,0.805303960444871,1,0.332462991025269,0
221,11,94746.0665405317,1,0,3224.44696705881,0.805303960444871,1,0.332462991025269,0
221,12,101000.19452873,1,0,3224.44696705881,0.805303960444871,1,0.332462991025269,0
221,13,106518.108587277,1,1,3224.44696705881,0.805303960444871,1,0.332462991025269,6222.83140441915
221,14,112451.342477819,1,1,3224.44696705881,0.805303960444871,1,0.332462991025269,6222.83140441915
221,15,109328.31423381,1,1,3224.44696705881,0.805303960444871,1,0.332462991025269,6222.83140441915
221,16,113143.301852019,1,1,3224.44696705881,0.805303960444871,1,0.332462991025269,6222.83140441915
221,17,111956.327855031,1,1,3224.44696705881,0.805303960444871,1,0.332462991025269,6222.83140441915
221,18,107471.149968916,1,1,3224.44696705881,0.805303960444871,1,0.332462991025269,6222.83140441915
221,19,107527.078693912,1,1,3224.44696705881,0.805303960444871,1,0.332462991025269,6222.83140441915
221,20,108073.803986368,1,1,3224.44696705881,0.805303960444871,1,0.332462991025269,6222.83140441915
221,21,105260.782234505,1,1,3224.44696705881,0.805303960444871,1,0.332462991025269,6222.83140441915
221,22,107453.423275494,1,1,3224.44696705881,0.805303960444871,1,0.332462991025269,6222.83140441915
221,23,112202.627769872,1,1,3224.44696705881,0.805303960444871,1,0.332462991025269,6222.83140441915
221,24,113734.807778534,1,1,3224.44696705881,0.805303960444871,1,0.332462991025269,6222.83140441915
222,1,87073.6991613612,1,0,3336.00197923486,0.68685710397549,4,0.00425476416631261,0
222,2,91019.8726979258,1,0,3336.00197923486,0.68685710397549,4,0.00425476416631261,0
222,3,94611.2065562082,1,0,3336.00197923486,0.68685710397549,4,0.00425476416631261,0
222,4,93821.7182531239,1,0,3336.00197923486,0.68685710397549,4,0.00425476416631261,0
222,5,90922.6047183029,1,0,3336.00197923486,0.68685710397549,4,0.00425476416631261,0
222,6,87806.7926773594,1,0,3336.00197923486,0.68685710397549,4,0.00425476416631261,0
222,7,85770.7187098861,1,0,3336.00197923486,0.68685710397549,4,0.00425476416631261,0
222,8,84090.6141757523,1,0,3336.00197923486,0.68685710397549,4,0.00425476416631261,0
222,9,87102.7521290424,1,0,3336.00197923486,0.68685710397549,4,0.00425476416631261,0
222,10,87065.0995050235,1,0,3336.00197923486,0.68685710397549,4,0.00425476416631261,0
222,11,88612.5155478035,1,0,3336.00197923486,0.68685710397549,4,0.00425476416631261,0
222,12,91866.1107928828,1,0,3336.00197923486,0.68685710397549,4,0.00425476416631261,0
222,13,99712.5288614531,1,1,3336.00197923486,0.68685710397549,4,0.00425476416631261,6041.71519756841
222,14,103149.157119164,1,1,3336.00197923486,0.68685710397549,4,0.00425476416631261,6041.71519756841
222,15,103010.654480249,1,1,3336.00197923486,0.68685710397549,4,0.00425476416631261,6041.71519756841
222,16,105544.250963949,1,1,3336.00197923486,0.68685710397549,4,0.00425476416631261,6041.71519756841
222,17,106604.94214307,1,1,3336.00197923486,0.68685710397549,4,0.00425476416631261,6041.71519756841
222,18,99398.6426325686,1,1,3336.00197923486,0.68685710397549,4,0.00425476416631261,6041.71519756841
222,19,102494.694354695,1,1,3336.00197923486,0.68685710397549,4,0.00425476416631261,6041.71519756841
222,20,95257.5233570603,1,1,3336.00197923486,0.68685710397549,4,0.00425476416631261,6041.71519756841
222,21,94910.9107152365,1,1,3336.00197923486,0.68685710397549,4,0.00425476416631261,6041.71519756841
222,22,100011.075490774,1,1,3336.00197923486,0.68685710397549,4,0.00425476416631261,6041.71519756841
222,23,103772.839882504,1,1,3336.00197923486,0.68685710397549,4,0.00425476416631261,6041.71519756841
222,24,100369.952365962,1,1,3336.00197923486,0.68685710397549,4,0.00425476416631261,6041.71519756841
223,1,80472.9169146172,0,0,2353.14782155404,0.571305932069663,3,-0.658019926198812,0
223,2,78648.2692240989,0,0,2353.14782155404,0.571305932069663,3,-0.658019926198812,0
223,3,84198.0648254712,0,0,2353.14782155404,0.571305932069663,3,-0.658019926198812,0
223,4,83494.7525730111,0,0,2353.14782155404,0.571305932069663,3,-0.658019926198812,0
223,5,80816.1058520317,0,0,2353.14782155404,0.571305932069663,3,-0.658019926198812,0
223,6,78362.9508075097,0,0,2353.14782155404,0.571305932069663,3,-0.658019926198812,0
223,7,78206.8285084639,0,0,2353.14782155404,0.571305932069663,3,-0.658019926198812,0
223,8,75733.0060738164,0,0,2353.14782155404,0.571305932069663,3,-0.658019926198812,0
223,9,72880.032761093,0,0,2353.14782155404,0.571305932069663,3,-0.658019926198812,0
223,10,79286.985148135,0,0,2353.14782155404,0.571305932069663,3,-0.658019926198812,0
223,11,76083.6864286421,0,0,2353.14782155404,0.571305932069663,3,-0.658019926198812,0
223,12,79839.0633532803,0,0,2353.14782155404,0.571305932069663,3,-0.658019926198812,0
223,13,83982.6196094841,0,1,2353.14782155404,0.571305932069663,3,-0.658019926198812,0
223,14,82817.7552058492,0,1,2353.14782155404,0.571305932069663,3,-0.658019926198812,0
223,15,85021.0214635448,0,1,2353.14782155404,0.571305932069663,3,-0.658019926198812,0
223,16,82388.5405632381,0,1,2353.14782155404,0.571305932069663,3,-0.658019926198812,0
223,17,83965.760151026,0,1,2353.14782155404,0.571305932069663,3,-0.658019926198812,0
223,18,83118.1321875292,0,1,2353.14782155404,0.571305932069663,3,-0.658019926198812,0
223,19,79469.6218156998,0,1,2353.14782155404,0.571305932069663,3,-0.658019926198812,0
223,20,77151.7164824611,0,1,2353.14782155404,0.571305932069663,3,-0.658019926198812,0
223,21,77783.2191918328,0,1,2353.14782155404,0.571305932069663,3,-0.658019926198812,0
223,22,77224.747098128,0,1,2353.14782155404,0.571305932069663,3,-0.658019926198812,0
223,23,81315.7145517848,0,1,2353.14782155404,0.571305932069663,3,-0.658019926198812,0
223,24,82717.4947371326,0,1,2353.14782155404,0.571305932069663,3,-0.658019926198812,0
224,1,83843.2756294233,1,0,2463.59130087335,0.933754307695199,4,0.255131645091142,0
224,2,83284.1763304596,1,0,2463.59130087335,0.933754307695199,4,0.255131645091142,0
224,3,87352.3594390374,1,0,2463.59130087335,0.933754307695199,4,0.255131645091142,0
224,4,87479.9648741181,1,0,2463.59130087335,0.933754307695199,4,0.255131645091142,0
224,5,84327.5046520436,1,0,2463.59130087335,0.933754307695199,4,0.255131645091142,0
224,6,84944.9452986895,1,0,2463.59130087335,0.933754307695199,4,0.255131645091142,0
224,7,81853.7156322853,1,0,2463.59130087335,0.933754307695199,4,0.255131645091142,0
224,8,79323.7567619517,1,0,2463.59130087335,0.933754307695199,4,0.255131645091142,0
224,9,78719.7737243784,1,0,2463.59130087335,0.933754307695199,4,0.255131645091142,0
224,10,82692.094890231,1,0,2463.59130087335,0.933754307695199,4,0.255131645091142,0
224,11,82793.6348158258,1,0,2463.59130087335,0.933754307695199,4,0.255131645091142,0
224,12,89939.3752234201,1,0,2463.59130087335,0.933754307695199,4,0.255131645091142,0
224,13,95313.9285068884,1,1,2463.59130087335,0.933754307695199,4,0.255131645091142,6099.30426582707
224,14,97951.8359878064,1,1,2463.59130087335,0.933754307695199,4,0.255131645091142,6099.30426582707
224,15,96144.6038556303,1,1,2463.59130087335,0.933754307695199,4,0.255131645091142,6099.30426582707
224,16,98352.6262431765,1,1,2463.59130087335,0.933754307695199,4,0.255131645091142,6099.30426582707
224,17,100072.75397483,1,1,2463.59130087335,0.933754307695199,4,0.255131645091142,6099.30426582707
224,18,100265.766186844,1,1,2463.59130087335,0.933754307695199,4,0.255131645091142,6099.30426582707
224,19,95218.2812636393,1,1,2463.59130087335,0.933754307695199,4,0.255131645091142,6099.30426582707
224,20,97345.2583227345,1,1,2463.59130087335,0.933754307695199,4,0.255131645091142,6099.30426582707
224,21,92818.3845232752,1,1,2463.59130087335,0.933754307695199,4,0.255131645091142,6099.30426582707
224,22,98090.5658952955,1,1,2463.59130087335,0.933754307695199,4,0.255131645091142,6099.30426582707
224,23,96502.7340793344,1,1,2463.59130087335,0.933754307695199,4,0.255131645091142,6099.30426582707
224,24,101254.325763452,1,1,2463.59130087335,0.933754307695199,4,0.255131645091142,6099.30426582707
225,1,98206.9755300936,0,0,3555.7419807835,0.714833889715373,2,0.109035300877035,0
225,2,99022.7560542297,0,0,3555.7419807835,0.714833889715373,2,0.109035300877035,0
225,3,93925.6412381939,0,0,3555.7419807835,0.714833889715373,2,0.109035300877035,0
225,4,96735.415695797,0,0,3555.7419807835,0.714833889715373,2,0.109035300877035,0
225,5,96103.1955531402,0,0,3555.7419807835,0.714833889715373,2,0.109035300877035,0
225,6,98310.2085804713,0,0,3555.7419807835,0.714833889715373,2,0.109035300877035,0
225,7,91796.8647356884,0,0,3555.7419807835,0.714833889715373,2,0.109035300877035,0
225,8,89744.3160838511,0,0,3555.7419807835,0.714833889715373,2,0.109035300877035,0
225,9,91960.1124415496,0,0,3555.7419807835,0.714833889715373,2,0.109035300877035,0
225,10,90349.6135519985,0,0,3555.7419807835,0.714833889715373,2,0.109035300877035,0
225,11,95328.5316845871,0,0,3555.7419807835,0.714833889715373,2,0.109035300877035,0
225,12,98864.0093943221,0,0,3555.7419807835,0.714833889715373,2,0.109035300877035,0
225,13,98981.000951221,0,1,3555.7419807835,0.714833889715373,2,0.109035300877035,0
225,14,103090.732695515,0,1,3555.7419807835,0.714833889715373,2,0.109035300877035,0
225,15,105057.352900764,0,1,3555.7419807835,0.714833889715373,2,0.109035300877035,0
225,16,109582.846283007,0,1,3555.7419807835,0.714833889715373,2,0.109035300877035,0
225,17,104820.79478948,0,1,3555.7419807835,0.714833889715373,2,0.109035300877035,0
225,18,102013.016575986,0,1,3555.7419807835,0.714833889715373,2,0.109035300877035,0
225,19,101335.99658494,0,1,3555.7419807835,0.714833889715373,2,0.109035300877035,0
225,20,97362.817990907,0,1,3555.7419807835,0.714833889715373,2,0.109035300877035,0
225,21,97924.4214352912,0,1,3555.7419807835,0.714833889715373,2,0.109035300877035,0
225,22,98755.7443327391,0,1,3555.7419807835,0.714833889715373,2,0.109035300877035,0
225,23,99099.2930201365,0,1,3555.7419807835,0.714833889715373,2,0.109035300877035,0
225,24,104541.165088047,0,1,3555.7419807835,0.714833889715373,2,0.109035300877035,0
226,1,81231.6254671167,1,0,3459.37329203804,0.738803493534215,7,0.104103634434966,0
226,2,84823.0397691927,1,0,3459.37329203804,0.738803493534215,7,0.104103634434966,0
226,3,86985.3872755582,1,0,3459.37329203804,0.738803493534215,7,0.104103634434966,0
226,4,83463.4377063414,1,0,3459.37329203804,0.738803493534215,7,0.104103634434966,0
226,5,84894.2555369057,1,0,3459.37329203804,0.738803493534215,7,0.104103634434966,0
226,6,85374.0506931464,1,0,3459.37329203804,0.738803493534215,7,0.104103634434966,0
226,7,81074.4676145883,1,0,3459.37329203804,0.738803493534215,7,0.104103634434966,0
226,8,82089.1981504876,1,0,3459.37329203804,0.738803493534215,7,0.104103634434966,0
226,9,83216.4569152018,1,0,3459.37329203804,0.738803493534215,7,0.104103634434966,0
226,10,81736.302523725,1,0,3459.37329203804,0.738803493534215,7,0.104103634434966,0
226,11,82369.5920247524,1,0,3459.37329203804,0.738803493534215,7,0.104103634434966,0
226,12,91662.5829728873,1,0,3459.37329203804,0.738803493534215,7,0.104103634434966,0
226,13,96661.2124489523,1,1,3459.37329203804,0.738803493534215,7,0.104103634434966,6207.29363308745
226,14,93656.4390638816,1,1,3459.37329203804,0.738803493534215,7,0.104103634434966,6207.29363308745
226,15,100513.19709096,1,1,3459.37329203804,0.738803493534215,7,0.104103634434966,6207.29363308745
226,16,98249.8710797027,1,1,3459.37329203804,0.738803493534215,7,0.104103634434966,6207.29363308745
226,17,100351.474316493,1,1,3459.37329203804,0.738803493534215,7,0.104103634434966,6207.29363308745
226,18,95118.2804704823,1,1,3459.37329203804,0.738803493534215,7,0.104103634434966,6207.29363308745
226,19,95518.7066188636,1,1,3459.37329203804,0.738803493534215,7,0.104103634434966,6207.29363308745
226,20,99706.1236418818,1,1,3459.37329203804,0.738803493534215,7,0.104103634434966,6207.29363308745
226,21,91567.2501437907,1,1,3459.37329203804,0.738803493534215,7,0.104103634434966,6207.29363308745
226,22,96547.8729923945,1,1,3459.37329203804,0.738803493534215,7,0.104103634434966,6207.29363308745
226,23,96788.1986810498,1,1,3459.37329203804,0.738803493534215,7,0.104103634434966,6207.29363308745
226,24,101284.663586284,1,1,3459.37329203804,0.738803493534215,7,0.104103634434966,6207.29363308745
227,1,87719.0362736217,0,0,3019.57538100564,0.628399156557862,1,-0.0756812486248147,0
227,2,92679.1252347219,0,0,3019.57538100564,0.628399156557862,1,-0.0756812486248147,0
227,3,96552.401535576,0,0,3019.57538100564,0.628399156557862,1,-0.0756812486248147,0
227,4,90374.2514923917,0,0,3019.57538100564,0.628399156557862,1,-0.0756812486248147,0
227,5,90088.4725072427,0,0,3019.57538100564,0.628399156557862,1,-0.0756812486248147,0
227,6,90987.8324374628,0,0,3019.57538100564,0.628399156557862,1,-0.0756812486248147,0
227,7,87478.3726454442,0,0,3019.57538100564,0.628399156557862,1,-0.0756812486248147,0
227,8,88234.810658407,0,0,3019.57538100564,0.628399156557862,1,-0.0756812486248147,0
227,9,90092.0167267841,0,0,3019.57538100564,0.628399156557862,1,-0.0756812486248147,0
227,10,92730.9718882337,0,0,3019.57538100564,0.628399156557862,1,-0.0756812486248147,0
227,11,88047.1256305614,0,0,3019.57538100564,0.628399156557862,1,-0.0756812486248147,0
227,12,97298.3009391101,0,0,3019.57538100564,0.628399156557862,1,-0.0756812486248147,0
227,13,94566.3451399734,0,1,3019.57538100564,0.628399156557862,1,-0.0756812486248147,0
227,14,96879.7223126356,0,1,3019.57538100564,0.628399156557862,1,-0.0756812486248147,0
227,15,100661.914801077,0,1,3019.57538100564,0.628399156557862,1,-0.0756812486248147,0
227,16,99724.7879216821,0,1,3019.57538100564,0.628399156557862,1,-0.0756812486248147,0
227,17,101233.1523698,0,1,3019.57538100564,0.628399156557862,1,-0.0756812486248147,0
227,18,97382.824089431,0,1,3019.57538100564,0.628399156557862,1,-0.0756812486248147,0
227,19,94384.4669893111,0,1,3019.57538100564,0.628399156557862,1,-0.0756812486248147,0
227,20,94415.3616994399,0,1,3019.57538100564,0.628399156557862,1,-0.0756812486248147,0
227,21,92755.9085455754,0,1,3019.57538100564,0.628399156557862,1,-0.0756812486248147,0
227,22,96296.0375020385,0,1,3019.57538100564,0.628399156557862,1,-0.0756812486248147,0
227,23,96097.9805968576,0,1,3019.57538100564,0.628399156557862,1,-0.0756812486248147,0
227,24,96716.3080456264,0,1,3019.57538100564,0.628399156557862,1,-0.0756812486248147,0
228,1,61344.3340606402,1,0,957.325290059083,0.706614424788859,4,-0.805724471237526,0
228,2,67805.3367568411,1,0,957.325290059083,0.706614424788859,4,-0.805724471237526,0
228,3,66729.1338717354,1,0,957.325290059083,0.706614424788859,4,-0.805724471237526,0
228,4,67153.9250358623,1,0,957.325290059083,0.706614424788859,4,-0.805724471237526,0
228,5,67062.0924779243,1,0,957.325290059083,0.706614424788859,4,-0.805724471237526,0
228,6,64245.0825567156,1,0,957.325290059083,0.706614424788859,4,-0.805724471237526,0
228,7,62915.5420648985,1,0,957.325290059083,0.706614424788859,4,-0.805724471237526,0
228,8,54768.2660949307,1,0,957.325290059083,0.706614424788859,4,-0.805724471237526,0
228,9,58644.0664689631,1,0,957.325290059083,0.706614424788859,4,-0.805724471237526,0
228,10,59382.9741832053,1,0,957.325290059083,0.706614424788859,4,-0.805724471237526,0
228,11,64590.6387731519,1,0,957.325290059083,0.706614424788859,4,-0.805724471237526,0
228,12,65407.4186059028,1,0,957.325290059083,0.706614424788859,4,-0.805724471237526,0
228,13,73910.6955916562,1,1,957.325290059083,0.706614424788859,4,-0.805724471237526,4891.89149460726
228,14,76800.3233864142,1,1,957.325290059083,0.706614424788859,4,-0.805724471237526,4891.89149460726
228,15,72759.8536683956,1,1,957.325290059083,0.706614424788859,4,-0.805724471237526,4891.89149460726
228,16,75200.166893885,1,1,957.325290059083,0.706614424788859,4,-0.805724471237526,4891.89149460726
228,17,71638.0476790719,1,1,957.325290059083,0.706614424788859,4,-0.805724471237526,4891.89149460726
228,18,70571.4113430096,1,1,957.325290059083,0.706614424788859,4,-0.805724471237526,4891.89149460726
228,19,64914.3497275064,1,1,957.325290059083,0.706614424788859,4,-0.805724471237526,4891.89149460726
228,20,66744.4627457426,1,1,957.325290059083,0.706614424788859,4,-0.805724471237526,4891.89149460726
228,21,71443.8222737095,1,1,957.325290059083,0.706614424788859,4,-0.805724471237526,4891.89149460726
228,22,64624.5854205673,1,1,957.325290059083,0.706614424788859,4,-0.805724471237526,4891.89149460726
228,23,70254.627053565,1,1,957.325290059083,0.706614424788859,4,-0.805724471237526,4891.89149460726
228,24,72990.9773429283,1,1,957.325290059083,0.706614424788859,4,-0.805724471237526,4891.89149460726
229,1,95556.6428489786,0,0,3725.11091329438,0.687134711141698,4,0.0669831303650277,0
229,2,96016.182698478,0,0,3725.11091329438,0.687134711141698,4,0.0669831303650277,0
229,3,95467.9926988259,0,0,3725.11091329438,0.687134711141698,4,0.0669831303650277,0
229,4,100114.10186605,0,0,3725.11091329438,0.687134711141698,4,0.0669831303650277,0
229,5,90711.2743078021,0,0,3725.11091329438,0.687134711141698,4,0.0669831303650277,0
229,6,96928.7302471245,0,0,3725.11091329438,0.687134711141698,4,0.0669831303650277,0
229,7,92990.6168021055,0,0,3725.11091329438,0.687134711141698,4,0.0669831303650277,0
229,8,90019.1601233997,0,0,3725.11091329438,0.687134711141698,4,0.0669831303650277,0
229,9,90848.236635146,0,0,3725.11091329438,0.687134711141698,4,0.0669831303650277,0
229,10,90188.2427415645,0,0,3725.11091329438,0.687134711141698,4,0.0669831303650277,0
229,11,91992.0165323626,0,0,3725.11091329438,0.687134711141698,4,0.0669831303650277,0
229,12,94205.0405838783,0,0,3725.11091329438,0.687134711141698,4,0.0669831303650277,0
229,13,100929.521604878,0,1,3725.11091329438,0.687134711141698,4,0.0669831303650277,0
229,14,101510.346036702,0,1,3725.11091329438,0.687134711141698,4,0.0669831303650277,0
229,15,98786.145656499,0,1,3725.11091329438,0.687134711141698,4,0.0669831303650277,0
229,16,102747.497729067,0,1,3725.11091329438,0.687134711141698,4,0.0669831303650277,0
229,17,98618.2934803593,0,1,3725.11091329438,0.687134711141698,4,0.0669831303650277,0
229,18,98129.4509107859,0,1,3725.11091329438,0.687134711141698,4,0.0669831303650277,0
229,19,98367.3816623331,0,1,3725.11091329438,0.687134711141698,4,0.0669831303650277,0
229,20,93743.467717028,0,1,3725.11091329438,0.687134711141698,4,0.0669831303650277,0
229,21,96149.1670277579,0,1,3725.11091329438,0.687134711141698,4,0.0669831303650277,0
229,22,99884.9595615746,0,1,3725.11091329438,0.687134711141698,4,0.0669831303650277,0
229,23,99127.9899849234,0,1,3725.11091329438,0.687134711141698,4,0.0669831303650277,0
229,24,100616.841023057,0,1,3725.11091329438,0.687134711141698,4,0.0669831303650277,0
230,1,85515.0056835558,0,0,2919.42136951176,0.51102810499724,1,-0.94772311242475,0
230,2,90385.9575866971,0,0,2919.42136951176,0.51102810499724,1,-0.94772311242475,0
230,3,92492.3865688469,0,0,2919.42136951176,0.51102810499724,1,-0.94772311242475,0
230,4,95241.4168124608,0,0,2919.42136951176,0.51102810499724,1,-0.94772311242475,0
230,5,91738.0079850077,0,0,2919.42136951176,0.51102810499724,1,-0.94772311242475,0
230,6,85872.9994626665,0,0,2919.42136951176,0.51102810499724,1,-0.94772311242475,0
230,7,84152.1423243003,0,0,2919.42136951176,0.51102810499724,1,-0.94772311242475,0
230,8,84661.6819832572,0,0,2919.42136951176,0.51102810499724,1,-0.94772311242475,0
230,9,82607.7586684733,0,0,2919.42136951176,0.51102810499724,1,-0.94772311242475,0
230,10,85298.27428443,0,0,2919.42136951176,0.51102810499724,1,-0.94772311242475,0
230,11,87774.975291944,0,0,2919.42136951176,0.51102810499724,1,-0.94772311242475,0
230,12,86717.010627576,0,0,2919.42136951176,0.51102810499724,1,-0.94772311242475,0
230,13,87607.7133559876,0,1,2919.42136951176,0.51102810499724,1,-0.94772311242475,0
230,14,94417.9616342555,0,1,2919.42136951176,0.51102810499724,1,-0.94772311242475,0
230,15,91061.5844238503,0,1,2919.42136951176,0.51102810499724,1,-0.94772311242475,0
230,16,91442.9513217457,0,1,2919.42136951176,0.51102810499724,1,-0.94772311242475,0
230,17,93001.9494500639,0,1,2919.42136951176,0.51102810499724,1,-0.94772311242475,0
230,18,88020.5952374944,0,1,2919.42136951176,0.51102810499724,1,-0.94772311242475,0
230,19,87976.8216535411,0,1,2919.42136951176,0.51102810499724,1,-0.94772311242475,0
230,20,85836.5258830005,0,1,2919.42136951176,0.51102810499724,1,-0.94772311242475,0
230,21,83027.4558631014,0,1,2919.42136951176,0.51102810499724,1,-0.94772311242475,0
230,22,82893.8937383216,0,1,2919.42136951176,0.51102810499724,1,-0.94772311242475,0
230,23,85965.1012964788,0,1,2919.42136951176,0.51102810499724,1,-0.94772311242475,0
230,24,90572.1723448165,0,1,2919.42136951176,0.51102810499724,1,-0.94772311242475,0
231,1,72608.1385475736,1,0,2035.79747928207,0.799637142731808,6,0.0241838109248064,0
231,2,74834.4705497689,1,0,2035.79747928207,0.799637142731808,6,0.0241838109248064,0
231,3,76732.0185982751,1,0,2035.79747928207,0.799637142731808,6,0.0241838109248064,0
231,4,75579.2549387257,1,0,2035.79747928207,0.799637142731808,6,0.0241838109248064,0
231,5,76781.080693434,1,0,2035.79747928207,0.799637142731808,6,0.0241838109248064,0
231,6,72013.6991713783,1,0,2035.79747928207,0.799637142731808,6,0.0241838109248064,0
231,7,74336.8184642854,1,0,2035.79747928207,0.799637142731808,6,0.0241838109248064,0
231,8,69728.7726815596,1,0,2035.79747928207,0.799637142731808,6,0.0241838109248064,0
231,9,68600.3601858682,1,0,2035.79747928207,0.799637142731808,6,0.0241838109248064,0
231,10,69501.8527178724,1,0,2035.79747928207,0.799637142731808,6,0.0241838109248064,0
231,11,74423.0070836132,1,0,2035.79747928207,0.799637142731808,6,0.0241838109248064,0
231,12,77076.1884456686,1,0,2035.79747928207,0.799637142731808,6,0.0241838109248064,0
231,13,87576.6921103308,1,1,2035.79747928207,0.799637142731808,6,0.0241838109248064,5617.17302510465
231,14,90121.2216289977,1,1,2035.79747928207,0.799637142731808,6,0.0241838109248064,5617.17302510465
231,15,86371.5241015082,1,1,2035.79747928207,0.799637142731808,6,0.0241838109248064,5617.17302510465
231,16,87920.054978338,1,1,2035.79747928207,0.799637142731808,6,0.0241838109248064,5617.17302510465
231,17,88319.6289712331,1,1,2035.79747928207,0.799637142731808,6,0.0241838109248064,5617.17302510465
231,18,85841.3094641252,1,1,2035.79747928207,0.799637142731808,6,0.0241838109248064,5617.17302510465
231,19,82384.1695349605,1,1,2035.79747928207,0.799637142731808,6,0.0241838109248064,5617.17302510465
231,20,80236.2622791894,1,1,2035.79747928207,0.799637142731808,6,0.0241838109248064,5617.17302510465
231,21,82506.3560168672,1,1,2035.79747928207,0.799637142731808,6,0.0241838109248064,5617.17302510465
231,22,82047.2117724522,1,1,2035.79747928207,0.799637142731808,6,0.0241838109248064,5617.17302510465
231,23,82688.642713643,1,1,2035.79747928207,0.799637142731808,6,0.0241838109248064,5617.17302510465
231,24,87955.9835451784,1,1,2035.79747928207,0.799637142731808,6,0.0241838109248064,5617.17302510465
232,1,92631.5743385983,1,0,3100.19555687793,0.80111817389261,2,0.65769287394068,0
232,2,95784.9078164865,1,0,3100.19555687793,0.80111817389261,2,0.65769287394068,0
232,3,94416.2513662064,1,0,3100.19555687793,0.80111817389261,2,0.65769287394068,0
232,4,92017.124163909,1,0,3100.19555687793,0.80111817389261,2,0.65769287394068,0
232,5,93645.0811885897,1,0,3100.19555687793,0.80111817389261,2,0.65769287394068,0
232,6,92371.3505454918,1,0,3100.19555687793,0.80111817389261,2,0.65769287394068,0
232,7,89445.7723601073,1,0,3100.19555687793,0.80111817389261,2,0.65769287394068,0
232,8,91407.8044123892,1,0,3100.19555687793,0.80111817389261,2,0.65769287394068,0
232,9,93168.9233185404,1,0,3100.19555687793,0.80111817389261,2,0.65769287394068,0
232,10,91103.5362186317,1,0,3100.19555687793,0.80111817389261,2,0.65769287394068,0
232,11,95221.1215644437,1,0,3100.19555687793,0.80111817389261,2,0.65769287394068,0
232,12,98476.0202386614,1,0,3100.19555687793,0.80111817389261,2,0.65769287394068,0
232,13,108972.37773872,1,1,3100.19555687793,0.80111817389261,2,0.65769287394068,6152.33412622418
232,14,107798.551981889,1,1,3100.19555687793,0.80111817389261,2,0.65769287394068,6152.33412622418
232,15,110223.354182655,1,1,3100.19555687793,0.80111817389261,2,0.65769287394068,6152.33412622418
232,16,106742.839474073,1,1,3100.19555687793,0.80111817389261,2,0.65769287394068,6152.33412622418
232,17,112020.344824747,1,1,3100.19555687793,0.80111817389261,2,0.65769287394068,6152.33412622418
232,18,106140.278684304,1,1,3100.19555687793,0.80111817389261,2,0.65769287394068,6152.33412622418
232,19,102820.440863588,1,1,3100.19555687793,0.80111817389261,2,0.65769287394068,6152.33412622418
232,20,106648.005865551,1,1,3100.19555687793,0.80111817389261,2,0.65769287394068,6152.33412622418
232,21,105293.661955141,1,1,3100.19555687793,0.80111817389261,2,0.65769287394068,6152.33412622418
232,22,108560.527561752,1,1,3100.19555687793,0.80111817389261,2,0.65769287394068,6152.33412622418
232,23,106660.77145606,1,1,3100.19555687793,0.80111817389261,2,0.65769287394068,6152.33412622418
232,24,112617.563233736,1,1,3100.19555687793,0.80111817389261,2,0.65769287394068,6152.33412622418
233,1,89470.818581048,1,0,3135.64510182735,0.651819945522584,2,-0.110879053243631,0
233,2,89785.4117948886,1,0,3135.64510182735,0.651819945522584,2,-0.110879053243631,0
233,3,96273.0220857583,1,0,3135.64510182735,0.651819945522584,2,-0.110879053243631,0
233,4,93748.2466222277,1,0,3135.64510182735,0.651819945522584,2,-0.110879053243631,0
233,5,93282.544782307,1,0,3135.64510182735,0.651819945522584,2,-0.110879053243631,0
233,6,89660.4631197427,1,0,3135.64510182735,0.651819945522584,2,-0.110879053243631,0
233,7,89288.4531615446,1,0,3135.64510182735,0.651819945522584,2,-0.110879053243631,0
233,8,86146.4903986901,1,0,3135.64510182735,0.651819945522584,2,-0.110879053243631,0
233,9,85912.4710853147,1,0,3135.64510182735,0.651819945522584,2,-0.110879053243631,0
233,10,89707.9955728286,1,0,3135.64510182735,0.651819945522584,2,-0.110879053243631,0
233,11,89256.5038338697,1,0,3135.64510182735,0.651819945522584,2,-0.110879053243631,0
233,12,91545.0395880242,1,0,3135.64510182735,0.651819945522584,2,-0.110879053243631,0
233,13,98915.9563971223,1,1,3135.64510182735,0.651819945522584,2,-0.110879053243631,5871.46244195884
233,14,106012.316075472,1,1,3135.64510182735,0.651819945522584,2,-0.110879053243631,5871.46244195884
233,15,107281.951066137,1,1,3135.64510182735,0.651819945522584,2,-0.110879053243631,5871.46244195884
233,16,101243.095846983,1,1,3135.64510182735,0.651819945522584,2,-0.110879053243631,5871.46244195884
233,17,101896.532256016,1,1,3135.64510182735,0.651819945522584,2,-0.110879053243631,5871.46244195884
233,18,99946.6094267717,1,1,3135.64510182735,0.651819945522584,2,-0.110879053243631,5871.46244195884
233,19,98931.0514489836,1,1,3135.64510182735,0.651819945522584,2,-0.110879053243631,5871.46244195884
233,20,97656.3475996192,1,1,3135.64510182735,0.651819945522584,2,-0.110879053243631,5871.46244195884
233,21,99654.7949090395,1,1,3135.64510182735,0.651819945522584,2,-0.110879053243631,5871.46244195884
233,22,102283.945324615,1,1,3135.64510182735,0.651819945522584,2,-0.110879053243631,5871.46244195884
233,23,98789.8071548298,1,1,3135.64510182735,0.651819945522584,2,-0.110879053243631,5871.46244195884
233,24,100920.721034356,1,1,3135.64510182735,0.651819945522584,2,-0.110879053243631,5871.46244195884
234,1,110935.608823119,1,0,5268.53537593835,0.57702931453241,1,0.280056684793793,0
234,2,114902.03558613,1,0,5268.53537593835,0.57702931453241,1,0.280056684793793,0
234,3,116593.911969318,1,0,5268.53537593835,0.57702931453241,1,0.280056684793793,0
234,4,115279.218661789,1,0,5268.53537593835,0.57702931453241,1,0.280056684793793,0
234,5,113994.543945102,1,0,5268.53537593835,0.57702931453241,1,0.280056684793793,0
234,6,113787.938387944,1,0,5268.53537593835,0.57702931453241,1,0.280056684793793,0
234,7,110684.965244202,1,0,5268.53537593835,0.57702931453241,1,0.280056684793793,0
234,8,106403.23332415,1,0,5268.53537593835,0.57702931453241,1,0.280056684793793,0
234,9,107510.927025023,1,0,5268.53537593835,0.57702931453241,1,0.280056684793793,0
234,10,110673.435157484,1,0,5268.53537593835,0.57702931453241,1,0.280056684793793,0
234,11,112307.803805346,1,0,5268.53537593835,0.57702931453241,1,0.280056684793793,0
234,12,111848.133749404,1,0,5268.53537593835,0.57702931453241,1,0.280056684793793,0
234,13,123179.003254735,1,1,5268.53537593835,0.57702931453241,1,0.280056684793793,6788.326317034
234,14,126756.966675795,1,1,5268.53537593835,0.57702931453241,1,0.280056684793793,6788.326317034
234,15,130229.826127169,1,1,5268.53537593835,0.57702931453241,1,0.280056684793793,6788.326317034
234,16,130861.112421006,1,1,5268.53537593835,0.57702931453241,1,0.280056684793793,6788.326317034
234,17,127010.43148561,1,1,5268.53537593835,0.57702931453241,1,0.280056684793793,6788.326317034
234,18,126837.65194778,1,1,5268.53537593835,0.57702931453241,1,0.280056684793793,6788.326317034
234,19,123866.483322961,1,1,5268.53537593835,0.57702931453241,1,0.280056684793793,6788.326317034
234,20,125961.664258464,1,1,5268.53537593835,0.57702931453241,1,0.280056684793793,6788.326317034
234,21,122061.925783282,1,1,5268.53537593835,0.57702931453241,1,0.280056684793793,6788.326317034
234,22,127743.472685362,1,1,5268.53537593835,0.57702931453241,1,0.280056684793793,6788.326317034
234,23,125154.209412584,1,1,5268.53537593835,0.57702931453241,1,0.280056684793793,6788.326317034
234,24,130310.307133917,1,1,5268.53537593835,0.57702931453241,1,0.280056684793793,6788.326317034
235,1,75441.4192766616,0,0,2428.09276134015,0.770871303381864,5,-0.0292589496354231,0
235,2,79805.8375797352,0,0,2428.09276134015,0.770871303381864,5,-0.0292589496354231,0
235,3,82285.8887648947,0,0,2428.09276134015,0.770871303381864,5,-0.0292589496354231,0
235,4,83292.3967896197,0,0,2428.09276134015,0.770871303381864,5,-0.0292589496354231,0
235,5,79573.3498229102,0,0,2428.09276134015,0.770871303381864,5,-0.0292589496354231,0
235,6,78803.7784594527,0,0,2428.09276134015,0.770871303381864,5,-0.0292589496354231,0
235,7,78479.5922969316,0,0,2428.09276134015,0.770871303381864,5,-0.0292589496354231,0
235,8,75073.4976233071,0,0,2428.09276134015,0.770871303381864,5,-0.0292589496354231,0
235,9,75308.2501494079,0,0,2428.09276134015,0.770871303381864,5,-0.0292589496354231,0
235,10,76273.4137495208,0,0,2428.09276134015,0.770871303381864,5,-0.0292589496354231,0
235,11,79741.6169793468,0,0,2428.09276134015,0.770871303381864,5,-0.0292589496354231,0
235,12,82623.6147226209,0,0,2428.09276134015,0.770871303381864,5,-0.0292589496354231,0
235,13,86783.3370132285,0,1,2428.09276134015,0.770871303381864,5,-0.0292589496354231,0
235,14,86140.8834691403,0,1,2428.09276134015,0.770871303381864,5,-0.0292589496354231,0
235,15,93501.2164050828,0,1,2428.09276134015,0.770871303381864,5,-0.0292589496354231,0
235,16,87985.8077256623,0,1,2428.09276134015,0.770871303381864,5,-0.0292589496354231,0
235,17,85253.2515623816,0,1,2428.09276134015,0.770871303381864,5,-0.0292589496354231,0
235,18,86413.5012112877,0,1,2428.09276134015,0.770871303381864,5,-0.0292589496354231,0
235,19,82926.8900867854,0,1,2428.09276134015,0.770871303381864,5,-0.0292589496354231,0
235,20,86202.5720121096,0,1,2428.09276134015,0.770871303381864,5,-0.0292589496354231,0
235,21,80201.1189579233,0,1,2428.09276134015,0.770871303381864,5,-0.0292589496354231,0
235,22,78054.9097275436,0,1,2428.09276134015,0.770871303381864,5,-0.0292589496354231,0
235,23,87224.2914493951,0,1,2428.09276134015,0.770871303381864,5,-0.0292589496354231,0
235,24,90130.2326837485,0,1,2428.09276134015,0.770871303381864,5,-0.0292589496354231,0
236,1,102095.302331156,1,0,4114.27103046364,0.905240655504167,3,1.22865613860634,0
236,2,101979.041732983,1,0,4114.27103046364,0.905240655504167,3,1.22865613860634,0
236,3,110487.158467603,1,0,4114.27103046364,0.905240655504167,3,1.22865613860634,0
236,4,109167.906554906,1,0,4114.27103046364,0.905240655504167,3,1.22865613860634,0
236,5,105428.035978071,1,0,4114.27103046364,0.905240655504167,3,1.22865613860634,0
236,6,103710.928753089,1,0,4114.27103046364,0.905240655504167,3,1.22865613860634,0
236,7,103280.635168113,1,0,4114.27103046364,0.905240655504167,3,1.22865613860634,0
236,8,101130.856055095,1,0,4114.27103046364,0.905240655504167,3,1.22865613860634,0
236,9,103016.787233947,1,0,4114.27103046364,0.905240655504167,3,1.22865613860634,0
236,10,100669.708121935,1,0,4114.27103046364,0.905240655504167,3,1.22865613860634,0
236,11,108515.94372563,1,0,4114.27103046364,0.905240655504167,3,1.22865613860634,0
236,12,106159.213320309,1,0,4114.27103046364,0.905240655504167,3,1.22865613860634,0
236,13,118276.356656529,1,1,4114.27103046364,0.905240655504167,3,1.22865613860634,6867.61682624015
236,14,121839.608997025,1,1,4114.27103046364,0.905240655504167,3,1.22865613860634,6867.61682624015
236,15,125540.289398184,1,1,4114.27103046364,0.905240655504167,3,1.22865613860634,6867.61682624015
236,16,121560.494985316,1,1,4114.27103046364,0.905240655504167,3,1.22865613860634,6867.61682624015
236,17,123169.745200426,1,1,4114.27103046364,0.905240655504167,3,1.22865613860634,6867.61682624015
236,18,120869.909193844,1,1,4114.27103046364,0.905240655504167,3,1.22865613860634,6867.61682624015
236,19,116286.052547633,1,1,4114.27103046364,0.905240655504167,3,1.22865613860634,6867.61682624015
236,20,116376.618061499,1,1,4114.27103046364,0.905240655504167,3,1.22865613860634,6867.61682624015
236,21,120414.985691149,1,1,4114.27103046364,0.905240655504167,3,1.22865613860634,6867.61682624015
236,22,120583.684676403,1,1,4114.27103046364,0.905240655504167,3,1.22865613860634,6867.61682624015
236,23,123640.33852828,1,1,4114.27103046364,0.905240655504167,3,1.22865613860634,6867.61682624015
236,24,125558.275377496,1,1,4114.27103046364,0.905240655504167,3,1.22865613860634,6867.61682624015
237,1,88211.8823443655,1,0,2453.33021389856,0.724185504799243,1,-0.0964632030827579,0
237,2,90083.8584487647,1,0,2453.33021389856,0.724185504799243,1,-0.0964632030827579,0
237,3,87296.0966866984,1,0,2453.33021389856,0.724185504799243,1,-0.0964632030827579,0
237,4,91571.3135361706,1,0,2453.33021389856,0.724185504799243,1,-0.0964632030827579,0
237,5,84649.4812973875,1,0,2453.33021389856,0.724185504799243,1,-0.0964632030827579,0
237,6,85571.8184739037,1,0,2453.33021389856,0.724185504799243,1,-0.0964632030827579,0
237,7,83704.9302107825,1,0,2453.33021389856,0.724185504799243,1,-0.0964632030827579,0
237,8,86354.5437491005,1,0,2453.33021389856,0.724185504799243,1,-0.0964632030827579,0
237,9,83012.2015343806,1,0,2453.33021389856,0.724185504799243,1,-0.0964632030827579,0
237,10,82698.1160074205,1,0,2453.33021389856,0.724185504799243,1,-0.0964632030827579,0
237,11,84192.322939847,1,0,2453.33021389856,0.724185504799243,1,-0.0964632030827579,0
237,12,85842.3497336298,1,0,2453.33021389856,0.724185504799243,1,-0.0964632030827579,0
237,13,98013.3551328523,1,1,2453.33021389856,0.724185504799243,1,-0.0964632030827579,5675.03611654777
237,14,99972.8113534402,1,1,2453.33021389856,0.724185504799243,1,-0.0964632030827579,5675.03611654777
237,15,102191.466864105,1,1,2453.33021389856,0.724185504799243,1,-0.0964632030827579,5675.03611654777
237,16,100436.07552138,1,1,2453.33021389856,0.724185504799243,1,-0.0964632030827579,5675.03611654777
237,17,95656.4136554717,1,1,2453.33021389856,0.724185504799243,1,-0.0964632030827579,5675.03611654777
237,18,96466.6887927845,1,1,2453.33021389856,0.724185504799243,1,-0.0964632030827579,5675.03611654777
237,19,91416.6762042772,1,1,2453.33021389856,0.724185504799243,1,-0.0964632030827579,5675.03611654777
237,20,94245.9518271613,1,1,2453.33021389856,0.724185504799243,1,-0.0964632030827579,5675.03611654777
237,21,93600.8633460711,1,1,2453.33021389856,0.724185504799243,1,-0.0964632030827579,5675.03611654777
237,22,95123.3633439446,1,1,2453.33021389856,0.724185504799243,1,-0.0964632030827579,5675.03611654777
237,23,94734.0323289298,1,1,2453.33021389856,0.724185504799243,1,-0.0964632030827579,5675.03611654777
237,24,100773.744066348,1,1,2453.33021389856,0.724185504799243,1,-0.0964632030827579,5675.03611654777
238,1,88652.5540516092,1,0,2813.42653161817,0.739595327631105,2,-0.238730455006896,0
238,2,91462.1899274737,1,0,2813.42653161817,0.739595327631105,2,-0.238730455006896,0
238,3,89811.7142832039,1,0,2813.42653161817,0.739595327631105,2,-0.238730455006896,0
238,4,95452.7325605308,1,0,2813.42653161817,0.739595327631105,2,-0.238730455006896,0
238,5,92099.2534911957,1,0,2813.42653161817,0.739595327631105,2,-0.238730455006896,0
238,6,88652.25585701,1,0,2813.42653161817,0.739595327631105,2,-0.238730455006896,0
238,7,84501.8827833933,1,0,2813.42653161817,0.739595327631105,2,-0.238730455006896,0
238,8,83985.015731316,1,0,2813.42653161817,0.739595327631105,2,-0.238730455006896,0
238,9,85731.0030208191,1,0,2813.42653161817,0.739595327631105,2,-0.238730455006896,0
238,10,84797.4811201681,1,0,2813.42653161817,0.739595327631105,2,-0.238730455006896,0
238,11,82252.9954805435,1,0,2813.42653161817,0.739595327631105,2,-0.238730455006896,0
238,12,92645.9174195019,1,0,2813.42653161817,0.739595327631105,2,-0.238730455006896,0
238,13,95762.1733984808,1,1,2813.42653161817,0.739595327631105,2,-0.238730455006896,5885.90392107129
238,14,100339.753970676,1,1,2813.42653161817,0.739595327631105,2,-0.238730455006896,5885.90392107129
238,15,103875.42956766,1,1,2813.42653161817,0.739595327631105,2,-0.238730455006896,5885.90392107129
238,16,102521.894476628,1,1,2813.42653161817,0.739595327631105,2,-0.238730455006896,5885.90392107129
238,17,100727.074434972,1,1,2813.42653161817,0.739595327631105,2,-0.238730455006896,5885.90392107129
238,18,98843.8945375881,1,1,2813.42653161817,0.739595327631105,2,-0.238730455006896,5885.90392107129
238,19,96019.3160905535,1,1,2813.42653161817,0.739595327631105,2,-0.238730455006896,5885.90392107129
238,20,97411.8778241608,1,1,2813.42653161817,0.739595327631105,2,-0.238730455006896,5885.90392107129
238,21,95933.7822208806,1,1,2813.42653161817,0.739595327631105,2,-0.238730455006896,5885.90392107129
238,22,98644.109514713,1,1,2813.42653161817,0.739595327631105,2,-0.238730455006896,5885.90392107129
238,23,97450.0394097972,1,1,2813.42653161817,0.739595327631105,2,-0.238730455006896,5885.90392107129
238,24,100599.348341761,1,1,2813.42653161817,0.739595327631105,2,-0.238730455006896,5885.90392107129
239,1,82403.6421072092,1,0,2526.64109853376,0.852562435064465,6,-0.0888228044500035,0
239,2,80154.3041836888,1,0,2526.64109853376,0.852562435064465,6,-0.0888228044500035,0
239,3,80813.7212393336,1,0,2526.64109853376,0.852562435064465,6,-0.0888228044500035,0
239,4,79158.6340164453,1,0,2526.64109853376,0.852562435064465,6,-0.0888228044500035,0
239,5,82898.6780739577,1,0,2526.64109853376,0.852562435064465,6,-0.0888228044500035,0
239,6,80654.3424437862,1,0,2526.64109853376,0.852562435064465,6,-0.0888228044500035,0
239,7,78250.3873303863,1,0,2526.64109853376,0.852562435064465,6,-0.0888228044500035,0
239,8,76518.5540168506,1,0,2526.64109853376,0.852562435064465,6,-0.0888228044500035,0
239,9,76657.8768953132,1,0,2526.64109853376,0.852562435064465,6,-0.0888228044500035,0
239,10,78217.7807000622,1,0,2526.64109853376,0.852562435064465,6,-0.0888228044500035,0
239,11,79183.1174750435,1,0,2526.64109853376,0.852562435064465,6,-0.0888228044500035,0
239,12,81467.5174480738,1,0,2526.64109853376,0.852562435064465,6,-0.0888228044500035,0
239,13,94873.7344101266,1,1,2526.64109853376,0.852562435064465,6,-0.0888228044500035,5968.44541939581
239,14,94039.1660333552,1,1,2526.64109853376,0.852562435064465,6,-0.0888228044500035,5968.44541939581
239,15,92651.4143853399,1,1,2526.64109853376,0.852562435064465,6,-0.0888228044500035,5968.44541939581
239,16,91943.7746766281,1,1,2526.64109853376,0.852562435064465,6,-0.0888228044500035,5968.44541939581
239,17,90813.2110036128,1,1,2526.64109853376,0.852562435064465,6,-0.0888228044500035,5968.44541939581
239,18,90180.5887496842,1,1,2526.64109853376,0.852562435064465,6,-0.0888228044500035,5968.44541939581
239,19,90566.3345106667,1,1,2526.64109853376,0.852562435064465,6,-0.0888228044500035,5968.44541939581
239,20,84960.1795845971,1,1,2526.64109853376,0.852562435064465,6,-0.0888228044500035,5968.44541939581
239,21,87839.5854901212,1,1,2526.64109853376,0.852562435064465,6,-0.0888228044500035,5968.44541939581
239,22,89569.0991488637,1,1,2526.64109853376,0.852562435064465,6,-0.0888228044500035,5968.44541939581
239,23,91003.5573934956,1,1,2526.64109853376,0.852562435064465,6,-0.0888228044500035,5968.44541939581
239,24,91639.2542156923,1,1,2526.64109853376,0.852562435064465,6,-0.0888228044500035,5968.44541939581
240,1,73730.2210671063,1,0,2634.31843653623,0.686617705819663,7,-0.22320529847417,0
240,2,78444.259910318,1,0,2634.31843653623,0.686617705819663,7,-0.22320529847417,0
240,3,77419.5025645912,1,0,2634.31843653623,0.686617705819663,7,-0.22320529847417,0
240,4,79382.0046697633,1,0,2634.31843653623,0.686617705819663,7,-0.22320529847417,0
240,5,77048.7752023104,1,0,2634.31843653623,0.686617705819663,7,-0.22320529847417,0
240,6,77281.9508282309,1,0,2634.31843653623,0.686617705819663,7,-0.22320529847417,0
240,7,72724.7928543714,1,0,2634.31843653623,0.686617705819663,7,-0.22320529847417,0
240,8,69797.5266042907,1,0,2634.31843653623,0.686617705819663,7,-0.22320529847417,0
240,9,71449.5989461938,1,0,2634.31843653623,0.686617705819663,7,-0.22320529847417,0
240,10,70914.2240938406,1,0,2634.31843653623,0.686617705819663,7,-0.22320529847417,0
240,11,78646.9143624356,1,0,2634.31843653623,0.686617705819663,7,-0.22320529847417,0
240,12,78911.9881502505,1,0,2634.31843653623,0.686617705819663,7,-0.22320529847417,0
240,13,86133.5182890285,1,1,2634.31843653623,0.686617705819663,7,-0.22320529847417,5690.39462990744
240,14,88713.2402443907,1,1,2634.31843653623,0.686617705819663,7,-0.22320529847417,5690.39462990744
240,15,93451.5979453477,1,1,2634.31843653623,0.686617705819663,7,-0.22320529847417,5690.39462990744
240,16,92037.5913567889,1,1,2634.31843653623,0.686617705819663,7,-0.22320529847417,5690.39462990744
240,17,85107.400488461,1,1,2634.31843653623,0.686617705819663,7,-0.22320529847417,5690.39462990744
240,18,84570.4862241396,1,1,2634.31843653623,0.686617705819663,7,-0.22320529847417,5690.39462990744
240,19,84366.9876528812,1,1,2634.31843653623,0.686617705819663,7,-0.22320529847417,5690.39462990744
240,20,82988.2479460169,1,1,2634.31843653623,0.686617705819663,7,-0.22320529847417,5690.39462990744
240,21,81488.8040638844,1,1,2634.31843653623,0.686617705819663,7,-0.22320529847417,5690.39462990744
240,22,82771.8605472242,1,1,2634.31843653623,0.686617705819663,7,-0.22320529847417,5690.39462990744
240,23,85211.2743538479,1,1,2634.31843653623,0.686617705819663,7,-0.22320529847417,5690.39462990744
240,24,89354.6567584497,1,1,2634.31843653623,0.686617705819663,7,-0.22320529847417,5690.39462990744
241,1,86953.3907022236,0,0,3396.80167850348,0.619260679755826,3,-0.540004045585926,0
241,2,93629.6970164276,0,0,3396.80167850348,0.619260679755826,3,-0.540004045585926,0
241,3,93978.8621202883,0,0,3396.80167850348,0.619260679755826,3,-0.540004045585926,0
241,4,96557.1740197353,0,0,3396.80167850348,0.619260679755826,3,-0.540004045585926,0
241,5,95707.7885065999,0,0,3396.80167850348,0.619260679755826,3,-0.540004045585926,0
241,6,90022.1111644736,0,0,3396.80167850348,0.619260679755826,3,-0.540004045585926,0
241,7,87861.6559393025,0,0,3396.80167850348,0.619260679755826,3,-0.540004045585926,0
241,8,86702.4041727385,0,0,3396.80167850348,0.619260679755826,3,-0.540004045585926,0
241,9,86252.5694677839,0,0,3396.80167850348,0.619260679755826,3,-0.540004045585926,0
241,10,86749.0176592479,0,0,3396.80167850348,0.619260679755826,3,-0.540004045585926,0
241,11,90026.9113741002,0,0,3396.80167850348,0.619260679755826,3,-0.540004045585926,0
241,12,91422.5679840629,0,0,3396.80167850348,0.619260679755826,3,-0.540004045585926,0
241,13,97423.6418694651,0,1,3396.80167850348,0.619260679755826,3,-0.540004045585926,0
241,14,96377.5091986702,0,1,3396.80167850348,0.619260679755826,3,-0.540004045585926,0
241,15,93219.5800107427,0,1,3396.80167850348,0.619260679755826,3,-0.540004045585926,0
241,16,97513.5448490342,0,1,3396.80167850348,0.619260679755826,3,-0.540004045585926,0
241,17,97169.8398168634,0,1,3396.80167850348,0.619260679755826,3,-0.540004045585926,0
241,18,89116.2259140577,0,1,3396.80167850348,0.619260679755826,3,-0.540004045585926,0
241,19,89507.0256307013,0,1,3396.80167850348,0.619260679755826,3,-0.540004045585926,0
241,20,90714.0455872508,0,1,3396.80167850348,0.619260679755826,3,-0.540004045585926,0
241,21,86679.4327188655,0,1,3396.80167850348,0.619260679755826,3,-0.540004045585926,0
241,22,91009.4935068368,0,1,3396.80167850348,0.619260679755826,3,-0.540004045585926,0
241,23,89005.1148004643,0,1,3396.80167850348,0.619260679755826,3,-0.540004045585926,0
241,24,98925.9150061239,0,1,3396.80167850348,0.619260679755826,3,-0.540004045585926,0
242,1,81860.290102474,0,0,2338.71511573617,0.51804119811859,1,-1.03690270436042,0
242,2,86316.7242529295,0,0,2338.71511573617,0.51804119811859,1,-1.03690270436042,0
242,3,88426.3054399162,0,0,2338.71511573617,0.51804119811859,1,-1.03690270436042,0
242,4,82989.902118991,0,0,2338.71511573617,0.51804119811859,1,-1.03690270436042,0
242,5,83022.0325876999,0,0,2338.71511573617,0.51804119811859,1,-1.03690270436042,0
242,6,84117.9292253637,0,0,2338.71511573617,0.51804119811859,1,-1.03690270436042,0
242,7,75776.3450769431,0,0,2338.71511573617,0.51804119811859,1,-1.03690270436042,0
242,8,76438.271485482,0,0,2338.71511573617,0.51804119811859,1,-1.03690270436042,0
242,9,76307.3543678043,0,0,2338.71511573617,0.51804119811859,1,-1.03690270436042,0
242,10,76891.4917675726,0,0,2338.71511573617,0.51804119811859,1,-1.03690270436042,0
242,11,80295.9301005336,0,0,2338.71511573617,0.51804119811859,1,-1.03690270436042,0
242,12,82038.4572705061,0,0,2338.71511573617,0.51804119811859,1,-1.03690270436042,0
242,13,87055.565774463,0,1,2338.71511573617,0.51804119811859,1,-1.03690270436042,0
242,14,85600.3455057555,0,1,2338.71511573617,0.51804119811859,1,-1.03690270436042,0
242,15,90720.1787336457,0,1,2338.71511573617,0.51804119811859,1,-1.03690270436042,0
242,16,89920.6586290788,0,1,2338.71511573617,0.51804119811859,1,-1.03690270436042,0
242,17,86923.8181864056,0,1,2338.71511573617,0.51804119811859,1,-1.03690270436042,0
242,18,79215.9715620814,0,1,2338.71511573617,0.51804119811859,1,-1.03690270436042,0
242,19,81049.8954989299,0,1,2338.71511573617,0.51804119811859,1,-1.03690270436042,0
242,20,80592.0038991991,0,1,2338.71511573617,0.51804119811859,1,-1.03690270436042,0
242,21,79426.5574021673,0,1,2338.71511573617,0.51804119811859,1,-1.03690270436042,0
242,22,80223.1946910364,0,1,2338.71511573617,0.51804119811859,1,-1.03690270436042,0
242,23,78583.0883320287,0,1,2338.71511573617,0.51804119811859,1,-1.03690270436042,0
242,24,83532.209506342,0,1,2338.71511573617,0.51804119811859,1,-1.03690270436042,0
243,1,91014.7773241581,1,0,3284.88377125823,0.940428911172785,3,0.647321632063743,0
243,2,95242.3458482829,1,0,3284.88377125823,0.940428911172785,3,0.647321632063743,0
243,3,100456.616635337,1,0,3284.88377125823,0.940428911172785,3,0.647321632063743,0
243,4,98886.3643184271,1,0,3284.88377125823,0.940428911172785,3,0.647321632063743,0
243,5,100784.072922629,1,0,3284.88377125823,0.940428911172785,3,0.647321632063743,0
243,6,99007.4808931867,1,0,3284.88377125823,0.940428911172785,3,0.647321632063743,0
243,7,89019.1986263425,1,0,3284.88377125823,0.940428911172785,3,0.647321632063743,0
243,8,95787.9259714227,1,0,3284.88377125823,0.940428911172785,3,0.647321632063743,0
243,9,91821.4361231121,1,0,3284.88377125823,0.940428911172785,3,0.647321632063743,0
243,10,95138.132034782,1,0,3284.88377125823,0.940428911172785,3,0.647321632063743,0
243,11,99445.3961639862,1,0,3284.88377125823,0.940428911172785,3,0.647321632063743,0
243,12,97389.1982063691,1,0,3284.88377125823,0.940428911172785,3,0.647321632063743,0
243,13,111663.64424902,1,1,3284.88377125823,0.940428911172785,3,0.647321632063743,6523.29970797469
243,14,108511.537801354,1,1,3284.88377125823,0.940428911172785,3,0.647321632063743,6523.29970797469
243,15,113512.873725868,1,1,3284.88377125823,0.940428911172785,3,0.647321632063743,6523.29970797469
243,16,111204.468005529,1,1,3284.88377125823,0.940428911172785,3,0.647321632063743,6523.29970797469
243,17,109055.339472151,1,1,3284.88377125823,0.940428911172785,3,0.647321632063743,6523.29970797469
243,18,105882.681384308,1,1,3284.88377125823,0.940428911172785,3,0.647321632063743,6523.29970797469
243,19,106398.271665351,1,1,3284.88377125823,0.940428911172785,3,0.647321632063743,6523.29970797469
243,20,110599.012349147,1,1,3284.88377125823,0.940428911172785,3,0.647321632063743,6523.29970797469
243,21,106962.080303437,1,1,3284.88377125823,0.940428911172785,3,0.647321632063743,6523.29970797469
243,22,108064.82574871,1,1,3284.88377125823,0.940428911172785,3,0.647321632063743,6523.29970797469
243,23,109082.525325287,1,1,3284.88377125823,0.940428911172785,3,0.647321632063743,6523.29970797469
243,24,110788.770891658,1,1,3284.88377125823,0.940428911172785,3,0.647321632063743,6523.29970797469
244,1,70389.4381807523,1,0,2329.73379068794,0.711305466806516,6,-0.408012394140201,0
244,2,76604.119125793,1,0,2329.73379068794,0.711305466806516,6,-0.408012394140201,0
244,3,77807.8950564587,1,0,2329.73379068794,0.711305466806516,6,-0.408012394140201,0
244,4,80273.5159787151,1,0,2329.73379068794,0.711305466806516,6,-0.408012394140201,0
244,5,79725.3600936205,1,0,2329.73379068794,0.711305466806516,6,-0.408012394140201,0
244,6,74337.3832749281,1,0,2329.73379068794,0.711305466806516,6,-0.408012394140201,0
244,7,71702.2316229145,1,0,2329.73379068794,0.711305466806516,6,-0.408012394140201,0
244,8,72082.2995091088,1,0,2329.73379068794,0.711305466806516,6,-0.408012394140201,0
244,9,67138.5373724509,1,0,2329.73379068794,0.711305466806516,6,-0.408012394140201,0
244,10,73469.6733620152,1,0,2329.73379068794,0.711305466806516,6,-0.408012394140201,0
244,11,74816.1487561315,1,0,2329.73379068794,0.711305466806516,6,-0.408012394140201,0
244,12,76044.9001271942,1,0,2329.73379068794,0.711305466806516,6,-0.408012394140201,0
244,13,88465.3813274956,1,1,2329.73379068794,0.711305466806516,6,-0.408012394140201,5587.477828957
244,14,88026.891332004,1,1,2329.73379068794,0.711305466806516,6,-0.408012394140201,5587.477828957
244,15,83135.9230838598,1,1,2329.73379068794,0.711305466806516,6,-0.408012394140201,5587.477828957
244,16,85611.8594827471,1,1,2329.73379068794,0.711305466806516,6,-0.408012394140201,5587.477828957
244,17,88889.9972011678,1,1,2329.73379068794,0.711305466806516,6,-0.408012394140201,5587.477828957
244,18,84618.500715119,1,1,2329.73379068794,0.711305466806516,6,-0.408012394140201,5587.477828957
244,19,82004.1216626255,1,1,2329.73379068794,0.711305466806516,6,-0.408012394140201,5587.477828957
244,20,81269.7968880496,1,1,2329.73379068794,0.711305466806516,6,-0.408012394140201,5587.477828957
244,21,80322.9926790506,1,1,2329.73379068794,0.711305466806516,6,-0.408012394140201,5587.477828957
244,22,83333.0283384434,1,1,2329.73379068794,0.711305466806516,6,-0.408012394140201,5587.477828957
244,23,83123.5277208741,1,1,2329.73379068794,0.711305466806516,6,-0.408012394140201,5587.477828957
244,24,89653.717571712,1,1,2329.73379068794,0.711305466806516,6,-0.408012394140201,5587.477828957
245,1,93082.1555073205,0,0,3361.94006107731,0.643976019090042,2,-0.387717503498972,0
245,2,98139.6564870087,0,0,3361.94006107731,0.643976019090042,2,-0.387717503498972,0
245,3,99581.972220338,0,0,3361.94006107731,0.643976019090042,2,-0.387717503498972,0
245,4,95136.8907800158,0,0,3361.94006107731,0.643976019090042,2,-0.387717503498972,0
245,5,91044.2528697221,0,0,3361.94006107731,0.643976019090042,2,-0.387717503498972,0
245,6,93024.9604331443,0,0,3361.94006107731,0.643976019090042,2,-0.387717503498972,0
245,7,89509.0989969954,0,0,3361.94006107731,0.643976019090042,2,-0.387717503498972,0
245,8,89545.1113330309,0,0,3361.94006107731,0.643976019090042,2,-0.387717503498972,0
245,9,88075.6926516094,0,0,3361.94006107731,0.643976019090042,2,-0.387717503498972,0
245,10,87955.9961551752,0,0,3361.94006107731,0.643976019090042,2,-0.387717503498972,0
245,11,92970.4474978184,0,0,3361.94006107731,0.643976019090042,2,-0.387717503498972,0
245,12,94034.2076531123,0,0,3361.94006107731,0.643976019090042,2,-0.387717503498972,0
245,13,95379.2174265023,0,1,3361.94006107731,0.643976019090042,2,-0.387717503498972,0
245,14,97803.228593851,0,1,3361.94006107731,0.643976019090042,2,-0.387717503498972,0
245,15,100948.689641464,0,1,3361.94006107731,0.643976019090042,2,-0.387717503498972,0
245,16,98760.9841258335,0,1,3361.94006107731,0.643976019090042,2,-0.387717503498972,0
245,17,96940.2017027892,0,1,3361.94006107731,0.643976019090042,2,-0.387717503498972,0
245,18,97823.9251761309,0,1,3361.94006107731,0.643976019090042,2,-0.387717503498972,0
245,19,95125.3092017208,0,1,3361.94006107731,0.643976019090042,2,-0.387717503498972,0
245,20,94887.9982577824,0,1,3361.94006107731,0.643976019090042,2,-0.387717503498972,0
245,21,92842.9649298243,0,1,3361.94006107731,0.643976019090042,2,-0.387717503498972,0
245,22,92181.3280292903,0,1,3361.94006107731,0.643976019090042,2,-0.387717503498972,0
245,23,94939.0987864679,0,1,3361.94006107731,0.643976019090042,2,-0.387717503498972,0
245,24,96920.5814841031,0,1,3361.94006107731,0.643976019090042,2,-0.387717503498972,0
246,1,92962.0771741377,0,0,3170.5552991774,0.808782713557594,3,0.65748260911766,0
246,2,93601.0486584745,0,0,3170.5552991774,0.808782713557594,3,0.65748260911766,0
246,3,96756.5947154005,0,0,3170.5552991774,0.808782713557594,3,0.65748260911766,0
246,4,95292.5386096354,0,0,3170.5552991774,0.808782713557594,3,0.65748260911766,0
246,5,93349.3868484535,0,0,3170.5552991774,0.808782713557594,3,0.65748260911766,0
246,6,91360.6066887212,0,0,3170.5552991774,0.808782713557594,3,0.65748260911766,0
246,7,91536.9726714169,0,0,3170.5552991774,0.808782713557594,3,0.65748260911766,0
246,8,90793.6008161077,0,0,3170.5552991774,0.808782713557594,3,0.65748260911766,0
246,9,89087.2234490072,0,0,3170.5552991774,0.808782713557594,3,0.65748260911766,0
246,10,93576.3842059698,0,0,3170.5552991774,0.808782713557594,3,0.65748260911766,0
246,11,92349.6869533148,0,0,3170.5552991774,0.808782713557594,3,0.65748260911766,0
246,12,99430.6313930289,0,0,3170.5552991774,0.808782713557594,3,0.65748260911766,0
246,13,104019.829339347,0,1,3170.5552991774,0.808782713557594,3,0.65748260911766,0
246,14,101316.13836511,0,1,3170.5552991774,0.808782713557594,3,0.65748260911766,0
246,15,106367.854335042,0,1,3170.5552991774,0.808782713557594,3,0.65748260911766,0
246,16,103592.269549047,0,1,3170.5552991774,0.808782713557594,3,0.65748260911766,0
246,17,103053.938638321,0,1,3170.5552991774,0.808782713557594,3,0.65748260911766,0
246,18,98798.6991653265,0,1,3170.5552991774,0.808782713557594,3,0.65748260911766,0
246,19,95012.737662827,0,1,3170.5552991774,0.808782713557594,3,0.65748260911766,0
246,20,96843.3838443667,0,1,3170.5552991774,0.808782713557594,3,0.65748260911766,0
246,21,98145.5815790558,0,1,3170.5552991774,0.808782713557594,3,0.65748260911766,0
246,22,99429.3433187777,0,1,3170.5552991774,0.808782713557594,3,0.65748260911766,0
246,23,99921.3906508265,0,1,3170.5552991774,0.808782713557594,3,0.65748260911766,0
246,24,102217.804725704,0,1,3170.5552991774,0.808782713557594,3,0.65748260911766,0
247,1,82705.6545276217,0,0,2756.77538846725,0.597608714702073,4,-0.0647116770406868,0
247,2,88859.6127828933,0,0,2756.77538846725,0.597608714702073,4,-0.0647116770406868,0
247,3,87070.949436216,0,0,2756.77538846725,0.597608714702073,4,-0.0647116770406868,0
247,4,82201.8305731116,0,0,2756.77538846725,0.597608714702073,4,-0.0647116770406868,0
247,5,85558.3608289335,0,0,2756.77538846725,0.597608714702073,4,-0.0647116770406868,0
247,6,84184.8590797797,0,0,2756.77538846725,0.597608714702073,4,-0.0647116770406868,0
247,7,79450.0459040914,0,0,2756.77538846725,0.597608714702073,4,-0.0647116770406868,0
247,8,75811.1813854694,0,0,2756.77538846725,0.597608714702073,4,-0.0647116770406868,0
247,9,77244.9441616331,0,0,2756.77538846725,0.597608714702073,4,-0.0647116770406868,0
247,10,77002.5749974257,0,0,2756.77538846725,0.597608714702073,4,-0.0647116770406868,0
247,11,79679.5301256889,0,0,2756.77538846725,0.597608714702073,4,-0.0647116770406868,0
247,12,83710.7914447291,0,0,2756.77538846725,0.597608714702073,4,-0.0647116770406868,0
247,13,89579.1725925194,0,1,2756.77538846725,0.597608714702073,4,-0.0647116770406868,0
247,14,84011.835482389,0,1,2756.77538846725,0.597608714702073,4,-0.0647116770406868,0
247,15,89311.4440281605,0,1,2756.77538846725,0.597608714702073,4,-0.0647116770406868,0
247,16,90553.5909084731,0,1,2756.77538846725,0.597608714702073,4,-0.0647116770406868,0
247,17,91118.6135122534,0,1,2756.77538846725,0.597608714702073,4,-0.0647116770406868,0
247,18,86698.5675604281,0,1,2756.77538846725,0.597608714702073,4,-0.0647116770406868,0
247,19,86087.1364846269,0,1,2756.77538846725,0.597608714702073,4,-0.0647116770406868,0
247,20,84696.5882471072,0,1,2756.77538846725,0.597608714702073,4,-0.0647116770406868,0
247,21,81667.7373778223,0,1,2756.77538846725,0.597608714702073,4,-0.0647116770406868,0
247,22,87794.1668136686,0,1,2756.77538846725,0.597608714702073,4,-0.0647116770406868,0
247,23,89509.5078919696,0,1,2756.77538846725,0.597608714702073,4,-0.0647116770406868,0
247,24,91817.8055305258,0,1,2756.77538846725,0.597608714702073,4,-0.0647116770406868,0
248,1,91341.5522702166,1,0,2965.38865536723,0.515843979432248,1,-0.698809944816389,0
248,2,87989.153052978,1,0,2965.38865536723,0.515843979432248,1,-0.698809944816389,0
248,3,91145.3371511313,1,0,2965.38865536723,0.515843979432248,1,-0.698809944816389,0
248,4,89061.6094744396,1,0,2965.38865536723,0.515843979432248,1,-0.698809944816389,0
248,5,88538.7596782065,1,0,2965.38865536723,0.515843979432248,1,-0.698809944816389,0
248,6,87543.8945258766,1,0,2965.38865536723,0.515843979432248,1,-0.698809944816389,0
248,7,85230.5173012283,1,0,2965.38865536723,0.515843979432248,1,-0.698809944816389,0
248,8,84708.9012767033,1,0,2965.38865536723,0.515843979432248,1,-0.698809944816389,0
248,9,82186.2950101406,1,0,2965.38865536723,0.515843979432248,1,-0.698809944816389,0
248,10,85176.3258781488,1,0,2965.38865536723,0.515843979432248,1,-0.698809944816389,0
248,11,86585.4209138197,1,0,2965.38865536723,0.515843979432248,1,-0.698809944816389,0
248,12,90124.6192262683,1,0,2965.38865536723,0.515843979432248,1,-0.698809944816389,0
248,13,98681.2129094012,1,1,2965.38865536723,0.515843979432248,1,-0.698809944816389,5514.38228654811
248,14,96301.834282957,1,1,2965.38865536723,0.515843979432248,1,-0.698809944816389,5514.38228654811
248,15,101932.28995465,1,1,2965.38865536723,0.515843979432248,1,-0.698809944816389,5514.38228654811
248,16,99781.6627962394,1,1,2965.38865536723,0.515843979432248,1,-0.698809944816389,5514.38228654811
248,17,100401.398781114,1,1,2965.38865536723,0.515843979432248,1,-0.698809944816389,5514.38228654811
248,18,96411.9231825309,1,1,2965.38865536723,0.515843979432248,1,-0.698809944816389,5514.38228654811
248,19,91849.3162014348,1,1,2965.38865536723,0.515843979432248,1,-0.698809944816389,5514.38228654811
248,20,97485.6090237375,1,1,2965.38865536723,0.515843979432248,1,-0.698809944816389,5514.38228654811
248,21,96406.9403589042,1,1,2965.38865536723,0.515843979432248,1,-0.698809944816389,5514.38228654811
248,22,93585.3613779391,1,1,2965.38865536723,0.515843979432248,1,-0.698809944816389,5514.38228654811
248,23,94143.2604807522,1,1,2965.38865536723,0.515843979432248,1,-0.698809944816389,5514.38228654811
248,24,97754.8060230397,1,1,2965.38865536723,0.515843979432248,1,-0.698809944816389,5514.38228654811
249,1,105767.778957557,1,0,4480.1387331051,0.652232978364918,1,0.0146361186334077,0
249,2,108188.259690107,1,0,4480.1387331051,0.652232978364918,1,0.0146361186334077,0
249,3,109463.604131272,1,0,4480.1387331051,0.652232978364918,1,0.0146361186334077,0
249,4,109895.973045889,1,0,4480.1387331051,0.652232978364918,1,0.0146361186334077,0
249,5,111532.442268572,1,0,4480.1387331051,0.652232978364918,1,0.0146361186334077,0
249,6,107060.458793721,1,0,4480.1387331051,0.652232978364918,1,0.0146361186334077,0
249,7,102284.295936377,1,0,4480.1387331051,0.652232978364918,1,0.0146361186334077,0
249,8,105152.316545846,1,0,4480.1387331051,0.652232978364918,1,0.0146361186334077,0
249,9,103522.522993092,1,0,4480.1387331051,0.652232978364918,1,0.0146361186334077,0
249,10,102414.206712178,1,0,4480.1387331051,0.652232978364918,1,0.0146361186334077,0
249,11,107134.285264667,1,0,4480.1387331051,0.652232978364918,1,0.0146361186334077,0
249,12,107346.592662344,1,0,4480.1387331051,0.652232978364918,1,0.0146361186334077,0
249,13,115732.262926318,1,1,4480.1387331051,0.652232978364918,1,0.0146361186334077,6544.53532328239
249,14,121098.145346139,1,1,4480.1387331051,0.652232978364918,1,0.0146361186334077,6544.53532328239
249,15,123953.164773527,1,1,4480.1387331051,0.652232978364918,1,0.0146361186334077,6544.53532328239
249,16,122991.40560152,1,1,4480.1387331051,0.652232978364918,1,0.0146361186334077,6544.53532328239
249,17,122369.422830748,1,1,4480.1387331051,0.652232978364918,1,0.0146361186334077,6544.53532328239
249,18,116996.330768349,1,1,4480.1387331051,0.652232978364918,1,0.0146361186334077,6544.53532328239
249,19,116542.262147435,1,1,4480.1387331051,0.652232978364918,1,0.0146361186334077,6544.53532328239
249,20,114645.989576158,1,1,4480.1387331051,0.652232978364918,1,0.0146361186334077,6544.53532328239
249,21,113499.056091452,1,1,4480.1387331051,0.652232978364918,1,0.0146361186334077,6544.53532328239
249,22,115443.329614229,1,1,4480.1387331051,0.652232978364918,1,0.0146361186334077,6544.53532328239
249,23,115468.575491055,1,1,4480.1387331051,0.652232978364918,1,0.0146361186334077,6544.53532328239
249,24,119310.544884277,1,1,4480.1387331051,0.652232978364918,1,0.0146361186334077,6544.53532328239
250,1,100560.546479943,0,0,3864.64344823051,0.910442656662781,3,0.895581047870728,0
250,2,101268.36404946,0,0,3864.64344823051,0.910442656662781,3,0.895581047870728,0
250,3,105139.197750291,0,0,3864.64344823051,0.910442656662781,3,0.895581047870728,0
250,4,102613.365246884,0,0,3864.64344823051,0.910442656662781,3,0.895581047870728,0
250,5,103557.146213043,0,0,3864.64344823051,0.910442656662781,3,0.895581047870728,0
250,6,97899.0644423818,0,0,3864.64344823051,0.910442656662781,3,0.895581047870728,0
250,7,99279.1096866996,0,0,3864.64344823051,0.910442656662781,3,0.895581047870728,0
250,8,100061.307410617,0,0,3864.64344823051,0.910442656662781,3,0.895581047870728,0
250,9,96412.5321990021,0,0,3864.64344823051,0.910442656662781,3,0.895581047870728,0
250,10,102872.861017472,0,0,3864.64344823051,0.910442656662781,3,0.895581047870728,0
250,11,102867.73991958,0,0,3864.64344823051,0.910442656662781,3,0.895581047870728,0
250,12,106811.758881823,0,0,3864.64344823051,0.910442656662781,3,0.895581047870728,0
250,13,112069.76442777,0,1,3864.64344823051,0.910442656662781,3,0.895581047870728,0
250,14,110125.303657641,0,1,3864.64344823051,0.910442656662781,3,0.895581047870728,0
250,15,112887.214874617,0,1,3864.64344823051,0.910442656662781,3,0.895581047870728,0
250,16,116978.802132666,0,1,3864.64344823051,0.910442656662781,3,0.895581047870728,0
250,17,110394.113425364,0,1,3864.64344823051,0.910442656662781,3,0.895581047870728,0
250,18,108468.531052897,0,1,3864.64344823051,0.910442656662781,3,0.895581047870728,0
250,19,104770.459140237,0,1,3864.64344823051,0.910442656662781,3,0.895581047870728,0
250,20,107251.046737063,0,1,3864.64344823051,0.910442656662781,3,0.895581047870728,0
250,21,108387.115139344,0,1,3864.64344823051,0.910442656662781,3,0.895581047870728,0
250,22,107797.989332565,0,1,3864.64344823051,0.910442656662781,3,0.895581047870728,0
250,23,112221.667352127,0,1,3864.64344823051,0.910442656662781,3,0.895581047870728,0
250,24,114640.265376035,0,1,3864.64344823051,0.910442656662781,3,0.895581047870728,0
